time_s,drag_force_negative,drag_force_magnitude
0.0,-1.708336,1.708336
0.01,-1.294795,1.294795
0.02,-1.220838,1.220838
0.03,-1.268389,1.268389
0.04,-1.363167,1.363167
0.05,-1.426988,1.426988
0.06,-1.46262,1.46262
0.07,-1.486386,1.486386
0.08,-1.500208,1.500208
0.09,-1.509353,1.509353
0.1,-1.51694,1.51694
0.11,-1.524087,1.524087
0.12,-1.530972,1.530972
0.13,-1.537662,1.537662
0.14,-1.544311,1.544311
0.15,-1.550771,1.550771
0.16,-1.557019,1.557019
0.17,-1.563058,1.563058
0.18,-1.568322,1.568322
0.19,-1.574167,1.574167
0.2,-1.579962,1.579962
0.21,-1.585008,1.585008
0.22,-1.590035,1.590035
0.23,-1.594785,1.594785
0.24,-1.599273,1.599273
0.25,-1.603462,1.603462
0.26,-1.607747,1.607747
0.27,-1.611802,1.611802
0.28,-1.615875,1.615875
0.29,-1.620115,1.620115
0.3,-1.624708,1.624708
0.31,-1.629332,1.629332
0.32,-1.634018,1.634018
0.33,-1.638828,1.638828
0.34,-1.643957,1.643957
0.35,-1.649076,1.649076
0.36,-1.654699,1.654699
0.37,-1.660658,1.660658
0.38,-1.666901,1.666901
0.39,-1.673669,1.673669
0.4,-1.681007,1.681007
0.41,-1.68841,1.68841
0.42,-1.696036,1.696036
0.43,-1.703678,1.703678
0.44,-1.711201,1.711201
0.45,-1.718642,1.718642
0.46,-1.725998,1.725998
0.47,-1.733355,1.733355
0.48,-1.740734,1.740734
0.49,-1.748,1.748
0.5,-1.755133,1.755133
0.51,-1.762153,1.762153
0.52,-1.768975,1.768975
0.53,-1.775636,1.775636
0.54,-1.782152,1.782152
0.55,-1.788412,1.788412
0.56,-1.79441,1.79441
0.57,-1.800202,1.800202
0.58,-1.805724,1.805724
0.59,-1.810998,1.810998
0.6,-1.816012,1.816012
0.61,-1.820758,1.820758
0.62,-1.825204,1.825204
0.63,-1.829387,1.829387
0.64,-1.833525,1.833525
0.65,-1.837177,1.837177
0.66,-1.840518,1.840518
0.67,-1.843488,1.843488
0.68,-1.84611,1.84611
0.69,-1.848383,1.848383
0.7,-1.850368,1.850368
0.71,-1.852329,1.852329
0.72,-1.853631,1.853631
0.73,-1.854656,1.854656
0.74,-1.855204,1.855204
0.75,-1.855314,1.855314
0.76,-1.855219,1.855219
0.77,-1.854691,1.854691
0.78,-1.853959,1.853959
0.79,-1.852931,1.852931
0.8,-1.851965,1.851965
0.81,-1.8506,1.8506
0.82,-1.849058,1.849058
0.83,-1.847248,1.847248
0.84,-1.845093,1.845093
0.85,-1.842672,1.842672
0.86,-1.840117,1.840117
0.87,-1.837413,1.837413
0.88,-1.83458,1.83458
0.89,-1.831659,1.831659
0.9,-1.828679,1.828679
0.91,-1.825724,1.825724
0.92,-1.822695,1.822695
0.93,-1.819559,1.819559
0.94,-1.816371,1.816371
0.95,-1.813101,1.813101
0.96,-1.80985,1.80985
0.97,-1.806604,1.806604
0.98,-1.803399,1.803399
0.99,-1.800284,1.800284
1.0,-1.797217,1.797217
1.01,-1.794204,1.794204
1.02,-1.791303,1.791303
1.03,-1.788564,1.788564
1.04,-1.785939,1.785939
1.05,-1.78341,1.78341
1.06,-1.781012,1.781012
1.07,-1.778769,1.778769
1.08,-1.776715,1.776715
1.09,-1.774734,1.774734
1.1,-1.772875,1.772875
1.11,-1.771088,1.771088
1.12,-1.769452,1.769452
1.13,-1.767948,1.767948
1.14,-1.766612,1.766612
1.15,-1.765416,1.765416
1.16,-1.764334,1.764334
1.17,-1.763284,1.763284
1.18,-1.762284,1.762284
1.19,-1.761376,1.761376
1.2,-1.760587,1.760587
1.21,-1.759906,1.759906
1.22,-1.759353,1.759353
1.23,-1.758943,1.758943
1.24,-1.758662,1.758662
1.25,-1.758386,1.758386
1.26,-1.75814,1.75814
1.27,-1.757943,1.757943
1.28,-1.757772,1.757772
1.29,-1.757557,1.757557
1.3,-1.757364,1.757364
1.31,-1.757176,1.757176
1.32,-1.757088,1.757088
1.33,-1.757041,1.757041
1.34,-1.757013,1.757013
1.35,-1.757019,1.757019
1.36,-1.757039,1.757039
1.37,-1.757066,1.757066
1.38,-1.75716,1.75716
1.39,-1.757218,1.757218
1.4,-1.757243,1.757243
1.41,-1.757252,1.757252
1.42,-1.757254,1.757254
1.43,-1.757239,1.757239
1.44,-1.75723,1.75723
1.45,-1.757209,1.757209
1.46,-1.757171,1.757171
1.47,-1.757147,1.757147
1.48,-1.757141,1.757141
1.49,-1.75719,1.75719
1.5,-1.757285,1.757285
1.51,-1.757375,1.757375
1.52,-1.757419,1.757419
1.53,-1.757419,1.757419
1.54,-1.757428,1.757428
1.55,-1.757374,1.757374
1.56,-1.757344,1.757344
1.57,-1.757308,1.757308
1.58,-1.757313,1.757313
1.59,-1.757315,1.757315
1.6,-1.757317,1.757317
1.61,-1.757344,1.757344
1.62,-1.75744,1.75744
1.63,-1.757518,1.757518
1.64,-1.757579,1.757579
1.65,-1.757641,1.757641
1.66,-1.757728,1.757728
1.67,-1.75783,1.75783
1.68,-1.757895,1.757895
1.69,-1.75796,1.75796
1.7,-1.757999,1.757999
1.71,-1.758003,1.758003
1.72,-1.758022,1.758022
1.73,-1.757986,1.757986
1.74,-1.757962,1.757962
1.75,-1.757958,1.757958
1.76,-1.757951,1.757951
1.77,-1.757939,1.757939
1.78,-1.757913,1.757913
1.79,-1.757849,1.757849
1.8,-1.757762,1.757762
1.81,-1.757597,1.757597
1.82,-1.757409,1.757409
1.83,-1.757188,1.757188
1.84,-1.756984,1.756984
1.85,-1.756748,1.756748
1.86,-1.756578,1.756578
1.87,-1.756378,1.756378
1.88,-1.756134,1.756134
1.89,-1.755894,1.755894
1.9,-1.755656,1.755656
1.91,-1.755377,1.755377
1.92,-1.755026,1.755026
1.93,-1.754628,1.754628
1.94,-1.754221,1.754221
1.95,-1.753829,1.753829
1.96,-1.753502,1.753502
1.97,-1.753149,1.753149
1.98,-1.752781,1.752781
1.99,-1.752336,1.752336
2.0,-1.751872,1.751872
2.01,-1.751372,1.751372
2.02,-1.750855,1.750855
2.03,-1.750335,1.750335
2.04,-1.749861,1.749861
2.05,-1.749362,1.749362
2.06,-1.748886,1.748886
2.07,-1.748408,1.748408
2.08,-1.747986,1.747986
2.09,-1.747585,1.747585
2.1,-1.747182,1.747182
2.11,-1.74674,1.74674
2.12,-1.74633,1.74633
2.13,-1.745912,1.745912
2.14,-1.745444,1.745444
2.15,-1.744951,1.744951
2.16,-1.744475,1.744475
2.17,-1.743994,1.743994
2.18,-1.743524,1.743524
2.19,-1.743089,1.743089
2.2,-1.742653,1.742653
2.21,-1.742228,1.742228
2.22,-1.741816,1.741816
2.23,-1.741403,1.741403
2.24,-1.74103,1.74103
2.25,-1.740676,1.740676
2.26,-1.74035,1.74035
2.27,-1.740021,1.740021
2.28,-1.739698,1.739698
2.29,-1.739363,1.739363
2.3,-1.739064,1.739064
2.31,-1.738753,1.738753
2.32,-1.738457,1.738457
2.33,-1.73818,1.73818
2.34,-1.737959,1.737959
2.35,-1.737759,1.737759
2.36,-1.737566,1.737566
2.37,-1.737353,1.737353
2.38,-1.737162,1.737162
2.39,-1.736972,1.736972
2.4,-1.736804,1.736804
2.41,-1.736621,1.736621
2.42,-1.736424,1.736424
2.43,-1.736209,1.736209
2.44,-1.736008,1.736008
2.45,-1.735821,1.735821
2.46,-1.735636,1.735636
2.47,-1.735462,1.735462
2.48,-1.735319,1.735319
2.49,-1.735198,1.735198
2.5,-1.735078,1.735078
2.51,-1.734971,1.734971
2.52,-1.734828,1.734828
2.53,-1.734658,1.734658
2.54,-1.734485,1.734485
2.55,-1.734285,1.734285
2.56,-1.734088,1.734088
2.57,-1.733884,1.733884
2.58,-1.733667,1.733667
2.59,-1.733459,1.733459
2.6,-1.733275,1.733275
2.61,-1.733101,1.733101
2.62,-1.732881,1.732881
2.63,-1.732667,1.732667
2.64,-1.732484,1.732484
2.65,-1.732298,1.732298
2.66,-1.732125,1.732125
2.67,-1.73194,1.73194
2.68,-1.731781,1.731781
2.69,-1.731571,1.731571
2.7,-1.731372,1.731372
2.71,-1.731143,1.731143
2.72,-1.730927,1.730927
2.73,-1.730741,1.730741
2.74,-1.730649,1.730649
2.75,-1.730619,1.730619
2.76,-1.7306,1.7306
2.77,-1.73057,1.73057
2.78,-1.730505,1.730505
2.79,-1.730447,1.730447
2.8,-1.730439,1.730439
2.81,-1.730427,1.730427
2.82,-1.730409,1.730409
2.83,-1.730384,1.730384
2.84,-1.730378,1.730378
2.85,-1.730339,1.730339
2.86,-1.730338,1.730338
2.87,-1.730367,1.730367
2.88,-1.730393,1.730393
2.89,-1.730387,1.730387
2.9,-1.730397,1.730397
2.91,-1.730396,1.730396
2.92,-1.73042,1.73042
2.93,-1.730448,1.730448
2.94,-1.730499,1.730499
2.95,-1.730522,1.730522
2.96,-1.730544,1.730544
2.97,-1.730501,1.730501
2.98,-1.730457,1.730457
2.99,-1.730425,1.730425
3.0,-1.730425,1.730425
3.01,-1.730407,1.730407
3.02,-1.730389,1.730389
3.03,-1.730337,1.730337
3.04,-1.730299,1.730299
3.05,-1.730227,1.730227
3.06,-1.73016,1.73016
3.07,-1.730066,1.730066
3.08,-1.729962,1.729962
3.09,-1.729826,1.729826
3.1,-1.72977,1.72977
3.11,-1.729701,1.729701
3.12,-1.729643,1.729643
3.13,-1.729551,1.729551
3.14,-1.729504,1.729504
3.15,-1.729486,1.729486
3.16,-1.729492,1.729492
3.17,-1.729459,1.729459
3.18,-1.729429,1.729429
3.19,-1.729373,1.729373
3.2,-1.729311,1.729311
3.21,-1.729196,1.729196
3.22,-1.729068,1.729068
3.23,-1.728954,1.728954
3.24,-1.728902,1.728902
3.25,-1.728798,1.728798
3.26,-1.728653,1.728653
3.27,-1.728465,1.728465
3.28,-1.728306,1.728306
3.29,-1.728144,1.728144
3.3,-1.727997,1.727997
3.31,-1.727831,1.727831
3.32,-1.727674,1.727674
3.33,-1.727499,1.727499
3.34,-1.727341,1.727341
3.35,-1.727182,1.727182
3.36,-1.727066,1.727066
3.37,-1.726929,1.726929
3.38,-1.726774,1.726774
3.39,-1.726544,1.726544
3.4,-1.726294,1.726294
3.41,-1.726028,1.726028
3.42,-1.725815,1.725815
3.43,-1.725617,1.725617
3.44,-1.725428,1.725428
3.45,-1.725203,1.725203
3.46,-1.725047,1.725047
3.47,-1.724917,1.724917
3.48,-1.72483,1.72483
3.49,-1.724713,1.724713
3.5,-1.724589,1.724589
3.51,-1.724476,1.724476
3.52,-1.724371,1.724371
3.53,-1.724232,1.724232
3.54,-1.724119,1.724119
3.55,-1.724024,1.724024
3.56,-1.723938,1.723938
3.57,-1.723858,1.723858
3.58,-1.723842,1.723842
3.59,-1.723838,1.723838
3.6,-1.72383,1.72383
3.61,-1.723777,1.723777
3.62,-1.723733,1.723733
3.63,-1.723729,1.723729
3.64,-1.723729,1.723729
3.65,-1.723708,1.723708
3.66,-1.723723,1.723723
3.67,-1.723691,1.723691
3.68,-1.72363,1.72363
3.69,-1.723547,1.723547
3.7,-1.723505,1.723505
3.71,-1.723443,1.723443
3.72,-1.723347,1.723347
3.73,-1.723264,1.723264
3.74,-1.7232,1.7232
3.75,-1.723132,1.723132
3.76,-1.723061,1.723061
3.77,-1.72292,1.72292
3.78,-1.722786,1.722786
3.79,-1.72266,1.72266
3.8,-1.722526,1.722526
3.81,-1.722333,1.722333
3.82,-1.722159,1.722159
3.83,-1.721957,1.721957
3.84,-1.721764,1.721764
3.85,-1.721587,1.721587
3.86,-1.721464,1.721464
3.87,-1.721321,1.721321
3.88,-1.7212,1.7212
3.89,-1.721029,1.721029
3.9,-1.72087,1.72087
3.91,-1.72069,1.72069
3.92,-1.720471,1.720471
3.93,-1.720223,1.720223
3.94,-1.719999,1.719999
3.95,-1.7198,1.7198
3.96,-1.7196,1.7196
3.97,-1.719387,1.719387
3.98,-1.719206,1.719206
3.99,-1.719029,1.719029
4.0,-1.71883,1.71883
4.01,-1.718629,1.718629
4.02,-1.718483,1.718483
4.03,-1.718365,1.718365
4.04,-1.718241,1.718241
4.05,-1.718097,1.718097
4.06,-1.71794,1.71794
4.07,-1.717736,1.717736
4.08,-1.717555,1.717555
4.09,-1.717375,1.717375
4.1,-1.717197,1.717197
4.11,-1.717013,1.717013
4.12,-1.716842,1.716842
4.13,-1.716669,1.716669
4.14,-1.716497,1.716497
4.15,-1.716267,1.716267
4.16,-1.716057,1.716057
4.17,-1.715877,1.715877
4.18,-1.715774,1.715774
4.19,-1.715664,1.715664
4.2,-1.715511,1.715511
4.21,-1.715315,1.715315
4.22,-1.715143,1.715143
4.23,-1.714956,1.714956
4.24,-1.714776,1.714776
4.25,-1.714596,1.714596
4.26,-1.71441,1.71441
4.27,-1.714215,1.714215
4.28,-1.714056,1.714056
4.29,-1.713966,1.713966
4.3,-1.713908,1.713908
4.31,-1.713815,1.713815
4.32,-1.713704,1.713704
4.33,-1.71357,1.71357
4.34,-1.713441,1.713441
4.35,-1.713325,1.713325
4.36,-1.713268,1.713268
4.37,-1.713205,1.713205
4.38,-1.713124,1.713124
4.39,-1.713049,1.713049
4.4,-1.713004,1.713004
4.41,-1.713005,1.713005
4.42,-1.713028,1.713028
4.43,-1.713049,1.713049
4.44,-1.713093,1.713093
4.45,-1.713145,1.713145
4.46,-1.713238,1.713238
4.47,-1.713313,1.713313
4.48,-1.713423,1.713423
4.49,-1.713517,1.713517
4.5,-1.713646,1.713646
4.51,-1.713745,1.713745
4.52,-1.713834,1.713834
4.53,-1.713975,1.713975
4.54,-1.714119,1.714119
4.55,-1.714264,1.714264
4.56,-1.714447,1.714447
4.57,-1.714607,1.714607
4.58,-1.714781,1.714781
4.59,-1.714962,1.714962
4.6,-1.715152,1.715152
4.61,-1.71531,1.71531
4.62,-1.715455,1.715455
4.63,-1.715568,1.715568
4.64,-1.71568,1.71568
4.65,-1.715757,1.715757
4.66,-1.715876,1.715876
4.67,-1.71597,1.71597
4.68,-1.716043,1.716043
4.69,-1.716113,1.716113
4.7,-1.716165,1.716165
4.71,-1.716171,1.716171
4.72,-1.716169,1.716169
4.73,-1.716147,1.716147
4.74,-1.716142,1.716142
4.75,-1.716119,1.716119
4.76,-1.716021,1.716021
4.77,-1.715901,1.715901
4.78,-1.715787,1.715787
4.79,-1.71568,1.71568
4.8,-1.715554,1.715554
4.81,-1.715457,1.715457
4.82,-1.715376,1.715376
4.83,-1.715283,1.715283
4.84,-1.715187,1.715187
4.85,-1.715109,1.715109
4.86,-1.715075,1.715075
4.87,-1.715072,1.715072
4.88,-1.715077,1.715077
4.89,-1.715067,1.715067
4.9,-1.715024,1.715024
4.91,-1.714983,1.714983
4.92,-1.714978,1.714978
4.93,-1.714993,1.714993
4.94,-1.714985,1.714985
4.95,-1.71499,1.71499
4.96,-1.715028,1.715028
4.97,-1.715076,1.715076
4.98,-1.715115,1.715115
4.99,-1.715133,1.715133
5.0,-1.715127,1.715127
5.01,-1.71507,1.71507
5.02,-1.715005,1.715005
5.03,-1.714942,1.714942
5.04,-1.714866,1.714866
5.05,-1.714791,1.714791
5.06,-1.714744,1.714744
5.07,-1.714696,1.714696
5.08,-1.714653,1.714653
5.09,-1.714619,1.714619
5.1,-1.714602,1.714602
5.11,-1.714607,1.714607
5.12,-1.714574,1.714574
5.13,-1.714509,1.714509
5.14,-1.714454,1.714454
5.15,-1.714396,1.714396
5.16,-1.714321,1.714321
5.17,-1.714282,1.714282
5.18,-1.71423,1.71423
5.19,-1.714149,1.714149
5.2,-1.714049,1.714049
5.21,-1.713947,1.713947
5.22,-1.713922,1.713922
5.23,-1.713907,1.713907
5.24,-1.713851,1.713851
5.25,-1.713779,1.713779
5.26,-1.713754,1.713754
5.27,-1.713748,1.713748
5.28,-1.713758,1.713758
5.29,-1.713774,1.713774
5.3,-1.713846,1.713846
5.31,-1.713941,1.713941
5.32,-1.714072,1.714072
5.33,-1.714203,1.714203
5.34,-1.714335,1.714335
5.35,-1.714482,1.714482
5.36,-1.714639,1.714639
5.37,-1.714854,1.714854
5.38,-1.715094,1.715094
5.39,-1.715374,1.715374
5.4,-1.715698,1.715698
5.41,-1.716002,1.716002
5.42,-1.71632,1.71632
5.43,-1.716678,1.716678
5.44,-1.717071,1.717071
5.45,-1.717474,1.717474
5.46,-1.717887,1.717887
5.47,-1.718287,1.718287
5.48,-1.718747,1.718747
5.49,-1.719201,1.719201
5.5,-1.719679,1.719679
5.51,-1.720154,1.720154
5.52,-1.720645,1.720645
5.53,-1.721134,1.721134
5.54,-1.721674,1.721674
5.55,-1.722202,1.722202
5.56,-1.722754,1.722754
5.57,-1.723297,1.723297
5.58,-1.723848,1.723848
5.59,-1.724413,1.724413
5.6,-1.724953,1.724953
5.61,-1.725479,1.725479
5.62,-1.726046,1.726046
5.63,-1.726625,1.726625
5.64,-1.727198,1.727198
5.65,-1.727732,1.727732
5.66,-1.728281,1.728281
5.67,-1.728792,1.728792
5.68,-1.729346,1.729346
5.69,-1.729876,1.729876
5.7,-1.730387,1.730387
5.71,-1.730884,1.730884
5.72,-1.731401,1.731401
5.73,-1.731904,1.731904
5.74,-1.732412,1.732412
5.75,-1.732926,1.732926
5.76,-1.733394,1.733394
5.77,-1.73383,1.73383
5.78,-1.734236,1.734236
5.79,-1.734627,1.734627
5.8,-1.735027,1.735027
5.81,-1.735424,1.735424
5.82,-1.735853,1.735853
5.83,-1.736223,1.736223
5.84,-1.736518,1.736518
5.85,-1.736773,1.736773
5.86,-1.736999,1.736999
5.87,-1.737208,1.737208
5.88,-1.737483,1.737483
5.89,-1.737745,1.737745
5.9,-1.73806,1.73806
5.91,-1.738349,1.738349
5.92,-1.738571,1.738571
5.93,-1.738744,1.738744
5.94,-1.738873,1.738873
5.95,-1.739002,1.739002
5.96,-1.739121,1.739121
5.97,-1.739205,1.739205
5.98,-1.739285,1.739285
5.99,-1.739365,1.739365
6.0,-1.739461,1.739461
6.01,-1.739542,1.739542
6.02,-1.739632,1.739632
6.03,-1.739696,1.739696
6.04,-1.739712,1.739712
6.05,-1.739703,1.739703
6.06,-1.739694,1.739694
6.07,-1.739659,1.739659
6.08,-1.739607,1.739607
6.09,-1.739544,1.739544
6.1,-1.739426,1.739426
6.11,-1.739291,1.739291
6.12,-1.73917,1.73917
6.13,-1.739052,1.739052
6.14,-1.738912,1.738912
6.15,-1.73871,1.73871
6.16,-1.738528,1.738528
6.17,-1.738366,1.738366
6.18,-1.738148,1.738148
6.19,-1.737855,1.737855
6.2,-1.737521,1.737521
6.21,-1.737193,1.737193
6.22,-1.736874,1.736874
6.23,-1.736541,1.736541
6.24,-1.736295,1.736295
6.25,-1.736051,1.736051
6.26,-1.73583,1.73583
6.27,-1.735663,1.735663
6.28,-1.735522,1.735522
6.29,-1.735376,1.735376
6.3,-1.735206,1.735206
6.31,-1.735029,1.735029
6.32,-1.734833,1.734833
6.33,-1.734673,1.734673
6.34,-1.734539,1.734539
6.35,-1.73438,1.73438
6.36,-1.734299,1.734299
6.37,-1.73423,1.73423
6.38,-1.734173,1.734173
6.39,-1.73412,1.73412
6.4,-1.734117,1.734117
6.41,-1.734147,1.734147
6.42,-1.7342,1.7342
6.43,-1.734257,1.734257
6.44,-1.734302,1.734302
6.45,-1.734401,1.734401
6.46,-1.734514,1.734514
6.47,-1.734636,1.734636
6.48,-1.734786,1.734786
6.49,-1.734976,1.734976
6.5,-1.735171,1.735171
6.51,-1.735375,1.735375
6.52,-1.735639,1.735639
6.53,-1.735909,1.735909
6.54,-1.736143,1.736143
6.55,-1.736351,1.736351
6.56,-1.736596,1.736596
6.57,-1.736897,1.736897
6.58,-1.737189,1.737189
6.59,-1.737532,1.737532
6.6,-1.737832,1.737832
6.61,-1.73816,1.73816
6.62,-1.738583,1.738583
6.63,-1.739018,1.739018
6.64,-1.739437,1.739437
6.65,-1.739882,1.739882
6.66,-1.740332,1.740332
6.67,-1.740731,1.740731
6.68,-1.741154,1.741154
6.69,-1.741589,1.741589
6.7,-1.742014,1.742014
6.71,-1.742442,1.742442
6.72,-1.742906,1.742906
6.73,-1.743418,1.743418
6.74,-1.743935,1.743935
6.75,-1.744436,1.744436
6.76,-1.744932,1.744932
6.77,-1.745444,1.745444
6.78,-1.745937,1.745937
6.79,-1.746337,1.746337
6.8,-1.746783,1.746783
6.81,-1.747207,1.747207
6.82,-1.747631,1.747631
6.83,-1.748035,1.748035
6.84,-1.748446,1.748446
6.85,-1.748881,1.748881
6.86,-1.749217,1.749217
6.87,-1.749546,1.749546
6.88,-1.749887,1.749887
6.89,-1.750239,1.750239
6.9,-1.750611,1.750611
6.91,-1.750987,1.750987
6.92,-1.751309,1.751309
6.93,-1.751606,1.751606
6.94,-1.75184,1.75184
6.95,-1.752061,1.752061
6.96,-1.752272,1.752272
6.97,-1.752461,1.752461
6.98,-1.752583,1.752583
6.99,-1.752677,1.752677
7.0,-1.752762,1.752762
7.01,-1.752854,1.752854
7.02,-1.752938,1.752938
7.03,-1.753027,1.753027
7.04,-1.753138,1.753138
7.05,-1.753291,1.753291
7.06,-1.753441,1.753441
7.07,-1.753495,1.753495
7.08,-1.753503,1.753503
7.09,-1.753541,1.753541
7.1,-1.753657,1.753657
7.11,-1.753772,1.753772
7.12,-1.753909,1.753909
7.13,-1.75408,1.75408
7.14,-1.754314,1.754314
7.15,-1.754541,1.754541
7.16,-1.754782,1.754782
7.17,-1.754933,1.754933
7.18,-1.755077,1.755077
7.19,-1.755158,1.755158
7.2,-1.755286,1.755286
7.21,-1.755432,1.755432
7.22,-1.755614,1.755614
7.23,-1.755737,1.755737
7.24,-1.75583,1.75583
7.25,-1.755886,1.755886
7.26,-1.755954,1.755954
7.27,-1.755983,1.755983
7.28,-1.756027,1.756027
7.29,-1.756042,1.756042
7.3,-1.756088,1.756088
7.31,-1.756115,1.756115
7.32,-1.756162,1.756162
7.33,-1.756174,1.756174
7.34,-1.756134,1.756134
7.35,-1.756075,1.756075
7.36,-1.756045,1.756045
7.37,-1.75601,1.75601
7.38,-1.756015,1.756015
7.39,-1.756033,1.756033
7.4,-1.756008,1.756008
7.41,-1.75601,1.75601
7.42,-1.756056,1.756056
7.43,-1.75608,1.75608
7.44,-1.756115,1.756115
7.45,-1.756115,1.756115
7.46,-1.756128,1.756128
7.47,-1.756166,1.756166
7.48,-1.756266,1.756266
7.49,-1.756444,1.756444
7.5,-1.756639,1.756639
7.51,-1.756775,1.756775
7.52,-1.756918,1.756918
7.53,-1.757069,1.757069
7.54,-1.7573,1.7573
7.55,-1.757539,1.757539
7.56,-1.757806,1.757806
7.57,-1.758155,1.758155
7.58,-1.758547,1.758547
7.59,-1.758889,1.758889
7.6,-1.759228,1.759228
7.61,-1.759606,1.759606
7.62,-1.760023,1.760023
7.63,-1.760455,1.760455
7.64,-1.760906,1.760906
7.65,-1.76138,1.76138
7.66,-1.76184,1.76184
7.67,-1.762341,1.762341
7.68,-1.762738,1.762738
7.69,-1.76316,1.76316
7.7,-1.763618,1.763618
7.71,-1.764154,1.764154
7.72,-1.76476,1.76476
7.73,-1.765377,1.765377
7.74,-1.765965,1.765965
7.75,-1.766583,1.766583
7.76,-1.767219,1.767219
7.77,-1.767848,1.767848
7.78,-1.768486,1.768486
7.79,-1.769167,1.769167
7.8,-1.769827,1.769827
7.81,-1.770462,1.770462
7.82,-1.771064,1.771064
7.83,-1.77162,1.77162
7.84,-1.772156,1.772156
7.85,-1.772757,1.772757
7.86,-1.773335,1.773335
7.87,-1.773859,1.773859
7.88,-1.774348,1.774348
7.89,-1.774794,1.774794
7.9,-1.775232,1.775232
7.91,-1.775674,1.775674
7.92,-1.776046,1.776046
7.93,-1.776353,1.776353
7.94,-1.776681,1.776681
7.95,-1.777024,1.777024
7.96,-1.777394,1.777394
7.97,-1.777778,1.777778
7.98,-1.778155,1.778155
7.99,-1.778528,1.778528
8.0,-1.77883,1.77883
8.01,-1.779076,1.779076
8.02,-1.779276,1.779276
8.03,-1.779501,1.779501
8.04,-1.779771,1.779771
8.05,-1.779981,1.779981
8.06,-1.780163,1.780163
8.07,-1.780295,1.780295
8.08,-1.780396,1.780396
8.09,-1.780407,1.780407
8.1,-1.780417,1.780417
8.11,-1.780347,1.780347
8.12,-1.780211,1.780211
8.13,-1.780033,1.780033
8.14,-1.779834,1.779834
8.15,-1.77961,1.77961
8.16,-1.779413,1.779413
8.17,-1.779174,1.779174
8.18,-1.778932,1.778932
8.19,-1.778657,1.778657
8.2,-1.778345,1.778345
8.21,-1.778023,1.778023
8.22,-1.777639,1.777639
8.23,-1.7772,1.7772
8.24,-1.776752,1.776752
8.25,-1.776324,1.776324
8.26,-1.775931,1.775931
8.27,-1.775497,1.775497
8.28,-1.77509,1.77509
8.29,-1.774688,1.774688
8.3,-1.774311,1.774311
8.31,-1.773841,1.773841
8.32,-1.773382,1.773382
8.33,-1.772929,1.772929
8.34,-1.772451,1.772451
8.35,-1.772016,1.772016
8.36,-1.771653,1.771653
8.37,-1.771274,1.771274
8.38,-1.770838,1.770838
8.39,-1.77044,1.77044
8.4,-1.770068,1.770068
8.41,-1.769672,1.769672
8.42,-1.769265,1.769265
8.43,-1.768916,1.768916
8.44,-1.768615,1.768615
8.45,-1.768285,1.768285
8.46,-1.767918,1.767918
8.47,-1.767542,1.767542
8.48,-1.7672,1.7672
8.49,-1.7669,1.7669
8.5,-1.766578,1.766578
8.51,-1.766257,1.766257
8.52,-1.766003,1.766003
8.53,-1.765828,1.765828
8.54,-1.765684,1.765684
8.55,-1.765567,1.765567
8.56,-1.765455,1.765455
8.57,-1.765423,1.765423
8.58,-1.765413,1.765413
8.59,-1.765438,1.765438
8.6,-1.765569,1.765569
8.61,-1.765783,1.765783
8.62,-1.766017,1.766017
8.63,-1.766304,1.766304
8.64,-1.766648,1.766648
8.65,-1.767071,1.767071
8.66,-1.76758,1.76758
8.67,-1.768044,1.768044
8.68,-1.768479,1.768479
8.69,-1.768986,1.768986
8.7,-1.76961,1.76961
8.71,-1.770327,1.770327
8.72,-1.771082,1.771082
8.73,-1.771911,1.771911
8.74,-1.772767,1.772767
8.75,-1.773574,1.773574
8.76,-1.774298,1.774298
8.77,-1.775072,1.775072
8.78,-1.77582,1.77582
8.79,-1.77659,1.77659
8.8,-1.777405,1.777405
8.81,-1.778279,1.778279
8.82,-1.779105,1.779105
8.83,-1.779977,1.779977
8.84,-1.780823,1.780823
8.85,-1.781658,1.781658
8.86,-1.78247,1.78247
8.87,-1.783236,1.783236
8.88,-1.783954,1.783954
8.89,-1.784699,1.784699
8.9,-1.785446,1.785446
8.91,-1.786187,1.786187
8.92,-1.78688,1.78688
8.93,-1.787566,1.787566
8.94,-1.788215,1.788215
8.95,-1.788832,1.788832
8.96,-1.789459,1.789459
8.97,-1.79005,1.79005
8.98,-1.790612,1.790612
8.99,-1.791124,1.791124
9.0,-1.791583,1.791583
9.01,-1.792013,1.792013
9.02,-1.792401,1.792401
9.03,-1.792697,1.792697
9.04,-1.792968,1.792968
9.05,-1.793155,1.793155
9.06,-1.793341,1.793341
9.07,-1.79351,1.79351
9.08,-1.7937,1.7937
9.09,-1.793848,1.793848
9.1,-1.793954,1.793954
9.11,-1.793984,1.793984
9.12,-1.794019,1.794019
9.13,-1.793999,1.793999
9.14,-1.793946,1.793946
9.15,-1.793887,1.793887
9.16,-1.793817,1.793817
9.17,-1.793717,1.793717
9.18,-1.793609,1.793609
9.19,-1.793502,1.793502
9.2,-1.793458,1.793458
9.21,-1.7935,1.7935
9.22,-1.793527,1.793527
9.23,-1.79355,1.79355
9.24,-1.793565,1.793565
9.25,-1.793542,1.793542
9.26,-1.793542,1.793542
9.27,-1.793568,1.793568
9.28,-1.793613,1.793613
9.29,-1.793661,1.793661
9.3,-1.793676,1.793676
9.31,-1.793664,1.793664
9.32,-1.793675,1.793675
9.33,-1.793699,1.793699
9.34,-1.793706,1.793706
9.35,-1.793705,1.793705
9.36,-1.793692,1.793692
9.37,-1.793697,1.793697
9.38,-1.793732,1.793732
9.39,-1.793794,1.793794
9.4,-1.793821,1.793821
9.41,-1.793819,1.793819
9.42,-1.793798,1.793798
9.43,-1.793694,1.793694
9.44,-1.793609,1.793609
9.45,-1.793635,1.793635
9.46,-1.79367,1.79367
9.47,-1.793716,1.793716
9.48,-1.793791,1.793791
9.49,-1.793862,1.793862
9.5,-1.793904,1.793904
9.51,-1.79402,1.79402
9.52,-1.794166,1.794166
9.53,-1.794366,1.794366
9.54,-1.794582,1.794582
9.55,-1.794823,1.794823
9.56,-1.795065,1.795065
9.57,-1.795386,1.795386
9.58,-1.795713,1.795713
9.59,-1.796023,1.796023
9.6,-1.796347,1.796347
9.61,-1.796648,1.796648
9.62,-1.796986,1.796986
9.63,-1.797333,1.797333
9.64,-1.797728,1.797728
9.65,-1.798193,1.798193
9.66,-1.798749,1.798749
9.67,-1.799217,1.799217
9.68,-1.799561,1.799561
9.69,-1.799871,1.799871
9.7,-1.800231,1.800231
9.71,-1.800674,1.800674
9.72,-1.801125,1.801125
9.73,-1.801589,1.801589
9.74,-1.802025,1.802025
9.75,-1.802476,1.802476
9.76,-1.802848,1.802848
9.77,-1.803206,1.803206
9.78,-1.80356,1.80356
9.79,-1.803917,1.803917
9.8,-1.804254,1.804254
9.81,-1.804559,1.804559
9.82,-1.804882,1.804882
9.83,-1.805248,1.805248
9.84,-1.805651,1.805651
9.85,-1.80605,1.80605
9.86,-1.806473,1.806473
9.87,-1.806851,1.806851
9.88,-1.807234,1.807234
9.89,-1.807593,1.807593
9.9,-1.808006,1.808006
9.91,-1.808423,1.808423
9.92,-1.808825,1.808825
9.93,-1.809169,1.809169
9.94,-1.809516,1.809516
9.95,-1.80994,1.80994
9.96,-1.810385,1.810385
9.97,-1.810725,1.810725
9.98,-1.811029,1.811029
9.99,-1.811298,1.811298
10.0,-1.8116,1.8116
10.01,-1.811961,1.811961
10.02,-1.812331,1.812331
10.03,-1.812596,1.812596
10.04,-1.812801,1.812801
10.05,-1.812937,1.812937
10.06,-1.813047,1.813047
10.07,-1.813131,1.813131
10.08,-1.813194,1.813194
10.09,-1.813117,1.813117
10.1,-1.813016,1.813016
10.11,-1.812868,1.812868
10.12,-1.812681,1.812681
10.13,-1.812445,1.812445
10.14,-1.812208,1.812208
10.15,-1.811907,1.811907
10.16,-1.811522,1.811522
10.17,-1.811178,1.811178
10.18,-1.810758,1.810758
10.19,-1.810261,1.810261
10.2,-1.809803,1.809803
10.21,-1.809336,1.809336
10.22,-1.808865,1.808865
10.23,-1.80835,1.80835
10.24,-1.807845,1.807845
10.25,-1.807341,1.807341
10.26,-1.806818,1.806818
10.27,-1.806237,1.806237
10.28,-1.805678,1.805678
10.29,-1.805149,1.805149
10.3,-1.804659,1.804659
10.31,-1.804131,1.804131
10.32,-1.803609,1.803609
10.33,-1.803122,1.803122
10.34,-1.802667,1.802667
10.35,-1.802188,1.802188
10.36,-1.801664,1.801664
10.37,-1.801043,1.801043
10.38,-1.800466,1.800466
10.39,-1.799926,1.799926
10.4,-1.799384,1.799384
10.41,-1.798756,1.798756
10.42,-1.798118,1.798118
10.43,-1.797535,1.797535
10.44,-1.796991,1.796991
10.45,-1.796403,1.796403
10.46,-1.795724,1.795724
10.47,-1.795088,1.795088
10.48,-1.794603,1.794603
10.49,-1.794163,1.794163
10.5,-1.793684,1.793684
10.51,-1.793217,1.793217
10.52,-1.792732,1.792732
10.53,-1.792318,1.792318
10.54,-1.791987,1.791987
10.55,-1.791651,1.791651
10.56,-1.79137,1.79137
10.57,-1.791049,1.791049
10.58,-1.790719,1.790719
10.59,-1.790404,1.790404
10.6,-1.790208,1.790208
10.61,-1.790017,1.790017
10.62,-1.789965,1.789965
10.63,-1.789929,1.789929
10.64,-1.789973,1.789973
10.65,-1.79003,1.79003
10.66,-1.790114,1.790114
10.67,-1.790209,1.790209
10.68,-1.790408,1.790408
10.69,-1.790686,1.790686
10.7,-1.791087,1.791087
10.71,-1.791486,1.791486
10.72,-1.79188,1.79188
10.73,-1.792305,1.792305
10.74,-1.792831,1.792831
10.75,-1.793335,1.793335
10.76,-1.793915,1.793915
10.77,-1.79451,1.79451
10.78,-1.795097,1.795097
10.79,-1.79563,1.79563
10.8,-1.796292,1.796292
10.81,-1.796973,1.796973
10.82,-1.797667,1.797667
10.83,-1.798395,1.798395
10.84,-1.799207,1.799207
10.85,-1.799917,1.799917
10.86,-1.800621,1.800621
10.87,-1.801345,1.801345
10.88,-1.802129,1.802129
10.89,-1.802872,1.802872
10.9,-1.803596,1.803596
10.91,-1.804266,1.804266
10.92,-1.80498,1.80498
10.93,-1.805651,1.805651
10.94,-1.806315,1.806315
10.95,-1.806931,1.806931
10.96,-1.807575,1.807575
10.97,-1.808232,1.808232
10.98,-1.808852,1.808852
10.99,-1.809391,1.809391
11.0,-1.809917,1.809917
11.01,-1.810411,1.810411
11.02,-1.810916,1.810916
11.03,-1.811486,1.811486
11.04,-1.812029,1.812029
11.05,-1.812492,1.812492
11.06,-1.812907,1.812907
11.07,-1.813322,1.813322
11.08,-1.813716,1.813716
11.09,-1.814043,1.814043
11.1,-1.814355,1.814355
11.11,-1.814578,1.814578
11.12,-1.814856,1.814856
11.13,-1.815045,1.815045
11.14,-1.815255,1.815255
11.15,-1.815426,1.815426
11.16,-1.815543,1.815543
11.17,-1.815534,1.815534
11.18,-1.8155,1.8155
11.19,-1.815418,1.815418
11.2,-1.815379,1.815379
11.21,-1.815308,1.815308
11.22,-1.815181,1.815181
11.23,-1.814987,1.814987
11.24,-1.814814,1.814814
11.25,-1.814648,1.814648
11.26,-1.814463,1.814463
11.27,-1.814228,1.814228
11.28,-1.813973,1.813973
11.29,-1.813667,1.813667
11.3,-1.813384,1.813384
11.31,-1.813073,1.813073
11.32,-1.812765,1.812765
11.33,-1.81241,1.81241
11.34,-1.812065,1.812065
11.35,-1.811734,1.811734
11.36,-1.811384,1.811384
11.37,-1.810993,1.810993
11.38,-1.810676,1.810676
11.39,-1.810326,1.810326
11.4,-1.810037,1.810037
11.41,-1.8098,1.8098
11.42,-1.809538,1.809538
11.43,-1.809269,1.809269
11.44,-1.808985,1.808985
11.45,-1.808722,1.808722
11.46,-1.808469,1.808469
11.47,-1.808189,1.808189
11.48,-1.807914,1.807914
11.49,-1.807642,1.807642
11.5,-1.807404,1.807404
11.51,-1.80725,1.80725
11.52,-1.807176,1.807176
11.53,-1.80696,1.80696
11.54,-1.80673,1.80673
11.55,-1.806611,1.806611
11.56,-1.806539,1.806539
11.57,-1.806494,1.806494
11.58,-1.806474,1.806474
11.59,-1.806372,1.806372
11.6,-1.806275,1.806275
11.61,-1.806216,1.806216
11.62,-1.80616,1.80616
11.63,-1.806084,1.806084
11.64,-1.806104,1.806104
11.65,-1.806164,1.806164
11.66,-1.806245,1.806245
11.67,-1.806357,1.806357
11.68,-1.806515,1.806515
11.69,-1.806662,1.806662
11.7,-1.806922,1.806922
11.71,-1.807127,1.807127
11.72,-1.807383,1.807383
11.73,-1.807687,1.807687
11.74,-1.808016,1.808016
11.75,-1.808314,1.808314
11.76,-1.808576,1.808576
11.77,-1.808818,1.808818
11.78,-1.809238,1.809238
11.79,-1.809748,1.809748
11.8,-1.810289,1.810289
11.81,-1.810814,1.810814
11.82,-1.811334,1.811334
11.83,-1.81184,1.81184
11.84,-1.812405,1.812405
11.85,-1.812959,1.812959
11.86,-1.813602,1.813602
11.87,-1.814236,1.814236
11.88,-1.814901,1.814901
11.89,-1.815434,1.815434
11.9,-1.816061,1.816061
11.91,-1.816702,1.816702
11.92,-1.81742,1.81742
11.93,-1.818111,1.818111
11.94,-1.81878,1.81878
11.95,-1.819328,1.819328
11.96,-1.819932,1.819932
11.97,-1.820522,1.820522
11.98,-1.821078,1.821078
11.99,-1.821626,1.821626
12.0,-1.822292,1.822292
12.01,-1.822922,1.822922
12.02,-1.823494,1.823494
12.03,-1.824002,1.824002
12.04,-1.824569,1.824569
12.05,-1.825071,1.825071
12.06,-1.825633,1.825633
12.07,-1.826169,1.826169
12.08,-1.82667,1.82667
12.09,-1.827028,1.827028
12.1,-1.827397,1.827397
12.11,-1.827753,1.827753
12.12,-1.828115,1.828115
12.13,-1.828403,1.828403
12.14,-1.828589,1.828589
12.15,-1.828638,1.828638
12.16,-1.828635,1.828635
12.17,-1.828583,1.828583
12.18,-1.828541,1.828541
12.19,-1.828528,1.828528
12.2,-1.828571,1.828571
12.21,-1.828555,1.828555
12.22,-1.828536,1.828536
12.23,-1.828409,1.828409
12.24,-1.828305,1.828305
12.25,-1.828188,1.828188
12.26,-1.828044,1.828044
12.27,-1.827845,1.827845
12.28,-1.827596,1.827596
12.29,-1.827391,1.827391
12.3,-1.827226,1.827226
12.31,-1.827058,1.827058
12.32,-1.826826,1.826826
12.33,-1.826484,1.826484
12.34,-1.826141,1.826141
12.35,-1.825696,1.825696
12.36,-1.825216,1.825216
12.37,-1.824706,1.824706
12.38,-1.824153,1.824153
12.39,-1.823596,1.823596
12.4,-1.823093,1.823093
12.41,-1.822578,1.822578
12.42,-1.822051,1.822051
12.43,-1.821563,1.821563
12.44,-1.821089,1.821089
12.45,-1.820509,1.820509
12.46,-1.819907,1.819907
12.47,-1.819323,1.819323
12.48,-1.818773,1.818773
12.49,-1.818219,1.818219
12.5,-1.817655,1.817655
12.51,-1.817129,1.817129
12.52,-1.816585,1.816585
12.53,-1.815996,1.815996
12.54,-1.815439,1.815439
12.55,-1.814922,1.814922
12.56,-1.81443,1.81443
12.57,-1.813954,1.813954
12.58,-1.813476,1.813476
12.59,-1.813012,1.813012
12.6,-1.812594,1.812594
12.61,-1.812267,1.812267
12.62,-1.812017,1.812017
12.63,-1.811786,1.811786
12.64,-1.811572,1.811572
12.65,-1.81144,1.81144
12.66,-1.811276,1.811276
12.67,-1.811125,1.811125
12.68,-1.811148,1.811148
12.69,-1.81123,1.81123
12.7,-1.811363,1.811363
12.71,-1.811485,1.811485
12.72,-1.811681,1.811681
12.73,-1.811934,1.811934
12.74,-1.812283,1.812283
12.75,-1.812721,1.812721
12.76,-1.81315,1.81315
12.77,-1.813566,1.813566
12.78,-1.814027,1.814027
12.79,-1.814542,1.814542
12.8,-1.815074,1.815074
12.81,-1.81567,1.81567
12.82,-1.816446,1.816446
12.83,-1.817228,1.817228
12.84,-1.817938,1.817938
12.85,-1.818691,1.818691
12.86,-1.819552,1.819552
12.87,-1.820398,1.820398
12.88,-1.821299,1.821299
12.89,-1.822253,1.822253
12.9,-1.823215,1.823215
12.91,-1.824142,1.824142
12.92,-1.825088,1.825088
12.93,-1.826092,1.826092
12.94,-1.827074,1.827074
12.95,-1.828071,1.828071
12.96,-1.829109,1.829109
12.97,-1.830081,1.830081
12.98,-1.830986,1.830986
12.99,-1.831876,1.831876
13.0,-1.832807,1.832807
13.01,-1.833758,1.833758
13.02,-1.83467,1.83467
13.03,-1.835495,1.835495
13.04,-1.83618,1.83618
13.05,-1.836959,1.836959
13.06,-1.837815,1.837815
13.07,-1.838589,1.838589
13.08,-1.839208,1.839208
13.09,-1.839854,1.839854
13.1,-1.840522,1.840522
13.11,-1.841222,1.841222
13.12,-1.841811,1.841811
13.13,-1.842438,1.842438
13.14,-1.843073,1.843073
13.15,-1.843712,1.843712
13.16,-1.844331,1.844331
13.17,-1.844876,1.844876
13.18,-1.845397,1.845397
13.19,-1.845917,1.845917
13.2,-1.84646,1.84646
13.21,-1.847012,1.847012
13.22,-1.847486,1.847486
13.23,-1.847847,1.847847
13.24,-1.848216,1.848216
13.25,-1.848611,1.848611
13.26,-1.848961,1.848961
13.27,-1.849224,1.849224
13.28,-1.849441,1.849441
13.29,-1.849692,1.849692
13.3,-1.849885,1.849885
13.31,-1.850011,1.850011
13.32,-1.850068,1.850068
13.33,-1.850093,1.850093
13.34,-1.850107,1.850107
13.35,-1.850177,1.850177
13.36,-1.850215,1.850215
13.37,-1.850277,1.850277
13.38,-1.850421,1.850421
13.39,-1.850467,1.850467
13.4,-1.850411,1.850411
13.41,-1.850279,1.850279
13.42,-1.85006,1.85006
13.43,-1.849845,1.849845
13.44,-1.849608,1.849608
13.45,-1.849314,1.849314
13.46,-1.848949,1.848949
13.47,-1.848565,1.848565
13.48,-1.848098,1.848098
13.49,-1.847571,1.847571
13.5,-1.847045,1.847045
13.51,-1.846468,1.846468
13.52,-1.845884,1.845884
13.53,-1.845226,1.845226
13.54,-1.844608,1.844608
13.55,-1.844008,1.844008
13.56,-1.843399,1.843399
13.57,-1.842829,1.842829
13.58,-1.842269,1.842269
13.59,-1.841704,1.841704
13.6,-1.841209,1.841209
13.61,-1.840708,1.840708
13.62,-1.840255,1.840255
13.63,-1.839827,1.839827
13.64,-1.839537,1.839537
13.65,-1.839256,1.839256
13.66,-1.839083,1.839083
13.67,-1.838881,1.838881
13.68,-1.838766,1.838766
13.69,-1.838695,1.838695
13.7,-1.838651,1.838651
13.71,-1.838565,1.838565
13.72,-1.838543,1.838543
13.73,-1.838544,1.838544
13.74,-1.838658,1.838658
13.75,-1.838716,1.838716
13.76,-1.83873,1.83873
13.77,-1.83879,1.83879
13.78,-1.838871,1.838871
13.79,-1.838927,1.838927
13.8,-1.839041,1.839041
13.81,-1.839146,1.839146
13.82,-1.839222,1.839222
13.83,-1.839259,1.839259
13.84,-1.83942,1.83942
13.85,-1.839606,1.839606
13.86,-1.839831,1.839831
13.87,-1.840084,1.840084
13.88,-1.84045,1.84045
13.89,-1.840742,1.840742
13.9,-1.84112,1.84112
13.91,-1.841499,1.841499
13.92,-1.841912,1.841912
13.93,-1.842319,1.842319
13.94,-1.842743,1.842743
13.95,-1.84317,1.84317
13.96,-1.843612,1.843612
13.97,-1.844069,1.844069
13.98,-1.844656,1.844656
13.99,-1.845209,1.845209
14.0,-1.845766,1.845766
14.01,-1.8463,1.8463
14.02,-1.846906,1.846906
14.03,-1.847492,1.847492
14.04,-1.848215,1.848215
14.05,-1.848881,1.848881
14.06,-1.849521,1.849521
14.07,-1.850185,1.850185
14.08,-1.850839,1.850839
14.09,-1.851481,1.851481
14.1,-1.852137,1.852137
14.11,-1.852766,1.852766
14.12,-1.853426,1.853426
14.13,-1.854034,1.854034
14.14,-1.854673,1.854673
14.15,-1.855317,1.855317
14.16,-1.855908,1.855908
14.17,-1.856377,1.856377
14.18,-1.856753,1.856753
14.19,-1.857002,1.857002
14.2,-1.857285,1.857285
14.21,-1.857585,1.857585
14.22,-1.857844,1.857844
14.23,-1.858122,1.858122
14.24,-1.858355,1.858355
14.25,-1.858524,1.858524
14.26,-1.858686,1.858686
14.27,-1.858769,1.858769
14.28,-1.858773,1.858773
14.29,-1.858634,1.858634
14.3,-1.85854,1.85854
14.31,-1.858473,1.858473
14.32,-1.85852,1.85852
14.33,-1.858591,1.858591
14.34,-1.858607,1.858607
14.35,-1.858508,1.858508
14.36,-1.85836,1.85836
14.37,-1.858138,1.858138
14.38,-1.857861,1.857861
14.39,-1.857508,1.857508
14.4,-1.857175,1.857175
14.41,-1.856847,1.856847
14.42,-1.856621,1.856621
14.43,-1.856374,1.856374
14.44,-1.85606,1.85606
14.45,-1.855685,1.855685
14.46,-1.855308,1.855308
14.47,-1.854898,1.854898
14.48,-1.854478,1.854478
14.49,-1.853987,1.853987
14.5,-1.853405,1.853405
14.51,-1.852772,1.852772
14.52,-1.85223,1.85223
14.53,-1.851804,1.851804
14.54,-1.851434,1.851434
14.55,-1.850945,1.850945
14.56,-1.850365,1.850365
14.57,-1.849863,1.849863
14.58,-1.84947,1.84947
14.59,-1.849042,1.849042
14.6,-1.848624,1.848624
14.61,-1.848252,1.848252
14.62,-1.847937,1.847937
14.63,-1.847596,1.847596
14.64,-1.847196,1.847196
14.65,-1.84677,1.84677
14.66,-1.846351,1.846351
14.67,-1.845939,1.845939
14.68,-1.845567,1.845567
14.69,-1.845106,1.845106
14.7,-1.844709,1.844709
14.71,-1.844415,1.844415
14.72,-1.844235,1.844235
14.73,-1.844091,1.844091
14.74,-1.844002,1.844002
14.75,-1.843902,1.843902
14.76,-1.843773,1.843773
14.77,-1.84355,1.84355
14.78,-1.843293,1.843293
14.79,-1.842991,1.842991
14.8,-1.842862,1.842862
14.81,-1.842711,1.842711
14.82,-1.842613,1.842613
14.83,-1.842604,1.842604
14.84,-1.84269,1.84269
14.85,-1.842829,1.842829
14.86,-1.843072,1.843072
14.87,-1.843358,1.843358
14.88,-1.843636,1.843636
14.89,-1.843885,1.843885
14.9,-1.844245,1.844245
14.91,-1.84461,1.84461
14.92,-1.844922,1.844922
14.93,-1.845379,1.845379
14.94,-1.845914,1.845914
14.95,-1.846535,1.846535
14.96,-1.847173,1.847173
14.97,-1.847817,1.847817
14.98,-1.848467,1.848467
14.99,-1.849108,1.849108
15.0,-1.849844,1.849844
15.01,-1.850585,1.850585
15.02,-1.851374,1.851374
15.03,-1.852186,1.852186
15.04,-1.853126,1.853126
15.05,-1.854085,1.854085
15.06,-1.855083,1.855083
15.07,-1.856006,1.856006
15.08,-1.856925,1.856925
15.09,-1.857916,1.857916
15.1,-1.858965,1.858965
15.11,-1.859978,1.859978
15.12,-1.861003,1.861003
15.13,-1.862035,1.862035
15.14,-1.863046,1.863046
15.15,-1.863962,1.863962
15.16,-1.864945,1.864945
15.17,-1.865946,1.865946
15.18,-1.866925,1.866925
15.19,-1.867808,1.867808
15.2,-1.868662,1.868662
15.21,-1.869423,1.869423
15.22,-1.870123,1.870123
15.23,-1.870818,1.870818
15.24,-1.871441,1.871441
15.25,-1.872023,1.872023
15.26,-1.872569,1.872569
15.27,-1.873091,1.873091
15.28,-1.873594,1.873594
15.29,-1.873966,1.873966
15.3,-1.87429,1.87429
15.31,-1.874575,1.874575
15.32,-1.874846,1.874846
15.33,-1.875002,1.875002
15.34,-1.875108,1.875108
15.35,-1.875129,1.875129
15.36,-1.875127,1.875127
15.37,-1.875128,1.875128
15.38,-1.875124,1.875124
15.39,-1.875051,1.875051
15.4,-1.874858,1.874858
15.41,-1.874632,1.874632
15.42,-1.874368,1.874368
15.43,-1.874063,1.874063
15.44,-1.873733,1.873733
15.45,-1.873402,1.873402
15.46,-1.872971,1.872971
15.47,-1.872463,1.872463
15.48,-1.872014,1.872014
15.49,-1.871624,1.871624
15.5,-1.871249,1.871249
15.51,-1.870821,1.870821
15.52,-1.870443,1.870443
15.53,-1.870054,1.870054
15.54,-1.86966,1.86966
15.55,-1.869179,1.869179
15.56,-1.868566,1.868566
15.57,-1.868027,1.868027
15.58,-1.867528,1.867528
15.59,-1.867086,1.867086
15.6,-1.866681,1.866681
15.61,-1.866279,1.866279
15.62,-1.865894,1.865894
15.63,-1.865503,1.865503
15.64,-1.865144,1.865144
15.65,-1.864808,1.864808
15.66,-1.864426,1.864426
15.67,-1.864104,1.864104
15.68,-1.863914,1.863914
15.69,-1.863801,1.863801
15.7,-1.863731,1.863731
15.71,-1.863642,1.863642
15.72,-1.863559,1.863559
15.73,-1.863539,1.863539
15.74,-1.86342,1.86342
15.75,-1.863314,1.863314
15.76,-1.863315,1.863315
15.77,-1.86337,1.86337
15.78,-1.863433,1.863433
15.79,-1.863447,1.863447
15.8,-1.863421,1.863421
15.81,-1.863424,1.863424
15.82,-1.863475,1.863475
15.83,-1.863526,1.863526
15.84,-1.863715,1.863715
15.85,-1.863895,1.863895
15.86,-1.86406,1.86406
15.87,-1.864189,1.864189
15.88,-1.864311,1.864311
15.89,-1.864538,1.864538
15.9,-1.864892,1.864892
15.91,-1.865224,1.865224
15.92,-1.865567,1.865567
15.93,-1.866067,1.866067
15.94,-1.866499,1.866499
15.95,-1.866897,1.866897
15.96,-1.867407,1.867407
15.97,-1.867965,1.867965
15.98,-1.868559,1.868559
15.99,-1.869127,1.869127
16.0,-1.869746,1.869746
16.01,-1.870359,1.870359
16.02,-1.870999,1.870999
16.03,-1.871651,1.871651
16.04,-1.872242,1.872242
16.05,-1.872878,1.872878
16.06,-1.873629,1.873629
16.07,-1.874266,1.874266
16.08,-1.874897,1.874897
16.09,-1.875549,1.875549
16.1,-1.876234,1.876234
16.11,-1.876898,1.876898
16.12,-1.87753,1.87753
16.13,-1.878176,1.878176
16.14,-1.878844,1.878844
16.15,-1.879453,1.879453
16.16,-1.880122,1.880122
16.17,-1.880777,1.880777
16.18,-1.88143,1.88143
16.19,-1.882023,1.882023
16.2,-1.882595,1.882595
16.21,-1.883154,1.883154
16.22,-1.883681,1.883681
16.23,-1.884186,1.884186
16.24,-1.884695,1.884695
16.25,-1.885237,1.885237
16.26,-1.88568,1.88568
16.27,-1.886083,1.886083
16.28,-1.886387,1.886387
16.29,-1.886607,1.886607
16.3,-1.886781,1.886781
16.31,-1.886878,1.886878
16.32,-1.886962,1.886962
16.33,-1.887058,1.887058
16.34,-1.88712,1.88712
16.35,-1.887102,1.887102
16.36,-1.8871,1.8871
16.37,-1.887141,1.887141
16.38,-1.887247,1.887247
16.39,-1.887299,1.887299
16.4,-1.887303,1.887303
16.41,-1.88728,1.88728
16.42,-1.887305,1.887305
16.43,-1.887245,1.887245
16.44,-1.88711,1.88711
16.45,-1.887042,1.887042
16.46,-1.886974,1.886974
16.47,-1.886871,1.886871
16.48,-1.88681,1.88681
16.49,-1.886704,1.886704
16.5,-1.886669,1.886669
16.51,-1.88662,1.88662
16.52,-1.886603,1.886603
16.53,-1.886443,1.886443
16.54,-1.886262,1.886262
16.55,-1.885969,1.885969
16.56,-1.885688,1.885688
16.57,-1.885358,1.885358
16.58,-1.885008,1.885008
16.59,-1.884538,1.884538
16.6,-1.884158,1.884158
16.61,-1.883822,1.883822
16.62,-1.883463,1.883463
16.63,-1.882986,1.882986
16.64,-1.882589,1.882589
16.65,-1.882127,1.882127
16.66,-1.881688,1.881688
16.67,-1.881207,1.881207
16.68,-1.880678,1.880678
16.69,-1.880131,1.880131
16.7,-1.879652,1.879652
16.71,-1.879227,1.879227
16.72,-1.878801,1.878801
16.73,-1.878361,1.878361
16.74,-1.877969,1.877969
16.75,-1.877637,1.877637
16.76,-1.877378,1.877378
16.77,-1.877054,1.877054
16.78,-1.876783,1.876783
16.79,-1.876639,1.876639
16.8,-1.876563,1.876563
16.81,-1.876367,1.876367
16.82,-1.876204,1.876204
16.83,-1.876004,1.876004
16.84,-1.875977,1.875977
16.85,-1.875963,1.875963
16.86,-1.876011,1.876011
16.87,-1.876194,1.876194
16.88,-1.876409,1.876409
16.89,-1.876542,1.876542
16.9,-1.87674,1.87674
16.91,-1.876962,1.876962
16.92,-1.877254,1.877254
16.93,-1.877591,1.877591
16.94,-1.877865,1.877865
16.95,-1.877976,1.877976
16.96,-1.878185,1.878185
16.97,-1.878501,1.878501
16.98,-1.878903,1.878903
16.99,-1.879392,1.879392
17.0,-1.879985,1.879985
17.01,-1.880561,1.880561
17.02,-1.881152,1.881152
17.03,-1.881781,1.881781
17.04,-1.882425,1.882425
17.05,-1.883078,1.883078
17.06,-1.883857,1.883857
17.07,-1.884569,1.884569
17.08,-1.885403,1.885403
17.09,-1.88623,1.88623
17.1,-1.887078,1.887078
17.11,-1.887884,1.887884
17.12,-1.888749,1.888749
17.13,-1.889663,1.889663
17.14,-1.890624,1.890624
17.15,-1.89158,1.89158
17.16,-1.892551,1.892551
17.17,-1.893562,1.893562
17.18,-1.894603,1.894603
17.19,-1.895614,1.895614
17.2,-1.896604,1.896604
17.21,-1.897541,1.897541
17.22,-1.898515,1.898515
17.23,-1.899384,1.899384
17.24,-1.900194,1.900194
17.25,-1.90103,1.90103
17.26,-1.901817,1.901817
17.27,-1.902608,1.902608
17.28,-1.90337,1.90337
17.29,-1.904013,1.904013
17.3,-1.904611,1.904611
17.31,-1.905125,1.905125
17.32,-1.905667,1.905667
17.33,-1.906152,1.906152
17.34,-1.906546,1.906546
17.35,-1.906828,1.906828
17.36,-1.907106,1.907106
17.37,-1.907279,1.907279
17.38,-1.9074,1.9074
17.39,-1.907521,1.907521
17.4,-1.907654,1.907654
17.41,-1.907642,1.907642
17.42,-1.907565,1.907565
17.43,-1.907475,1.907475
17.44,-1.907368,1.907368
17.45,-1.907242,1.907242
17.46,-1.907077,1.907077
17.47,-1.906804,1.906804
17.48,-1.906527,1.906527
17.49,-1.906219,1.906219
17.5,-1.906045,1.906045
17.51,-1.905858,1.905858
17.52,-1.905728,1.905728
17.53,-1.905495,1.905495
17.54,-1.905219,1.905219
17.55,-1.904896,1.904896
17.56,-1.904525,1.904525
17.57,-1.904203,1.904203
17.58,-1.90392,1.90392
17.59,-1.903592,1.903592
17.6,-1.903262,1.903262
17.61,-1.902942,1.902942
17.62,-1.902533,1.902533
17.63,-1.902088,1.902088
17.64,-1.901805,1.901805
17.65,-1.901467,1.901467
17.66,-1.901111,1.901111
17.67,-1.900715,1.900715
17.68,-1.900261,1.900261
17.69,-1.899779,1.899779
17.7,-1.899335,1.899335
17.71,-1.898884,1.898884
17.72,-1.898466,1.898466
17.73,-1.897998,1.897998
17.74,-1.897572,1.897572
17.75,-1.897137,1.897137
17.76,-1.89676,1.89676
17.77,-1.896327,1.896327
17.78,-1.895832,1.895832
17.79,-1.895366,1.895366
17.8,-1.895004,1.895004
17.81,-1.894591,1.894591
17.82,-1.894205,1.894205
17.83,-1.893813,1.893813
17.84,-1.893438,1.893438
17.85,-1.893055,1.893055
17.86,-1.892728,1.892728
17.87,-1.892375,1.892375
17.88,-1.892095,1.892095
17.89,-1.891883,1.891883
17.9,-1.891706,1.891706
17.91,-1.891492,1.891492
17.92,-1.891335,1.891335
17.93,-1.891322,1.891322
17.94,-1.891364,1.891364
17.95,-1.891433,1.891433
17.96,-1.891582,1.891582
17.97,-1.891784,1.891784
17.98,-1.89204,1.89204
17.99,-1.892362,1.892362
18.0,-1.89276,1.89276
18.01,-1.893138,1.893138
18.02,-1.893512,1.893512
18.03,-1.893975,1.893975
18.04,-1.894568,1.894568
18.05,-1.89514,1.89514
18.06,-1.895716,1.895716
18.07,-1.896275,1.896275
18.08,-1.896911,1.896911
18.09,-1.897571,1.897571
18.1,-1.898245,1.898245
18.11,-1.899009,1.899009
18.12,-1.899845,1.899845
18.13,-1.900622,1.900622
18.14,-1.901364,1.901364
18.15,-1.902114,1.902114
18.16,-1.902886,1.902886
18.17,-1.903643,1.903643
18.18,-1.904451,1.904451
18.19,-1.905217,1.905217
18.2,-1.906056,1.906056
18.21,-1.906996,1.906996
18.22,-1.907851,1.907851
18.23,-1.908647,1.908647
18.24,-1.909552,1.909552
18.25,-1.910473,1.910473
18.26,-1.911397,1.911397
18.27,-1.912261,1.912261
18.28,-1.912947,1.912947
18.29,-1.9135,1.9135
18.3,-1.914039,1.914039
18.31,-1.91451,1.91451
18.32,-1.914891,1.914891
18.33,-1.915197,1.915197
18.34,-1.915475,1.915475
18.35,-1.915646,1.915646
18.36,-1.915831,1.915831
18.37,-1.915973,1.915973
18.38,-1.916097,1.916097
18.39,-1.91613,1.91613
18.4,-1.91605,1.91605
18.41,-1.915842,1.915842
18.42,-1.915563,1.915563
18.43,-1.915198,1.915198
18.44,-1.914862,1.914862
18.45,-1.914467,1.914467
18.46,-1.914048,1.914048
18.47,-1.913552,1.913552
18.48,-1.913094,1.913094
18.49,-1.912622,1.912622
18.5,-1.912133,1.912133
18.51,-1.911614,1.911614
18.52,-1.911075,1.911075
18.53,-1.910463,1.910463
18.54,-1.90989,1.90989
18.55,-1.909346,1.909346
18.56,-1.908808,1.908808
18.57,-1.908272,1.908272
18.58,-1.907759,1.907759
18.59,-1.907235,1.907235
18.6,-1.906836,1.906836
18.61,-1.906288,1.906288
18.62,-1.905715,1.905715
18.63,-1.905093,1.905093
18.64,-1.904476,1.904476
18.65,-1.903894,1.903894
18.66,-1.903317,1.903317
18.67,-1.902712,1.902712
18.68,-1.902157,1.902157
18.69,-1.901609,1.901609
18.7,-1.901157,1.901157
18.71,-1.900731,1.900731
18.72,-1.900288,1.900288
18.73,-1.899841,1.899841
18.74,-1.899328,1.899328
18.75,-1.898814,1.898814
18.76,-1.898306,1.898306
18.77,-1.897793,1.897793
18.78,-1.897304,1.897304
18.79,-1.896772,1.896772
18.8,-1.896298,1.896298
18.81,-1.895845,1.895845
18.82,-1.895438,1.895438
18.83,-1.895036,1.895036
18.84,-1.89463,1.89463
18.85,-1.894144,1.894144
18.86,-1.893712,1.893712
18.87,-1.893252,1.893252
18.88,-1.892848,1.892848
18.89,-1.892677,1.892677
18.9,-1.892485,1.892485
18.91,-1.89232,1.89232
18.92,-1.892223,1.892223
18.93,-1.892159,1.892159
18.94,-1.892123,1.892123
18.95,-1.892153,1.892153
18.96,-1.892139,1.892139
18.97,-1.892149,1.892149
18.98,-1.892297,1.892297
18.99,-1.892566,1.892566
19.0,-1.89288,1.89288
19.01,-1.893291,1.893291
19.02,-1.893836,1.893836
19.03,-1.89444,1.89444
19.04,-1.895156,1.895156
19.05,-1.895834,1.895834
19.06,-1.896536,1.896536
19.07,-1.897307,1.897307
19.08,-1.898121,1.898121
19.09,-1.898944,1.898944
19.1,-1.899732,1.899732
19.11,-1.90071,1.90071
19.12,-1.90169,1.90169
19.13,-1.90259,1.90259
19.14,-1.903495,1.903495
19.15,-1.904483,1.904483
19.16,-1.905496,1.905496
19.17,-1.906435,1.906435
19.18,-1.907344,1.907344
19.19,-1.908316,1.908316
19.2,-1.909317,1.909317
19.21,-1.910277,1.910277
19.22,-1.91108,1.91108
19.23,-1.911724,1.911724
19.24,-1.912356,1.912356
19.25,-1.913011,1.913011
19.26,-1.913766,1.913766
19.27,-1.914541,1.914541
19.28,-1.915275,1.915275
19.29,-1.915871,1.915871
19.3,-1.916403,1.916403
19.31,-1.916933,1.916933
19.32,-1.917437,1.917437
19.33,-1.917826,1.917826
19.34,-1.918186,1.918186
19.35,-1.918449,1.918449
19.36,-1.918685,1.918685
19.37,-1.918972,1.918972
19.38,-1.919296,1.919296
19.39,-1.91955,1.91955
19.4,-1.919694,1.919694
19.41,-1.91983,1.91983
19.42,-1.919902,1.919902
19.43,-1.919843,1.919843
19.44,-1.919837,1.919837
19.45,-1.91976,1.91976
19.46,-1.919588,1.919588
19.47,-1.919437,1.919437
19.48,-1.919276,1.919276
19.49,-1.919093,1.919093
19.5,-1.918884,1.918884
19.51,-1.918715,1.918715
19.52,-1.918564,1.918564
19.53,-1.918389,1.918389
19.54,-1.918124,1.918124
19.55,-1.917798,1.917798
19.56,-1.917461,1.917461
19.57,-1.917229,1.917229
19.58,-1.916912,1.916912
19.59,-1.916531,1.916531
19.6,-1.916184,1.916184
19.61,-1.915875,1.915875
19.62,-1.915513,1.915513
19.63,-1.915056,1.915056
19.64,-1.914609,1.914609
19.65,-1.914167,1.914167
19.66,-1.91377,1.91377
19.67,-1.913312,1.913312
19.68,-1.912769,1.912769
19.69,-1.912226,1.912226
19.7,-1.911653,1.911653
19.71,-1.911042,1.911042
19.72,-1.910443,1.910443
19.73,-1.909932,1.909932
19.74,-1.909406,1.909406
19.75,-1.908893,1.908893
19.76,-1.908331,1.908331
19.77,-1.907774,1.907774
19.78,-1.907281,1.907281
19.79,-1.906837,1.906837
19.8,-1.906508,1.906508
19.81,-1.906173,1.906173
19.82,-1.90591,1.90591
19.83,-1.905603,1.905603
19.84,-1.905228,1.905228
19.85,-1.90499,1.90499
19.86,-1.904828,1.904828
19.87,-1.904712,1.904712
19.88,-1.904657,1.904657
19.89,-1.904522,1.904522
19.9,-1.904424,1.904424
19.91,-1.9043,1.9043
19.92,-1.904251,1.904251
19.93,-1.904308,1.904308
19.94,-1.904369,1.904369
19.95,-1.904494,1.904494
19.96,-1.904597,1.904597
19.97,-1.904751,1.904751
19.98,-1.904907,1.904907
19.99,-1.905168,1.905168
20.0,-1.905451,1.905451
20.01,-1.905788,1.905788
20.02,-1.906136,1.906136
20.03,-1.906468,1.906468
20.04,-1.906771,1.906771
20.05,-1.907114,1.907114
20.06,-1.907494,1.907494
20.07,-1.907834,1.907834
20.08,-1.908221,1.908221
20.09,-1.908672,1.908672
20.1,-1.90913,1.90913
20.11,-1.909699,1.909699
20.12,-1.910342,1.910342
20.13,-1.910958,1.910958
20.14,-1.911572,1.911572
20.15,-1.912168,1.912168
20.16,-1.912664,1.912664
20.17,-1.913132,1.913132
20.18,-1.913624,1.913624
20.19,-1.914068,1.914068
20.2,-1.914572,1.914572
20.21,-1.915126,1.915126
20.22,-1.91581,1.91581
20.23,-1.916455,1.916455
20.24,-1.917036,1.917036
20.25,-1.917603,1.917603
20.26,-1.918247,1.918247
20.27,-1.918769,1.918769
20.28,-1.9192,1.9192
20.29,-1.919531,1.919531
20.3,-1.919847,1.919847
20.31,-1.920127,1.920127
20.32,-1.92042,1.92042
20.33,-1.920689,1.920689
20.34,-1.921065,1.921065
20.35,-1.921427,1.921427
20.36,-1.921783,1.921783
20.37,-1.922004,1.922004
20.38,-1.92223,1.92223
20.39,-1.922448,1.922448
20.4,-1.922693,1.922693
20.41,-1.922831,1.922831
20.42,-1.923032,1.923032
20.43,-1.923116,1.923116
20.44,-1.92319,1.92319
20.45,-1.923213,1.923213
20.46,-1.923209,1.923209
20.47,-1.923219,1.923219
20.48,-1.923186,1.923186
20.49,-1.923115,1.923115
20.5,-1.923068,1.923068
20.51,-1.923003,1.923003
20.52,-1.922939,1.922939
20.53,-1.922902,1.922902
20.54,-1.922811,1.922811
20.55,-1.922606,1.922606
20.56,-1.922313,1.922313
20.57,-1.921992,1.921992
20.58,-1.921711,1.921711
20.59,-1.921404,1.921404
20.6,-1.921082,1.921082
20.61,-1.920702,1.920702
20.62,-1.92028,1.92028
20.63,-1.919813,1.919813
20.64,-1.919385,1.919385
20.65,-1.919002,1.919002
20.66,-1.918529,1.918529
20.67,-1.918002,1.918002
20.68,-1.917483,1.917483
20.69,-1.916931,1.916931
20.7,-1.916337,1.916337
20.71,-1.915705,1.915705
20.72,-1.915064,1.915064
20.73,-1.914368,1.914368
20.74,-1.913752,1.913752
20.75,-1.913126,1.913126
20.76,-1.912533,1.912533
20.77,-1.911968,1.911968
20.78,-1.911423,1.911423
20.79,-1.910846,1.910846
20.8,-1.91018,1.91018
20.81,-1.909473,1.909473
20.82,-1.908823,1.908823
20.83,-1.908203,1.908203
20.84,-1.907515,1.907515
20.85,-1.906733,1.906733
20.86,-1.906048,1.906048
20.87,-1.90546,1.90546
20.88,-1.904996,1.904996
20.89,-1.904582,1.904582
20.9,-1.904243,1.904243
20.91,-1.903864,1.903864
20.92,-1.90359,1.90359
20.93,-1.903409,1.903409
20.94,-1.903287,1.903287
20.95,-1.903153,1.903153
20.96,-1.903062,1.903062
20.97,-1.903061,1.903061
20.98,-1.903209,1.903209
20.99,-1.903354,1.903354
21.0,-1.903581,1.903581
21.01,-1.903896,1.903896
21.02,-1.904347,1.904347
21.03,-1.904831,1.904831
21.04,-1.905344,1.905344
21.05,-1.905895,1.905895
21.06,-1.906446,1.906446
21.07,-1.907002,1.907002
21.08,-1.907598,1.907598
21.09,-1.908241,1.908241
21.1,-1.908918,1.908918
21.11,-1.909685,1.909685
21.12,-1.910492,1.910492
21.13,-1.911244,1.911244
21.14,-1.912017,1.912017
21.15,-1.912794,1.912794
21.16,-1.913553,1.913553
21.17,-1.914223,1.914223
21.18,-1.914749,1.914749
21.19,-1.915244,1.915244
21.2,-1.915802,1.915802
21.21,-1.916358,1.916358
21.22,-1.916892,1.916892
21.23,-1.917422,1.917422
21.24,-1.917938,1.917938
21.25,-1.918486,1.918486
21.26,-1.919075,1.919075
21.27,-1.919603,1.919603
21.28,-1.920106,1.920106
21.29,-1.920652,1.920652
21.3,-1.9211,1.9211
21.31,-1.921567,1.921567
21.32,-1.92195,1.92195
21.33,-1.922412,1.922412
21.34,-1.922966,1.922966
21.35,-1.923474,1.923474
21.36,-1.923978,1.923978
21.37,-1.924359,1.924359
21.38,-1.924785,1.924785
21.39,-1.925231,1.925231
21.4,-1.92557,1.92557
21.41,-1.925889,1.925889
21.42,-1.926198,1.926198
21.43,-1.926468,1.926468
21.44,-1.926686,1.926686
21.45,-1.926856,1.926856
21.46,-1.927012,1.927012
21.47,-1.92721,1.92721
21.48,-1.927308,1.927308
21.49,-1.927353,1.927353
21.5,-1.927362,1.927362
21.51,-1.927347,1.927347
21.52,-1.927329,1.927329
21.53,-1.927292,1.927292
21.54,-1.927241,1.927241
21.55,-1.927122,1.927122
21.56,-1.926939,1.926939
21.57,-1.926751,1.926751
21.58,-1.926561,1.926561
21.59,-1.926369,1.926369
21.6,-1.926168,1.926168
21.61,-1.925953,1.925953
21.62,-1.925727,1.925727
21.63,-1.925407,1.925407
21.64,-1.925103,1.925103
21.65,-1.924818,1.924818
21.66,-1.924482,1.924482
21.67,-1.924124,1.924124
21.68,-1.923778,1.923778
21.69,-1.923307,1.923307
21.7,-1.922935,1.922935
21.71,-1.922547,1.922547
21.72,-1.92227,1.92227
21.73,-1.921977,1.921977
21.74,-1.92172,1.92172
21.75,-1.921343,1.921343
21.76,-1.920985,1.920985
21.77,-1.92053,1.92053
21.78,-1.920117,1.920117
21.79,-1.919818,1.919818
21.8,-1.919536,1.919536
21.81,-1.91923,1.91923
21.82,-1.918881,1.918881
21.83,-1.918514,1.918514
21.84,-1.918144,1.918144
21.85,-1.917866,1.917866
21.86,-1.917664,1.917664
21.87,-1.917409,1.917409
21.88,-1.917221,1.917221
21.89,-1.917084,1.917084
21.9,-1.916911,1.916911
21.91,-1.916664,1.916664
21.92,-1.916453,1.916453
21.93,-1.916192,1.916192
21.94,-1.915998,1.915998
21.95,-1.91591,1.91591
21.96,-1.915812,1.915812
21.97,-1.915737,1.915737
21.98,-1.915622,1.915622
21.99,-1.915594,1.915594
22.0,-1.915626,1.915626
22.01,-1.915733,1.915733
22.02,-1.915802,1.915802
22.03,-1.915854,1.915854
22.04,-1.916014,1.916014
22.05,-1.916186,1.916186
22.06,-1.916414,1.916414
22.07,-1.916582,1.916582
22.08,-1.916814,1.916814
22.09,-1.917162,1.917162
22.1,-1.917608,1.917608
22.11,-1.918061,1.918061
22.12,-1.918514,1.918514
22.13,-1.919009,1.919009
22.14,-1.919407,1.919407
22.15,-1.919812,1.919812
22.16,-1.920295,1.920295
22.17,-1.920774,1.920774
22.18,-1.921235,1.921235
22.19,-1.921634,1.921634
22.2,-1.922031,1.922031
22.21,-1.922309,1.922309
22.22,-1.922687,1.922687
22.23,-1.923083,1.923083
22.24,-1.92347,1.92347
22.25,-1.923916,1.923916
22.26,-1.92439,1.92439
22.27,-1.924812,1.924812
22.28,-1.925268,1.925268
22.29,-1.925689,1.925689
22.3,-1.926041,1.926041
22.31,-1.926313,1.926313
22.32,-1.926562,1.926562
22.33,-1.926812,1.926812
22.34,-1.927045,1.927045
22.35,-1.927264,1.927264
22.36,-1.927536,1.927536
22.37,-1.927747,1.927747
22.38,-1.928022,1.928022
22.39,-1.928298,1.928298
22.4,-1.928568,1.928568
22.41,-1.928684,1.928684
22.42,-1.928805,1.928805
22.43,-1.929016,1.929016
22.44,-1.929267,1.929267
22.45,-1.929581,1.929581
22.46,-1.929833,1.929833
22.47,-1.929991,1.929991
22.48,-1.930228,1.930228
22.49,-1.930474,1.930474
22.5,-1.930693,1.930693
22.51,-1.930855,1.930855
22.52,-1.930961,1.930961
22.53,-1.931088,1.931088
22.54,-1.931167,1.931167
22.55,-1.931266,1.931266
22.56,-1.931372,1.931372
22.57,-1.931517,1.931517
22.58,-1.93162,1.93162
22.59,-1.931616,1.931616
22.6,-1.931638,1.931638
22.61,-1.93164,1.93164
22.62,-1.93163,1.93163
22.63,-1.931582,1.931582
22.64,-1.93161,1.93161
22.65,-1.931516,1.931516
22.66,-1.931364,1.931364
22.67,-1.931213,1.931213
22.68,-1.931048,1.931048
22.69,-1.930953,1.930953
22.7,-1.930882,1.930882
22.71,-1.930712,1.930712
22.72,-1.930522,1.930522
22.73,-1.930272,1.930272
22.74,-1.930008,1.930008
22.75,-1.92963,1.92963
22.76,-1.929243,1.929243
22.77,-1.928884,1.928884
22.78,-1.928467,1.928467
22.79,-1.928005,1.928005
22.8,-1.927709,1.927709
22.81,-1.927392,1.927392
22.82,-1.927027,1.927027
22.83,-1.926677,1.926677
22.84,-1.926453,1.926453
22.85,-1.926224,1.926224
22.86,-1.925881,1.925881
22.87,-1.925505,1.925505
22.88,-1.925096,1.925096
22.89,-1.924675,1.924675
22.9,-1.924379,1.924379
22.91,-1.924141,1.924141
22.92,-1.923988,1.923988
22.93,-1.923875,1.923875
22.94,-1.923826,1.923826
22.95,-1.923745,1.923745
22.96,-1.92371,1.92371
22.97,-1.923627,1.923627
22.98,-1.923616,1.923616
22.99,-1.923612,1.923612
23.0,-1.92373,1.92373
23.01,-1.923871,1.923871
23.02,-1.923989,1.923989
23.03,-1.924068,1.924068
23.04,-1.92421,1.92421
23.05,-1.924449,1.924449
23.06,-1.924783,1.924783
23.07,-1.925133,1.925133
23.08,-1.925553,1.925553
23.09,-1.925938,1.925938
23.1,-1.92634,1.92634
23.11,-1.926709,1.926709
23.12,-1.927067,1.927067
23.13,-1.927472,1.927472
23.14,-1.927907,1.927907
23.15,-1.928308,1.928308
23.16,-1.928709,1.928709
23.17,-1.929211,1.929211
23.18,-1.929723,1.929723
23.19,-1.930119,1.930119
23.2,-1.930413,1.930413
23.21,-1.930723,1.930723
23.22,-1.931036,1.931036
23.23,-1.931356,1.931356
23.24,-1.93164,1.93164
23.25,-1.931899,1.931899
23.26,-1.932234,1.932234
23.27,-1.932555,1.932555
23.28,-1.932997,1.932997
23.29,-1.933441,1.933441
23.3,-1.933834,1.933834
23.31,-1.934165,1.934165
23.32,-1.934491,1.934491
23.33,-1.934723,1.934723
23.34,-1.93488,1.93488
23.35,-1.935097,1.935097
23.36,-1.935354,1.935354
23.37,-1.935569,1.935569
23.38,-1.935865,1.935865
23.39,-1.936206,1.936206
23.4,-1.936514,1.936514
23.41,-1.93681,1.93681
23.42,-1.936998,1.936998
23.43,-1.937092,1.937092
23.44,-1.937224,1.937224
23.45,-1.937359,1.937359
23.46,-1.937402,1.937402
23.47,-1.937388,1.937388
23.48,-1.937461,1.937461
23.49,-1.937506,1.937506
23.5,-1.937407,1.937407
23.51,-1.937294,1.937294
23.52,-1.937164,1.937164
23.53,-1.936969,1.936969
23.54,-1.9368,1.9368
23.55,-1.936642,1.936642
23.56,-1.936499,1.936499
23.57,-1.936246,1.936246
23.58,-1.935926,1.935926
23.59,-1.935689,1.935689
23.6,-1.935547,1.935547
23.61,-1.935415,1.935415
23.62,-1.935196,1.935196
23.63,-1.93482,1.93482
23.64,-1.934444,1.934444
23.65,-1.93418,1.93418
23.66,-1.933912,1.933912
23.67,-1.933501,1.933501
23.68,-1.933076,1.933076
23.69,-1.932634,1.932634
23.7,-1.932342,1.932342
23.71,-1.93207,1.93207
23.72,-1.931836,1.931836
23.73,-1.931622,1.931622
23.74,-1.931368,1.931368
23.75,-1.931094,1.931094
23.76,-1.930859,1.930859
23.77,-1.930589,1.930589
23.78,-1.930354,1.930354
23.79,-1.930133,1.930133
23.8,-1.929976,1.929976
23.81,-1.929701,1.929701
23.82,-1.929594,1.929594
23.83,-1.929525,1.929525
23.84,-1.929416,1.929416
23.85,-1.929248,1.929248
23.86,-1.929158,1.929158
23.87,-1.929035,1.929035
23.88,-1.928894,1.928894
23.89,-1.928724,1.928724
23.9,-1.9286,1.9286
23.91,-1.928498,1.928498
23.92,-1.928482,1.928482
23.93,-1.928389,1.928389
23.94,-1.928301,1.928301
23.95,-1.928199,1.928199
23.96,-1.928041,1.928041
23.97,-1.927848,1.927848
23.98,-1.927754,1.927754
23.99,-1.927616,1.927616
24.0,-1.927483,1.927483
24.01,-1.927389,1.927389
24.02,-1.92732,1.92732
24.03,-1.92723,1.92723
24.04,-1.92716,1.92716
24.05,-1.927025,1.927025
24.06,-1.926921,1.926921
24.07,-1.926879,1.926879
24.08,-1.926858,1.926858
24.09,-1.926816,1.926816
24.1,-1.926733,1.926733
24.11,-1.926798,1.926798
24.12,-1.926998,1.926998
24.13,-1.927217,1.927217
24.14,-1.927463,1.927463
24.15,-1.927684,1.927684
24.16,-1.927914,1.927914
24.17,-1.928111,1.928111
24.18,-1.928353,1.928353
24.19,-1.928611,1.928611
24.2,-1.928888,1.928888
24.21,-1.929168,1.929168
24.22,-1.929538,1.929538
24.23,-1.929875,1.929875
24.24,-1.930237,1.930237
24.25,-1.930633,1.930633
24.26,-1.931019,1.931019
24.27,-1.931325,1.931325
24.28,-1.93167,1.93167
24.29,-1.932047,1.932047
24.3,-1.932485,1.932485
24.31,-1.932838,1.932838
24.32,-1.933265,1.933265
24.33,-1.933647,1.933647
24.34,-1.934001,1.934001
24.35,-1.934297,1.934297
24.36,-1.934677,1.934677
24.37,-1.934979,1.934979
24.38,-1.935193,1.935193
24.39,-1.935566,1.935566
24.4,-1.935806,1.935806
24.41,-1.935899,1.935899
24.42,-1.936045,1.936045
24.43,-1.936189,1.936189
24.44,-1.936301,1.936301
24.45,-1.936294,1.936294
24.46,-1.936502,1.936502
24.47,-1.936691,1.936691
24.48,-1.936867,1.936867
24.49,-1.936977,1.936977
24.5,-1.937077,1.937077
24.51,-1.937092,1.937092
24.52,-1.937148,1.937148
24.53,-1.937151,1.937151
24.54,-1.937132,1.937132
24.55,-1.937021,1.937021
24.56,-1.93695,1.93695
24.57,-1.936812,1.936812
24.58,-1.936644,1.936644
24.59,-1.936427,1.936427
24.6,-1.936238,1.936238
24.61,-1.93605,1.93605
24.62,-1.935872,1.935872
24.63,-1.93562,1.93562
24.64,-1.935383,1.935383
24.65,-1.935111,1.935111
24.66,-1.934877,1.934877
24.67,-1.934636,1.934636
24.68,-1.934452,1.934452
24.69,-1.934259,1.934259
24.7,-1.933968,1.933968
24.71,-1.933665,1.933665
24.72,-1.933486,1.933486
24.73,-1.933273,1.933273
24.74,-1.933007,1.933007
24.75,-1.932728,1.932728
24.76,-1.932485,1.932485
24.77,-1.932156,1.932156
24.78,-1.931745,1.931745
24.79,-1.931345,1.931345
24.8,-1.930932,1.930932
24.81,-1.930535,1.930535
24.82,-1.930168,1.930168
24.83,-1.929743,1.929743
24.84,-1.929301,1.929301
24.85,-1.928846,1.928846
24.86,-1.928507,1.928507
24.87,-1.928155,1.928155
24.88,-1.92773,1.92773
24.89,-1.927201,1.927201
24.9,-1.926719,1.926719
24.91,-1.926243,1.926243
24.92,-1.925718,1.925718
24.93,-1.925148,1.925148
24.94,-1.924622,1.924622
24.95,-1.924129,1.924129
24.96,-1.923722,1.923722
24.97,-1.923277,1.923277
24.98,-1.922818,1.922818
24.99,-1.922394,1.922394
25.0,-1.92202,1.92202
25.01,-1.921591,1.921591
25.02,-1.921149,1.921149
25.03,-1.920686,1.920686
25.04,-1.920289,1.920289
25.05,-1.920002,1.920002
25.06,-1.919755,1.919755
25.07,-1.919596,1.919596
25.08,-1.919557,1.919557
25.09,-1.919481,1.919481
25.1,-1.919349,1.919349
25.11,-1.919172,1.919172
25.12,-1.919193,1.919193
25.13,-1.919225,1.919225
25.14,-1.919353,1.919353
25.15,-1.919531,1.919531
25.16,-1.919638,1.919638
25.17,-1.919719,1.919719
25.18,-1.91999,1.91999
25.19,-1.920299,1.920299
25.2,-1.920637,1.920637
25.21,-1.920917,1.920917
25.22,-1.921238,1.921238
25.23,-1.921559,1.921559
25.24,-1.921869,1.921869
25.25,-1.922287,1.922287
25.26,-1.922873,1.922873
25.27,-1.923422,1.923422
25.28,-1.924053,1.924053
25.29,-1.924702,1.924702
25.3,-1.925442,1.925442
25.31,-1.926046,1.926046
25.32,-1.926568,1.926568
25.33,-1.927032,1.927032
25.34,-1.927627,1.927627
25.35,-1.928154,1.928154
25.36,-1.928732,1.928732
25.37,-1.929266,1.929266
25.38,-1.929712,1.929712
25.39,-1.930132,1.930132
25.4,-1.93063,1.93063
25.41,-1.931048,1.931048
25.42,-1.931447,1.931447
25.43,-1.931774,1.931774
25.44,-1.931964,1.931964
25.45,-1.932105,1.932105
25.46,-1.932194,1.932194
25.47,-1.932236,1.932236
25.48,-1.932323,1.932323
25.49,-1.932361,1.932361
25.5,-1.932441,1.932441
25.51,-1.932504,1.932504
25.52,-1.932685,1.932685
25.53,-1.932859,1.932859
25.54,-1.933,1.933
25.55,-1.933032,1.933032
25.56,-1.933072,1.933072
25.57,-1.932974,1.932974
25.58,-1.932754,1.932754
25.59,-1.93247,1.93247
25.6,-1.932295,1.932295
25.61,-1.932184,1.932184
25.62,-1.932144,1.932144
25.63,-1.932054,1.932054
25.64,-1.931867,1.931867
25.65,-1.931622,1.931622
25.66,-1.931361,1.931361
25.67,-1.93093,1.93093
25.68,-1.93048,1.93048
25.69,-1.930056,1.930056
25.7,-1.929749,1.929749
25.71,-1.929364,1.929364
25.72,-1.928992,1.928992
25.73,-1.928593,1.928593
25.74,-1.928195,1.928195
25.75,-1.927864,1.927864
25.76,-1.927614,1.927614
25.77,-1.927347,1.927347
25.78,-1.927053,1.927053
25.79,-1.92666,1.92666
25.8,-1.926392,1.926392
25.81,-1.926186,1.926186
25.82,-1.925892,1.925892
25.83,-1.925636,1.925636
25.84,-1.925403,1.925403
25.85,-1.925172,1.925172
25.86,-1.924882,1.924882
25.87,-1.924495,1.924495
25.88,-1.924123,1.924123
25.89,-1.923807,1.923807
25.9,-1.923595,1.923595
25.91,-1.923393,1.923393
25.92,-1.923164,1.923164
25.93,-1.923014,1.923014
25.94,-1.922892,1.922892
25.95,-1.922867,1.922867
25.96,-1.922844,1.922844
25.97,-1.922819,1.922819
25.98,-1.922857,1.922857
25.99,-1.92284,1.92284
26.0,-1.922864,1.922864
26.01,-1.922832,1.922832
26.02,-1.922732,1.922732
26.03,-1.922658,1.922658
26.04,-1.922708,1.922708
26.05,-1.922726,1.922726
26.06,-1.922803,1.922803
26.07,-1.92295,1.92295
26.08,-1.923057,1.923057
26.09,-1.923066,1.923066
26.1,-1.923091,1.923091
26.11,-1.922998,1.922998
26.12,-1.92298,1.92298
26.13,-1.923015,1.923015
26.14,-1.923126,1.923126
26.15,-1.923232,1.923232
26.16,-1.923301,1.923301
26.17,-1.923398,1.923398
26.18,-1.923422,1.923422
26.19,-1.923506,1.923506
26.2,-1.923687,1.923687
26.21,-1.923866,1.923866
26.22,-1.924126,1.924126
26.23,-1.924291,1.924291
26.24,-1.92458,1.92458
26.25,-1.924884,1.924884
26.26,-1.925254,1.925254
26.27,-1.925495,1.925495
26.28,-1.925773,1.925773
26.29,-1.926076,1.926076
26.3,-1.926471,1.926471
26.31,-1.926799,1.926799
26.32,-1.927026,1.927026
26.33,-1.927258,1.927258
26.34,-1.927642,1.927642
26.35,-1.927983,1.927983
26.36,-1.928371,1.928371
26.37,-1.928789,1.928789
26.38,-1.929129,1.929129
26.39,-1.929418,1.929418
26.4,-1.929687,1.929687
26.41,-1.929996,1.929996
26.42,-1.930232,1.930232
26.43,-1.930392,1.930392
26.44,-1.930596,1.930596
26.45,-1.930758,1.930758
26.46,-1.930897,1.930897
26.47,-1.931081,1.931081
26.48,-1.931392,1.931392
26.49,-1.931611,1.931611
26.5,-1.93173,1.93173
26.51,-1.931694,1.931694
26.52,-1.931737,1.931737
26.53,-1.931745,1.931745
26.54,-1.931739,1.931739
26.55,-1.931589,1.931589
26.56,-1.931407,1.931407
26.57,-1.931161,1.931161
26.58,-1.931026,1.931026
26.59,-1.930818,1.930818
26.6,-1.93061,1.93061
26.61,-1.930349,1.930349
26.62,-1.93022,1.93022
26.63,-1.930122,1.930122
26.64,-1.92995,1.92995
26.65,-1.929718,1.929718
26.66,-1.929484,1.929484
26.67,-1.92913,1.92913
26.68,-1.928807,1.928807
26.69,-1.928449,1.928449
26.7,-1.928262,1.928262
26.71,-1.928083,1.928083
26.72,-1.928021,1.928021
26.73,-1.927919,1.927919
26.74,-1.92787,1.92787
26.75,-1.927736,1.927736
26.76,-1.927522,1.927522
26.77,-1.927254,1.927254
26.78,-1.927012,1.927012
26.79,-1.926688,1.926688
26.8,-1.926357,1.926357
26.81,-1.925992,1.925992
26.82,-1.925657,1.925657
26.83,-1.925331,1.925331
26.84,-1.925066,1.925066
26.85,-1.924822,1.924822
26.86,-1.924538,1.924538
26.87,-1.924208,1.924208
26.88,-1.923888,1.923888
26.89,-1.92345,1.92345
26.9,-1.923023,1.923023
26.91,-1.922472,1.922472
26.92,-1.921863,1.921863
26.93,-1.921398,1.921398
26.94,-1.920906,1.920906
26.95,-1.920301,1.920301
26.96,-1.919745,1.919745
26.97,-1.919187,1.919187
26.98,-1.918636,1.918636
26.99,-1.918074,1.918074
27.0,-1.917621,1.917621
27.01,-1.91715,1.91715
27.02,-1.916696,1.916696
27.03,-1.916305,1.916305
27.04,-1.916014,1.916014
27.05,-1.915688,1.915688
27.06,-1.915385,1.915385
27.07,-1.915177,1.915177
27.08,-1.915029,1.915029
27.09,-1.914839,1.914839
27.1,-1.914738,1.914738
27.11,-1.914684,1.914684
27.12,-1.914636,1.914636
27.13,-1.914699,1.914699
27.14,-1.914671,1.914671
27.15,-1.914634,1.914634
27.16,-1.914716,1.914716
27.17,-1.914867,1.914867
27.18,-1.915135,1.915135
27.19,-1.915356,1.915356
27.2,-1.915637,1.915637
27.21,-1.91587,1.91587
27.22,-1.916129,1.916129
27.23,-1.916482,1.916482
27.24,-1.916885,1.916885
27.25,-1.917281,1.917281
27.26,-1.917732,1.917732
27.27,-1.918061,1.918061
27.28,-1.918379,1.918379
27.29,-1.918684,1.918684
27.3,-1.919128,1.919128
27.31,-1.919541,1.919541
27.32,-1.919873,1.919873
27.33,-1.920261,1.920261
27.34,-1.920624,1.920624
27.35,-1.920962,1.920962
27.36,-1.921295,1.921295
27.37,-1.921585,1.921585
27.38,-1.921972,1.921972
27.39,-1.922366,1.922366
27.4,-1.922854,1.922854
27.41,-1.923299,1.923299
27.42,-1.923641,1.923641
27.43,-1.923876,1.923876
27.44,-1.924131,1.924131
27.45,-1.924407,1.924407
27.46,-1.924745,1.924745
27.47,-1.925072,1.925072
27.48,-1.925465,1.925465
27.49,-1.92574,1.92574
27.5,-1.926069,1.926069
27.51,-1.926347,1.926347
27.52,-1.926694,1.926694
27.53,-1.927045,1.927045
27.54,-1.927366,1.927366
27.55,-1.927573,1.927573
27.56,-1.927816,1.927816
27.57,-1.928038,1.928038
27.58,-1.928314,1.928314
27.59,-1.928553,1.928553
27.6,-1.928797,1.928797
27.61,-1.929003,1.929003
27.62,-1.929301,1.929301
27.63,-1.929474,1.929474
27.64,-1.929576,1.929576
27.65,-1.929557,1.929557
27.66,-1.929549,1.929549
27.67,-1.929488,1.929488
27.68,-1.929563,1.929563
27.69,-1.929662,1.929662
27.7,-1.929718,1.929718
27.71,-1.929782,1.929782
27.72,-1.929782,1.929782
27.73,-1.929708,1.929708
27.74,-1.929681,1.929681
27.75,-1.929514,1.929514
27.76,-1.929322,1.929322
27.77,-1.929167,1.929167
27.78,-1.929059,1.929059
27.79,-1.928931,1.928931
27.8,-1.928743,1.928743
27.81,-1.928501,1.928501
27.82,-1.928318,1.928318
27.83,-1.928009,1.928009
27.84,-1.927771,1.927771
27.85,-1.927566,1.927566
27.86,-1.927413,1.927413
27.87,-1.927264,1.927264
27.88,-1.927141,1.927141
27.89,-1.92689,1.92689
27.9,-1.926687,1.926687
27.91,-1.926483,1.926483
27.92,-1.926294,1.926294
27.93,-1.926059,1.926059
27.94,-1.925946,1.925946
27.95,-1.92574,1.92574
27.96,-1.925474,1.925474
27.97,-1.92527,1.92527
27.98,-1.925107,1.925107
27.99,-1.924945,1.924945
28.0,-1.924628,1.924628
28.01,-1.924299,1.924299
28.02,-1.924027,1.924027
28.03,-1.923747,1.923747
28.04,-1.923488,1.923488
28.05,-1.923216,1.923216
28.06,-1.92294,1.92294
28.07,-1.922601,1.922601
28.08,-1.922388,1.922388
28.09,-1.922171,1.922171
28.1,-1.921954,1.921954
28.11,-1.921721,1.921721
28.12,-1.921462,1.921462
28.13,-1.921153,1.921153
28.14,-1.920927,1.920927
28.15,-1.920679,1.920679
28.16,-1.920503,1.920503
28.17,-1.920339,1.920339
28.18,-1.920132,1.920132
28.19,-1.919976,1.919976
28.2,-1.919849,1.919849
28.21,-1.919808,1.919808
28.22,-1.919843,1.919843
28.23,-1.919836,1.919836
28.24,-1.919853,1.919853
28.25,-1.919867,1.919867
28.26,-1.919882,1.919882
28.27,-1.919819,1.919819
28.28,-1.919846,1.919846
28.29,-1.919877,1.919877
28.3,-1.919943,1.919943
28.31,-1.920019,1.920019
28.32,-1.920259,1.920259
28.33,-1.920374,1.920374
28.34,-1.920437,1.920437
28.35,-1.920491,1.920491
28.36,-1.920629,1.920629
28.37,-1.920698,1.920698
28.38,-1.920786,1.920786
28.39,-1.920792,1.920792
28.4,-1.920774,1.920774
28.41,-1.920733,1.920733
28.42,-1.920744,1.920744
28.43,-1.920817,1.920817
28.44,-1.920885,1.920885
28.45,-1.920855,1.920855
28.46,-1.920804,1.920804
28.47,-1.920739,1.920739
28.48,-1.920747,1.920747
28.49,-1.920712,1.920712
28.5,-1.920678,1.920678
28.51,-1.920642,1.920642
28.52,-1.920592,1.920592
28.53,-1.92053,1.92053
28.54,-1.920556,1.920556
28.55,-1.920646,1.920646
28.56,-1.920685,1.920685
28.57,-1.920631,1.920631
28.58,-1.920495,1.920495
28.59,-1.920344,1.920344
28.6,-1.92018,1.92018
28.61,-1.920101,1.920101
28.62,-1.920214,1.920214
28.63,-1.920371,1.920371
28.64,-1.920394,1.920394
28.65,-1.920443,1.920443
28.66,-1.920524,1.920524
28.67,-1.920585,1.920585
28.68,-1.920639,1.920639
28.69,-1.920668,1.920668
28.7,-1.92075,1.92075
28.71,-1.920789,1.920789
28.72,-1.920877,1.920877
28.73,-1.921054,1.921054
28.74,-1.921178,1.921178
28.75,-1.921313,1.921313
28.76,-1.921394,1.921394
28.77,-1.921501,1.921501
28.78,-1.921562,1.921562
28.79,-1.921552,1.921552
28.8,-1.92149,1.92149
28.81,-1.921521,1.921521
28.82,-1.921511,1.921511
28.83,-1.921386,1.921386
28.84,-1.921346,1.921346
28.85,-1.921329,1.921329
28.86,-1.921324,1.921324
28.87,-1.921238,1.921238
28.88,-1.921129,1.921129
28.89,-1.921022,1.921022
28.9,-1.920843,1.920843
28.91,-1.920676,1.920676
28.92,-1.920542,1.920542
28.93,-1.920309,1.920309
28.94,-1.91999,1.91999
28.95,-1.919713,1.919713
28.96,-1.919521,1.919521
28.97,-1.919358,1.919358
28.98,-1.919113,1.919113
28.99,-1.918866,1.918866
29.0,-1.918665,1.918665
29.01,-1.918463,1.918463
29.02,-1.918283,1.918283
29.03,-1.918131,1.918131
29.04,-1.91804,1.91804
29.05,-1.918038,1.918038
29.06,-1.918054,1.918054
29.07,-1.918044,1.918044
29.08,-1.918067,1.918067
29.09,-1.917966,1.917966
29.1,-1.917938,1.917938
29.11,-1.917856,1.917856
29.12,-1.917872,1.917872
29.13,-1.91795,1.91795
29.14,-1.918079,1.918079
29.15,-1.918168,1.918168
29.16,-1.918383,1.918383
29.17,-1.918554,1.918554
29.18,-1.918771,1.918771
29.19,-1.918925,1.918925
29.2,-1.919046,1.919046
29.21,-1.91913,1.91913
29.22,-1.919168,1.919168
29.23,-1.919244,1.919244
29.24,-1.919355,1.919355
29.25,-1.919377,1.919377
29.26,-1.919455,1.919455
29.27,-1.919601,1.919601
29.28,-1.9197,1.9197
29.29,-1.919658,1.919658
29.3,-1.91955,1.91955
29.31,-1.919426,1.919426
29.32,-1.919469,1.919469
29.33,-1.919521,1.919521
29.34,-1.919575,1.919575
29.35,-1.919645,1.919645
29.36,-1.919841,1.919841
29.37,-1.920023,1.920023
29.38,-1.92022,1.92022
29.39,-1.920462,1.920462
29.4,-1.920781,1.920781
29.41,-1.920983,1.920983
29.42,-1.921169,1.921169
29.43,-1.921361,1.921361
29.44,-1.921502,1.921502
29.45,-1.921695,1.921695
29.46,-1.921984,1.921984
29.47,-1.922263,1.922263
29.48,-1.922552,1.922552
29.49,-1.922865,1.922865
29.5,-1.923213,1.923213
29.51,-1.923585,1.923585
29.52,-1.923903,1.923903
29.53,-1.924178,1.924178
29.54,-1.924394,1.924394
29.55,-1.924607,1.924607
29.56,-1.924805,1.924805
29.57,-1.924926,1.924926
29.58,-1.925012,1.925012
29.59,-1.925102,1.925102
29.6,-1.925224,1.925224
29.61,-1.925294,1.925294
29.62,-1.925349,1.925349
29.63,-1.925404,1.925404
29.64,-1.925468,1.925468
29.65,-1.925571,1.925571
29.66,-1.925585,1.925585
29.67,-1.925565,1.925565
29.68,-1.925534,1.925534
29.69,-1.925481,1.925481
29.7,-1.925436,1.925436
29.71,-1.925436,1.925436
29.72,-1.925412,1.925412
29.73,-1.925367,1.925367
29.74,-1.925321,1.925321
29.75,-1.925317,1.925317
29.76,-1.925257,1.925257
29.77,-1.925169,1.925169
29.78,-1.925153,1.925153
29.79,-1.925119,1.925119
29.8,-1.925055,1.925055
29.81,-1.925002,1.925002
29.82,-1.924925,1.924925
29.83,-1.924815,1.924815
29.84,-1.924659,1.924659
29.85,-1.924512,1.924512
29.86,-1.924361,1.924361
29.87,-1.92422,1.92422
29.88,-1.924087,1.924087
29.89,-1.923921,1.923921
29.9,-1.923746,1.923746
29.91,-1.923607,1.923607
29.92,-1.923554,1.923554
29.93,-1.923526,1.923526
29.94,-1.923429,1.923429
29.95,-1.923239,1.923239
29.96,-1.923103,1.923103
29.97,-1.923052,1.923052
29.98,-1.922967,1.922967
29.99,-1.92284,1.92284
30.0,-1.922722,1.922722
30.01,-1.922684,1.922684
30.02,-1.922732,1.922732
30.03,-1.922776,1.922776
30.04,-1.922814,1.922814
30.05,-1.922843,1.922843
30.06,-1.922874,1.922874
30.07,-1.922903,1.922903
30.08,-1.923021,1.923021
30.09,-1.923159,1.923159
30.1,-1.923377,1.923377
30.11,-1.923575,1.923575
30.12,-1.923636,1.923636
30.13,-1.92371,1.92371
30.14,-1.923746,1.923746
30.15,-1.923744,1.923744
30.16,-1.923713,1.923713
30.17,-1.923761,1.923761
30.18,-1.923786,1.923786
30.19,-1.92382,1.92382
30.2,-1.923821,1.923821
30.21,-1.923861,1.923861
30.22,-1.923969,1.923969
30.23,-1.924086,1.924086
30.24,-1.924068,1.924068
30.25,-1.924052,1.924052
30.26,-1.924059,1.924059
30.27,-1.92405,1.92405
30.28,-1.924073,1.924073
30.29,-1.924098,1.924098
30.3,-1.924095,1.924095
30.31,-1.924087,1.924087
30.32,-1.92405,1.92405
30.33,-1.924057,1.924057
30.34,-1.924089,1.924089
30.35,-1.924119,1.924119
30.36,-1.924155,1.924155
30.37,-1.924213,1.924213
30.38,-1.924291,1.924291
30.39,-1.924285,1.924285
30.4,-1.924261,1.924261
30.41,-1.924181,1.924181
30.42,-1.924107,1.924107
30.43,-1.92406,1.92406
30.44,-1.924122,1.924122
30.45,-1.924185,1.924185
30.46,-1.924115,1.924115
30.47,-1.924019,1.924019
30.48,-1.923866,1.923866
30.49,-1.923709,1.923709
30.5,-1.923551,1.923551
30.51,-1.923402,1.923402
30.52,-1.923264,1.923264
30.53,-1.923084,1.923084
30.54,-1.922967,1.922967
30.55,-1.922856,1.922856
30.56,-1.922796,1.922796
30.57,-1.922732,1.922732
30.58,-1.922714,1.922714
30.59,-1.922647,1.922647
30.6,-1.922541,1.922541
30.61,-1.922413,1.922413
30.62,-1.922213,1.922213
30.63,-1.922026,1.922026
30.64,-1.921755,1.921755
30.65,-1.921483,1.921483
30.66,-1.921246,1.921246
30.67,-1.921038,1.921038
30.68,-1.920847,1.920847
30.69,-1.920782,1.920782
30.7,-1.920777,1.920777
30.71,-1.920645,1.920645
30.72,-1.920491,1.920491
30.73,-1.920371,1.920371
30.74,-1.920193,1.920193
30.75,-1.920056,1.920056
30.76,-1.920006,1.920006
30.77,-1.919997,1.919997
30.78,-1.919999,1.919999
30.79,-1.91994,1.91994
30.8,-1.919881,1.919881
30.81,-1.919827,1.919827
30.82,-1.919841,1.919841
30.83,-1.919802,1.919802
30.84,-1.919796,1.919796
30.85,-1.9199,1.9199
30.86,-1.919998,1.919998
30.87,-1.920092,1.920092
30.88,-1.920164,1.920164
30.89,-1.920122,1.920122
30.9,-1.920073,1.920073
30.91,-1.920034,1.920034
30.92,-1.920092,1.920092
30.93,-1.92013,1.92013
30.94,-1.920141,1.920141
30.95,-1.920183,1.920183
30.96,-1.920239,1.920239
30.97,-1.920308,1.920308
30.98,-1.9203,1.9203
30.99,-1.920308,1.920308
31.0,-1.920381,1.920381
31.01,-1.920393,1.920393
31.02,-1.920375,1.920375
31.03,-1.920317,1.920317
31.04,-1.920269,1.920269
31.05,-1.920283,1.920283
31.06,-1.920394,1.920394
31.07,-1.920503,1.920503
31.08,-1.920614,1.920614
31.09,-1.920618,1.920618
31.1,-1.920532,1.920532
31.11,-1.920529,1.920529
31.12,-1.920517,1.920517
31.13,-1.920496,1.920496
31.14,-1.92052,1.92052
31.15,-1.920509,1.920509
31.16,-1.920617,1.920617
31.17,-1.920654,1.920654
31.18,-1.92072,1.92072
31.19,-1.92075,1.92075
31.2,-1.920779,1.920779
31.21,-1.920811,1.920811
31.22,-1.92084,1.92084
31.23,-1.92087,1.92087
31.24,-1.920962,1.920962
31.25,-1.921075,1.921075
31.26,-1.921216,1.921216
31.27,-1.921391,1.921391
31.28,-1.921543,1.921543
31.29,-1.921715,1.921715
31.3,-1.921833,1.921833
31.31,-1.921905,1.921905
31.32,-1.922001,1.922001
31.33,-1.922083,1.922083
31.34,-1.922146,1.922146
31.35,-1.922172,1.922172
31.36,-1.922102,1.922102
31.37,-1.921992,1.921992
31.38,-1.921898,1.921898
31.39,-1.921848,1.921848
31.4,-1.92182,1.92182
31.41,-1.921843,1.921843
31.42,-1.921893,1.921893
31.43,-1.9219,1.9219
31.44,-1.921874,1.921874
31.45,-1.921811,1.921811
31.46,-1.921761,1.921761
31.47,-1.921645,1.921645
31.48,-1.921584,1.921584
31.49,-1.921405,1.921405
31.5,-1.921268,1.921268
31.51,-1.921169,1.921169
31.52,-1.921086,1.921086
31.53,-1.921053,1.921053
31.54,-1.920996,1.920996
31.55,-1.920861,1.920861
31.56,-1.920736,1.920736
31.57,-1.920679,1.920679
31.58,-1.920605,1.920605
31.59,-1.920476,1.920476
31.6,-1.920427,1.920427
31.61,-1.920379,1.920379
31.62,-1.920294,1.920294
31.63,-1.920253,1.920253
31.64,-1.920354,1.920354
31.65,-1.920411,1.920411
31.66,-1.920371,1.920371
31.67,-1.9204,1.9204
31.68,-1.920308,1.920308
31.69,-1.920171,1.920171
31.7,-1.920073,1.920073
31.71,-1.919937,1.919937
31.72,-1.91979,1.91979
31.73,-1.919648,1.919648
31.74,-1.919466,1.919466
31.75,-1.919367,1.919367
31.76,-1.919355,1.919355
31.77,-1.919278,1.919278
31.78,-1.919145,1.919145
31.79,-1.91905,1.91905
31.8,-1.919016,1.919016
31.81,-1.91896,1.91896
31.82,-1.918911,1.918911
31.83,-1.918889,1.918889
31.84,-1.9189,1.9189
31.85,-1.919009,1.919009
31.86,-1.919121,1.919121
31.87,-1.919209,1.919209
31.88,-1.919309,1.919309
31.89,-1.919349,1.919349
31.9,-1.919422,1.919422
31.91,-1.919528,1.919528
31.92,-1.919626,1.919626
31.93,-1.919653,1.919653
31.94,-1.919758,1.919758
31.95,-1.919891,1.919891
31.96,-1.919998,1.919998
31.97,-1.920071,1.920071
31.98,-1.920234,1.920234
31.99,-1.920397,1.920397
32.0,-1.920505,1.920505
32.01,-1.920531,1.920531
32.02,-1.920634,1.920634
32.03,-1.92081,1.92081
32.04,-1.920951,1.920951
32.05,-1.921002,1.921002
32.06,-1.92112,1.92112
32.07,-1.921238,1.921238
32.08,-1.921388,1.921388
32.09,-1.921466,1.921466
32.1,-1.921443,1.921443
32.11,-1.921401,1.921401
32.12,-1.921483,1.921483
32.13,-1.921593,1.921593
32.14,-1.921665,1.921665
32.15,-1.921653,1.921653
32.16,-1.921662,1.921662
32.17,-1.921608,1.921608
32.18,-1.921627,1.921627
32.19,-1.921616,1.921616
32.2,-1.921538,1.921538
32.21,-1.921275,1.921275
32.22,-1.921102,1.921102
32.23,-1.921058,1.921058
32.24,-1.920877,1.920877
32.25,-1.920668,1.920668
32.26,-1.920478,1.920478
32.27,-1.920188,1.920188
32.28,-1.919929,1.919929
32.29,-1.919733,1.919733
32.3,-1.919429,1.919429
32.31,-1.919098,1.919098
32.32,-1.918852,1.918852
32.33,-1.918549,1.918549
32.34,-1.918247,1.918247
32.35,-1.918004,1.918004
32.36,-1.91773,1.91773
32.37,-1.91753,1.91753
32.38,-1.917353,1.917353
32.39,-1.917111,1.917111
32.4,-1.916832,1.916832
32.41,-1.916514,1.916514
32.42,-1.916321,1.916321
32.43,-1.916091,1.916091
32.44,-1.915833,1.915833
32.45,-1.915611,1.915611
32.46,-1.91542,1.91542
32.47,-1.915232,1.915232
32.48,-1.915036,1.915036
32.49,-1.91482,1.91482
32.5,-1.914608,1.914608
32.51,-1.914413,1.914413
32.52,-1.914251,1.914251
32.53,-1.913985,1.913985
32.54,-1.913738,1.913738
32.55,-1.913586,1.913586
32.56,-1.913368,1.913368
32.57,-1.913146,1.913146
32.58,-1.912939,1.912939
32.59,-1.912795,1.912795
32.6,-1.912727,1.912727
32.61,-1.91269,1.91269
32.62,-1.912668,1.912668
32.63,-1.912583,1.912583
32.64,-1.912481,1.912481
32.65,-1.912293,1.912293
32.66,-1.912165,1.912165
32.67,-1.912062,1.912062
32.68,-1.91201,1.91201
32.69,-1.911863,1.911863
32.7,-1.911851,1.911851
32.71,-1.911857,1.911857
32.72,-1.911813,1.911813
32.73,-1.911652,1.911652
32.74,-1.911612,1.911612
32.75,-1.911619,1.911619
32.76,-1.911724,1.911724
32.77,-1.911797,1.911797
32.78,-1.911892,1.911892
32.79,-1.912023,1.912023
32.8,-1.912163,1.912163
32.81,-1.91233,1.91233
32.82,-1.912443,1.912443
32.83,-1.912489,1.912489
32.84,-1.912575,1.912575
32.85,-1.912766,1.912766
32.86,-1.913018,1.913018
32.87,-1.913272,1.913272
32.88,-1.913522,1.913522
32.89,-1.913753,1.913753
32.9,-1.914047,1.914047
32.91,-1.91432,1.91432
32.92,-1.914596,1.914596
32.93,-1.914852,1.914852
32.94,-1.915168,1.915168
32.95,-1.91546,1.91546
32.96,-1.915756,1.915756
32.97,-1.915995,1.915995
32.98,-1.916327,1.916327
32.99,-1.916627,1.916627
33.0,-1.91696,1.91696
33.01,-1.917204,1.917204
33.02,-1.917379,1.917379
33.03,-1.917561,1.917561
33.04,-1.917743,1.917743
33.05,-1.917879,1.917879
33.06,-1.917996,1.917996
33.07,-1.918069,1.918069
33.08,-1.918146,1.918146
33.09,-1.918102,1.918102
33.1,-1.917996,1.917996
33.11,-1.917884,1.917884
33.12,-1.917781,1.917781
33.13,-1.917636,1.917636
33.14,-1.917501,1.917501
33.15,-1.917292,1.917292
33.16,-1.917109,1.917109
33.17,-1.916907,1.916907
33.18,-1.916682,1.916682
33.19,-1.916254,1.916254
33.2,-1.915881,1.915881
33.21,-1.91559,1.91559
33.22,-1.915344,1.915344
33.23,-1.915021,1.915021
33.24,-1.914741,1.914741
33.25,-1.914517,1.914517
33.26,-1.914346,1.914346
33.27,-1.91419,1.91419
33.28,-1.914136,1.914136
33.29,-1.913906,1.913906
33.3,-1.913632,1.913632
33.31,-1.913355,1.913355
33.32,-1.913181,1.913181
33.33,-1.913036,1.913036
33.34,-1.912949,1.912949
33.35,-1.912837,1.912837
33.36,-1.912669,1.912669
33.37,-1.912553,1.912553
33.38,-1.912475,1.912475
33.39,-1.912322,1.912322
33.4,-1.912232,1.912232
33.41,-1.912199,1.912199
33.42,-1.912154,1.912154
33.43,-1.912053,1.912053
33.44,-1.911827,1.911827
33.45,-1.911613,1.911613
33.46,-1.911438,1.911438
33.47,-1.911268,1.911268
33.48,-1.91108,1.91108
33.49,-1.910859,1.910859
33.5,-1.910672,1.910672
33.51,-1.910437,1.910437
33.52,-1.91028,1.91028
33.53,-1.91021,1.91021
33.54,-1.910103,1.910103
33.55,-1.910017,1.910017
33.56,-1.909902,1.909902
33.57,-1.909735,1.909735
33.58,-1.909595,1.909595
33.59,-1.90943,1.90943
33.6,-1.909225,1.909225
33.61,-1.909075,1.909075
33.62,-1.908913,1.908913
33.63,-1.908818,1.908818
33.64,-1.908752,1.908752
33.65,-1.908652,1.908652
33.66,-1.908593,1.908593
33.67,-1.908537,1.908537
33.68,-1.908502,1.908502
33.69,-1.908412,1.908412
33.7,-1.90836,1.90836
33.71,-1.908369,1.908369
33.72,-1.908388,1.908388
33.73,-1.908449,1.908449
33.74,-1.908483,1.908483
33.75,-1.908529,1.908529
33.76,-1.908633,1.908633
33.77,-1.908727,1.908727
33.78,-1.908824,1.908824
33.79,-1.908966,1.908966
33.8,-1.9091,1.9091
33.81,-1.909195,1.909195
33.82,-1.909257,1.909257
33.83,-1.909351,1.909351
33.84,-1.909444,1.909444
33.85,-1.909594,1.909594
33.86,-1.909723,1.909723
33.87,-1.909823,1.909823
33.88,-1.909927,1.909927
33.89,-1.910026,1.910026
33.9,-1.910093,1.910093
33.91,-1.910133,1.910133
33.92,-1.910264,1.910264
33.93,-1.910445,1.910445
33.94,-1.910534,1.910534
33.95,-1.910755,1.910755
33.96,-1.911016,1.911016
33.97,-1.911249,1.911249
33.98,-1.911538,1.911538
33.99,-1.911843,1.911843
34.0,-1.912152,1.912152
34.01,-1.912446,1.912446
34.02,-1.912612,1.912612
34.03,-1.912864,1.912864
34.04,-1.913192,1.913192
34.05,-1.913459,1.913459
34.06,-1.913644,1.913644
34.07,-1.913773,1.913773
34.08,-1.913924,1.913924
34.09,-1.914133,1.914133
34.1,-1.914369,1.914369
34.11,-1.914603,1.914603
34.12,-1.914891,1.914891
34.13,-1.915253,1.915253
34.14,-1.915588,1.915588
34.15,-1.915794,1.915794
34.16,-1.915932,1.915932
34.17,-1.916139,1.916139
34.18,-1.916476,1.916476
34.19,-1.916815,1.916815
34.2,-1.917201,1.917201
34.21,-1.917629,1.917629
34.22,-1.91809,1.91809
34.23,-1.91844,1.91844
34.24,-1.918702,1.918702
34.25,-1.918869,1.918869
34.26,-1.918958,1.918958
34.27,-1.918961,1.918961
34.28,-1.919045,1.919045
34.29,-1.9191,1.9191
34.3,-1.91906,1.91906
34.31,-1.919003,1.919003
34.32,-1.918921,1.918921
34.33,-1.918798,1.918798
34.34,-1.91874,1.91874
34.35,-1.9186,1.9186
34.36,-1.918436,1.918436
34.37,-1.918171,1.918171
34.38,-1.917829,1.917829
34.39,-1.91747,1.91747
34.4,-1.917156,1.917156
34.41,-1.916781,1.916781
34.42,-1.916429,1.916429
34.43,-1.915974,1.915974
34.44,-1.915599,1.915599
34.45,-1.915234,1.915234
34.46,-1.914817,1.914817
34.47,-1.914375,1.914375
34.48,-1.913953,1.913953
34.49,-1.913487,1.913487
34.5,-1.912954,1.912954
34.51,-1.912455,1.912455
34.52,-1.91196,1.91196
34.53,-1.911409,1.911409
34.54,-1.910916,1.910916
34.55,-1.910454,1.910454
34.56,-1.909909,1.909909
34.57,-1.909368,1.909368
34.58,-1.908877,1.908877
34.59,-1.908398,1.908398
34.6,-1.908023,1.908023
34.61,-1.907682,1.907682
34.62,-1.90731,1.90731
34.63,-1.906817,1.906817
34.64,-1.906255,1.906255
34.65,-1.905778,1.905778
34.66,-1.905442,1.905442
34.67,-1.905172,1.905172
34.68,-1.904945,1.904945
34.69,-1.904758,1.904758
34.7,-1.904647,1.904647
34.71,-1.904493,1.904493
34.72,-1.90432,1.90432
34.73,-1.904142,1.904142
34.74,-1.904081,1.904081
34.75,-1.904021,1.904021
34.76,-1.904042,1.904042
34.77,-1.90397,1.90397
34.78,-1.903969,1.903969
34.79,-1.903973,1.903973
34.8,-1.90403,1.90403
34.81,-1.904062,1.904062
34.82,-1.904082,1.904082
34.83,-1.904105,1.904105
34.84,-1.904246,1.904246
34.85,-1.904428,1.904428
34.86,-1.904559,1.904559
34.87,-1.904651,1.904651
34.88,-1.904878,1.904878
34.89,-1.905117,1.905117
34.9,-1.905387,1.905387
34.91,-1.905768,1.905768
34.92,-1.906163,1.906163
34.93,-1.906415,1.906415
34.94,-1.906762,1.906762
34.95,-1.90709,1.90709
34.96,-1.907472,1.907472
34.97,-1.907801,1.907801
34.98,-1.908267,1.908267
34.99,-1.908693,1.908693
35.0,-1.909203,1.909203
35.01,-1.909695,1.909695
35.02,-1.910154,1.910154
35.03,-1.910603,1.910603
35.04,-1.911127,1.911127
35.05,-1.911702,1.911702
35.06,-1.912282,1.912282
35.07,-1.912754,1.912754
35.08,-1.913252,1.913252
35.09,-1.913674,1.913674
35.1,-1.913968,1.913968
35.11,-1.91418,1.91418
35.12,-1.914521,1.914521
35.13,-1.914883,1.914883
35.14,-1.915179,1.915179
35.15,-1.915396,1.915396
35.16,-1.915658,1.915658
35.17,-1.91582,1.91582
35.18,-1.915954,1.915954
35.19,-1.91605,1.91605
35.2,-1.916068,1.916068
35.21,-1.915931,1.915931
35.22,-1.915875,1.915875
35.23,-1.915749,1.915749
35.24,-1.915641,1.915641
35.25,-1.915528,1.915528
35.26,-1.915386,1.915386
35.27,-1.915223,1.915223
35.28,-1.915015,1.915015
35.29,-1.914776,1.914776
35.3,-1.914535,1.914535
35.31,-1.914298,1.914298
35.32,-1.913975,1.913975
35.33,-1.91368,1.91368
35.34,-1.913355,1.913355
35.35,-1.912934,1.912934
35.36,-1.912674,1.912674
35.37,-1.912392,1.912392
35.38,-1.912098,1.912098
35.39,-1.911803,1.911803
35.4,-1.911554,1.911554
35.41,-1.911316,1.911316
35.42,-1.911004,1.911004
35.43,-1.910663,1.910663
35.44,-1.910331,1.910331
35.45,-1.910016,1.910016
35.46,-1.909688,1.909688
35.47,-1.909306,1.909306
35.48,-1.908915,1.908915
35.49,-1.908525,1.908525
35.5,-1.908181,1.908181
35.51,-1.907869,1.907869
35.52,-1.907509,1.907509
35.53,-1.907073,1.907073
35.54,-1.906684,1.906684
35.55,-1.906288,1.906288
35.56,-1.90587,1.90587
35.57,-1.90535,1.90535
35.58,-1.904884,1.904884
35.59,-1.904424,1.904424
35.6,-1.903974,1.903974
35.61,-1.903437,1.903437
35.62,-1.902902,1.902902
35.63,-1.9023,1.9023
35.64,-1.901696,1.901696
35.65,-1.901137,1.901137
35.66,-1.900597,1.900597
35.67,-1.900037,1.900037
35.68,-1.899482,1.899482
35.69,-1.89896,1.89896
35.7,-1.898504,1.898504
35.71,-1.898038,1.898038
35.72,-1.897611,1.897611
35.73,-1.897183,1.897183
35.74,-1.896808,1.896808
35.75,-1.896409,1.896409
35.76,-1.896124,1.896124
35.77,-1.895813,1.895813
35.78,-1.895632,1.895632
35.79,-1.895468,1.895468
35.8,-1.895309,1.895309
35.81,-1.895193,1.895193
35.82,-1.895155,1.895155
35.83,-1.895144,1.895144
35.84,-1.895136,1.895136
35.85,-1.895063,1.895063
35.86,-1.895099,1.895099
35.87,-1.895148,1.895148
35.88,-1.895312,1.895312
35.89,-1.895511,1.895511
35.9,-1.895827,1.895827
35.91,-1.896091,1.896091
35.92,-1.896363,1.896363
35.93,-1.896648,1.896648
35.94,-1.897037,1.897037
35.95,-1.897358,1.897358
35.96,-1.897658,1.897658
35.97,-1.897927,1.897927
35.98,-1.898156,1.898156
35.99,-1.898388,1.898388
36.0,-1.898749,1.898749
36.01,-1.899122,1.899122
36.02,-1.899582,1.899582
36.03,-1.900087,1.900087
36.04,-1.900513,1.900513
36.05,-1.900904,1.900904
36.06,-1.901246,1.901246
36.07,-1.901558,1.901558
36.08,-1.901908,1.901908
36.09,-1.902228,1.902228
36.1,-1.902583,1.902583
36.11,-1.902958,1.902958
36.12,-1.903304,1.903304
36.13,-1.903622,1.903622
36.14,-1.904069,1.904069
36.15,-1.90449,1.90449
36.16,-1.904864,1.904864
36.17,-1.905193,1.905193
36.18,-1.905595,1.905595
36.19,-1.90586,1.90586
36.2,-1.906192,1.906192
36.21,-1.90658,1.90658
36.22,-1.907018,1.907018
36.23,-1.907423,1.907423
36.24,-1.907803,1.907803
36.25,-1.908201,1.908201
36.26,-1.908668,1.908668
36.27,-1.909165,1.909165
36.28,-1.90968,1.90968
36.29,-1.910134,1.910134
36.3,-1.910542,1.910542
36.31,-1.910881,1.910881
36.32,-1.911244,1.911244
36.33,-1.911664,1.911664
36.34,-1.912057,1.912057
36.35,-1.91236,1.91236
36.36,-1.912602,1.912602
36.37,-1.912813,1.912813
36.38,-1.912956,1.912956
36.39,-1.913107,1.913107
36.4,-1.913134,1.913134
36.41,-1.913083,1.913083
36.42,-1.913134,1.913134
36.43,-1.913217,1.913217
36.44,-1.913258,1.913258
36.45,-1.913127,1.913127
36.46,-1.912919,1.912919
36.47,-1.91269,1.91269
36.48,-1.912519,1.912519
36.49,-1.912326,1.912326
36.5,-1.912066,1.912066
36.51,-1.911834,1.911834
36.52,-1.911572,1.911572
36.53,-1.911366,1.911366
36.54,-1.911256,1.911256
36.55,-1.911092,1.911092
36.56,-1.910872,1.910872
36.57,-1.910675,1.910675
36.58,-1.91044,1.91044
36.59,-1.910186,1.910186
36.6,-1.909934,1.909934
36.61,-1.909671,1.909671
36.62,-1.909433,1.909433
36.63,-1.909052,1.909052
36.64,-1.908713,1.908713
36.65,-1.908376,1.908376
36.66,-1.908174,1.908174
36.67,-1.907976,1.907976
36.68,-1.907735,1.907735
36.69,-1.907456,1.907456
36.7,-1.907238,1.907238
36.71,-1.90707,1.90707
36.72,-1.906847,1.906847
36.73,-1.906592,1.906592
36.74,-1.906341,1.906341
36.75,-1.906053,1.906053
36.76,-1.905759,1.905759
36.77,-1.905507,1.905507
36.78,-1.905275,1.905275
36.79,-1.905075,1.905075
36.8,-1.904928,1.904928
36.81,-1.904777,1.904777
36.82,-1.904683,1.904683
36.83,-1.904574,1.904574
36.84,-1.904474,1.904474
36.85,-1.904487,1.904487
36.86,-1.904521,1.904521
36.87,-1.904534,1.904534
36.88,-1.90453,1.90453
36.89,-1.904547,1.904547
36.9,-1.904533,1.904533
36.91,-1.904449,1.904449
36.92,-1.90453,1.90453
36.93,-1.904603,1.904603
36.94,-1.904675,1.904675
36.95,-1.904767,1.904767
36.96,-1.904967,1.904967
36.97,-1.905235,1.905235
36.98,-1.90555,1.90555
36.99,-1.905764,1.905764
37.0,-1.906019,1.906019
37.01,-1.906309,1.906309
37.02,-1.906655,1.906655
37.03,-1.906955,1.906955
37.04,-1.907285,1.907285
37.05,-1.907566,1.907566
37.06,-1.907869,1.907869
37.07,-1.908129,1.908129
37.08,-1.908332,1.908332
37.09,-1.908421,1.908421
37.1,-1.908539,1.908539
37.11,-1.908733,1.908733
37.12,-1.908834,1.908834
37.13,-1.908871,1.908871
37.14,-1.908956,1.908956
37.15,-1.908991,1.908991
37.16,-1.908988,1.908988
37.17,-1.908946,1.908946
37.18,-1.908938,1.908938
37.19,-1.90887,1.90887
37.2,-1.90877,1.90877
37.21,-1.908663,1.908663
37.22,-1.90852,1.90852
37.23,-1.908391,1.908391
37.24,-1.908335,1.908335
37.25,-1.908264,1.908264
37.26,-1.908138,1.908138
37.27,-1.90795,1.90795
37.28,-1.907809,1.907809
37.29,-1.907609,1.907609
37.3,-1.907365,1.907365
37.31,-1.907148,1.907148
37.32,-1.906905,1.906905
37.33,-1.90669,1.90669
37.34,-1.906426,1.906426
37.35,-1.906141,1.906141
37.36,-1.905908,1.905908
37.37,-1.905674,1.905674
37.38,-1.905526,1.905526
37.39,-1.905358,1.905358
37.4,-1.905177,1.905177
37.41,-1.905017,1.905017
37.42,-1.904823,1.904823
37.43,-1.904687,1.904687
37.44,-1.904528,1.904528
37.45,-1.904409,1.904409
37.46,-1.904293,1.904293
37.47,-1.904138,1.904138
37.48,-1.903937,1.903937
37.49,-1.90374,1.90374
37.5,-1.903651,1.903651
37.51,-1.903544,1.903544
37.52,-1.903475,1.903475
37.53,-1.903395,1.903395
37.54,-1.903209,1.903209
37.55,-1.902908,1.902908
37.56,-1.902683,1.902683
37.57,-1.90248,1.90248
37.58,-1.902291,1.902291
37.59,-1.902031,1.902031
37.6,-1.901724,1.901724
37.61,-1.901403,1.901403
37.62,-1.901278,1.901278
37.63,-1.901057,1.901057
37.64,-1.90079,1.90079
37.65,-1.900534,1.900534
37.66,-1.900226,1.900226
37.67,-1.899974,1.899974
37.68,-1.899799,1.899799
37.69,-1.899568,1.899568
37.7,-1.899267,1.899267
37.71,-1.89895,1.89895
37.72,-1.898653,1.898653
37.73,-1.898417,1.898417
37.74,-1.898206,1.898206
37.75,-1.898008,1.898008
37.76,-1.897795,1.897795
37.77,-1.897583,1.897583
37.78,-1.897501,1.897501
37.79,-1.897481,1.897481
37.8,-1.897485,1.897485
37.81,-1.897421,1.897421
37.82,-1.897432,1.897432
37.83,-1.897403,1.897403
37.84,-1.897408,1.897408
37.85,-1.897485,1.897485
37.86,-1.897635,1.897635
37.87,-1.897754,1.897754
37.88,-1.897861,1.897861
37.89,-1.897911,1.897911
37.9,-1.89806,1.89806
37.91,-1.898231,1.898231
37.92,-1.89838,1.89838
37.93,-1.898495,1.898495
37.94,-1.898584,1.898584
37.95,-1.89862,1.89862
37.96,-1.898648,1.898648
37.97,-1.898675,1.898675
37.98,-1.898776,1.898776
37.99,-1.898985,1.898985
38.0,-1.899156,1.899156
38.01,-1.899232,1.899232
38.02,-1.899449,1.899449
38.03,-1.899718,1.899718
38.04,-1.900024,1.900024
38.05,-1.900341,1.900341
38.06,-1.900656,1.900656
38.07,-1.900977,1.900977
38.08,-1.901354,1.901354
38.09,-1.901746,1.901746
38.1,-1.902106,1.902106
38.11,-1.90252,1.90252
38.12,-1.903055,1.903055
38.13,-1.903574,1.903574
38.14,-1.904127,1.904127
38.15,-1.904634,1.904634
38.16,-1.905122,1.905122
38.17,-1.905578,1.905578
38.18,-1.906017,1.906017
38.19,-1.906437,1.906437
38.2,-1.906895,1.906895
38.21,-1.907319,1.907319
38.22,-1.907705,1.907705
38.23,-1.907994,1.907994
38.24,-1.90829,1.90829
38.25,-1.908717,1.908717
38.26,-1.90913,1.90913
38.27,-1.909426,1.909426
38.28,-1.909579,1.909579
38.29,-1.909724,1.909724
38.3,-1.90989,1.90989
38.31,-1.910051,1.910051
38.32,-1.910261,1.910261
38.33,-1.910423,1.910423
38.34,-1.910621,1.910621
38.35,-1.91082,1.91082
38.36,-1.911052,1.911052
38.37,-1.911245,1.911245
38.38,-1.911452,1.911452
38.39,-1.911584,1.911584
38.4,-1.911731,1.911731
38.41,-1.911953,1.911953
38.42,-1.912136,1.912136
38.43,-1.912269,1.912269
38.44,-1.912353,1.912353
38.45,-1.912534,1.912534
38.46,-1.912755,1.912755
38.47,-1.912985,1.912985
38.48,-1.9133,1.9133
38.49,-1.913566,1.913566
38.5,-1.91379,1.91379
38.51,-1.913936,1.913936
38.52,-1.914057,1.914057
38.53,-1.914118,1.914118
38.54,-1.913963,1.913963
38.55,-1.913777,1.913777
38.56,-1.913672,1.913672
38.57,-1.913572,1.913572
38.58,-1.913481,1.913481
38.59,-1.913342,1.913342
38.6,-1.913129,1.913129
38.61,-1.912776,1.912776
38.62,-1.912466,1.912466
38.63,-1.91207,1.91207
38.64,-1.911724,1.911724
38.65,-1.911262,1.911262
38.66,-1.910728,1.910728
38.67,-1.910241,1.910241
38.68,-1.909776,1.909776
38.69,-1.90931,1.90931
38.7,-1.908785,1.908785
38.71,-1.908229,1.908229
38.72,-1.907655,1.907655
38.73,-1.907159,1.907159
38.74,-1.906647,1.906647
38.75,-1.906149,1.906149
38.76,-1.905709,1.905709
38.77,-1.905275,1.905275
38.78,-1.904814,1.904814
38.79,-1.904361,1.904361
38.8,-1.903931,1.903931
38.81,-1.903504,1.903504
38.82,-1.902984,1.902984
38.83,-1.902499,1.902499
38.84,-1.902156,1.902156
38.85,-1.901865,1.901865
38.86,-1.901683,1.901683
38.87,-1.901577,1.901577
38.88,-1.901538,1.901538
38.89,-1.901522,1.901522
38.9,-1.901561,1.901561
38.91,-1.901515,1.901515
38.92,-1.901547,1.901547
38.93,-1.901596,1.901596
38.94,-1.901654,1.901654
38.95,-1.901769,1.901769
38.96,-1.901893,1.901893
38.97,-1.901967,1.901967
38.98,-1.902028,1.902028
38.99,-1.902112,1.902112
39.0,-1.902225,1.902225
39.01,-1.902296,1.902296
39.02,-1.902339,1.902339
39.03,-1.902361,1.902361
39.04,-1.902414,1.902414
39.05,-1.902508,1.902508
39.06,-1.902628,1.902628
39.07,-1.902815,1.902815
39.08,-1.903078,1.903078
39.09,-1.903269,1.903269
39.1,-1.903503,1.903503
39.11,-1.903752,1.903752
39.12,-1.904023,1.904023
39.13,-1.904235,1.904235
39.14,-1.904384,1.904384
39.15,-1.904525,1.904525
39.16,-1.904746,1.904746
39.17,-1.905081,1.905081
39.18,-1.905385,1.905385
39.19,-1.905635,1.905635
39.2,-1.905855,1.905855
39.21,-1.906125,1.906125
39.22,-1.906423,1.906423
39.23,-1.906646,1.906646
39.24,-1.906863,1.906863
39.25,-1.907031,1.907031
39.26,-1.907156,1.907156
39.27,-1.907309,1.907309
39.28,-1.907406,1.907406
39.29,-1.907566,1.907566
39.3,-1.907815,1.907815
39.31,-1.908009,1.908009
39.32,-1.908159,1.908159
39.33,-1.908337,1.908337
39.34,-1.908526,1.908526
39.35,-1.908577,1.908577
39.36,-1.908628,1.908628
39.37,-1.908604,1.908604
39.38,-1.908531,1.908531
39.39,-1.908518,1.908518
39.4,-1.908521,1.908521
39.41,-1.908587,1.908587
39.42,-1.908691,1.908691
39.43,-1.908809,1.908809
39.44,-1.908955,1.908955
39.45,-1.909063,1.909063
39.46,-1.909176,1.909176
39.47,-1.909223,1.909223
39.48,-1.909305,1.909305
39.49,-1.909317,1.909317
39.5,-1.909405,1.909405
39.51,-1.909573,1.909573
39.52,-1.909787,1.909787
39.53,-1.909942,1.909942
39.54,-1.910105,1.910105
39.55,-1.910226,1.910226
39.56,-1.910347,1.910347
39.57,-1.910462,1.910462
39.58,-1.910687,1.910687
39.59,-1.910821,1.910821
39.6,-1.910926,1.910926
39.61,-1.91092,1.91092
39.62,-1.910889,1.910889
39.63,-1.910863,1.910863
39.64,-1.910867,1.910867
39.65,-1.910739,1.910739
39.66,-1.91058,1.91058
39.67,-1.910513,1.910513
39.68,-1.91044,1.91044
39.69,-1.910365,1.910365
39.7,-1.910338,1.910338
39.71,-1.910182,1.910182
39.72,-1.910063,1.910063
39.73,-1.909921,1.909921
39.74,-1.909779,1.909779
39.75,-1.909618,1.909618
39.76,-1.909491,1.909491
39.77,-1.90932,1.90932
39.78,-1.909149,1.909149
39.79,-1.908989,1.908989
39.8,-1.908866,1.908866
39.81,-1.908677,1.908677
39.82,-1.908597,1.908597
39.83,-1.908555,1.908555
39.84,-1.908557,1.908557
39.85,-1.9085,1.9085
39.86,-1.90846,1.90846
39.87,-1.908379,1.908379
39.88,-1.908353,1.908353
39.89,-1.908351,1.908351
39.9,-1.908414,1.908414
39.91,-1.908457,1.908457
39.92,-1.908523,1.908523
39.93,-1.908479,1.908479
39.94,-1.90843,1.90843
39.95,-1.908406,1.908406
39.96,-1.908456,1.908456
39.97,-1.908481,1.908481
39.98,-1.908587,1.908587
39.99,-1.908663,1.908663
40.0,-1.908813,1.908813
40.01,-1.908921,1.908921
40.02,-1.909109,1.909109
40.03,-1.909258,1.909258
40.04,-1.909441,1.909441
40.05,-1.909574,1.909574
40.06,-1.90981,1.90981
40.07,-1.910017,1.910017
40.08,-1.910281,1.910281
40.09,-1.910512,1.910512
40.1,-1.910747,1.910747
40.11,-1.910978,1.910978
40.12,-1.911229,1.911229
40.13,-1.911508,1.911508
40.14,-1.911812,1.911812
40.15,-1.912187,1.912187
40.16,-1.912692,1.912692
40.17,-1.913143,1.913143
40.18,-1.913588,1.913588
40.19,-1.914024,1.914024
40.2,-1.914446,1.914446
40.21,-1.914791,1.914791
40.22,-1.915118,1.915118
40.23,-1.915459,1.915459
40.24,-1.915839,1.915839
40.25,-1.916155,1.916155
40.26,-1.916519,1.916519
40.27,-1.916942,1.916942
40.28,-1.917474,1.917474
40.29,-1.917933,1.917933
40.3,-1.918286,1.918286
40.31,-1.918632,1.918632
40.32,-1.918952,1.918952
40.33,-1.919263,1.919263
40.34,-1.919661,1.919661
40.35,-1.920059,1.920059
40.36,-1.920361,1.920361
40.37,-1.92063,1.92063
40.38,-1.92099,1.92099
40.39,-1.921262,1.921262
40.4,-1.921523,1.921523
40.41,-1.921742,1.921742
40.42,-1.921895,1.921895
40.43,-1.922067,1.922067
40.44,-1.922329,1.922329
40.45,-1.922748,1.922748
40.46,-1.923162,1.923162
40.47,-1.92351,1.92351
40.48,-1.923779,1.923779
40.49,-1.924006,1.924006
40.5,-1.924212,1.924212
40.51,-1.924409,1.924409
40.52,-1.924506,1.924506
40.53,-1.924633,1.924633
40.54,-1.924814,1.924814
40.55,-1.924889,1.924889
40.56,-1.92498,1.92498
40.57,-1.925033,1.925033
40.58,-1.925075,1.925075
40.59,-1.925032,1.925032
40.6,-1.924947,1.924947
40.61,-1.924869,1.924869
40.62,-1.92475,1.92475
40.63,-1.924529,1.924529
40.64,-1.924235,1.924235
40.65,-1.923962,1.923962
40.66,-1.923686,1.923686
40.67,-1.923448,1.923448
40.68,-1.923187,1.923187
40.69,-1.922911,1.922911
40.7,-1.922614,1.922614
40.71,-1.922398,1.922398
40.72,-1.922207,1.922207
40.73,-1.921952,1.921952
40.74,-1.921634,1.921634
40.75,-1.921299,1.921299
40.76,-1.92095,1.92095
40.77,-1.920545,1.920545
40.78,-1.920101,1.920101
40.79,-1.919742,1.919742
40.8,-1.919381,1.919381
40.81,-1.918956,1.918956
40.82,-1.918676,1.918676
40.83,-1.918509,1.918509
40.84,-1.918318,1.918318
40.85,-1.91813,1.91813
40.86,-1.91806,1.91806
40.87,-1.917995,1.917995
40.88,-1.917917,1.917917
40.89,-1.917781,1.917781
40.9,-1.917617,1.917617
40.91,-1.917592,1.917592
40.92,-1.917711,1.917711
40.93,-1.917928,1.917928
40.94,-1.918257,1.918257
40.95,-1.918532,1.918532
40.96,-1.918797,1.918797
40.97,-1.919017,1.919017
40.98,-1.919308,1.919308
40.99,-1.919534,1.919534
41.0,-1.919784,1.919784
41.01,-1.920067,1.920067
41.02,-1.920488,1.920488
41.03,-1.920861,1.920861
41.04,-1.921149,1.921149
41.05,-1.921462,1.921462
41.06,-1.921768,1.921768
41.07,-1.92203,1.92203
41.08,-1.922351,1.922351
41.09,-1.92258,1.92258
41.1,-1.922815,1.922815
41.11,-1.923012,1.923012
41.12,-1.923225,1.923225
41.13,-1.923404,1.923404
41.14,-1.923673,1.923673
41.15,-1.92388,1.92388
41.16,-1.923917,1.923917
41.17,-1.924003,1.924003
41.18,-1.924106,1.924106
41.19,-1.924199,1.924199
41.2,-1.924314,1.924314
41.21,-1.924357,1.924357
41.22,-1.924275,1.924275
41.23,-1.924172,1.924172
41.24,-1.924153,1.924153
41.25,-1.924139,1.924139
41.26,-1.924081,1.924081
41.27,-1.923962,1.923962
41.28,-1.923906,1.923906
41.29,-1.923795,1.923795
41.3,-1.923741,1.923741
41.31,-1.923646,1.923646
41.32,-1.923572,1.923572
41.33,-1.923528,1.923528
41.34,-1.923452,1.923452
41.35,-1.923356,1.923356
41.36,-1.923258,1.923258
41.37,-1.923132,1.923132
41.38,-1.923022,1.923022
41.39,-1.923011,1.923011
41.4,-1.923029,1.923029
41.41,-1.922845,1.922845
41.42,-1.922695,1.922695
41.43,-1.922548,1.922548
41.44,-1.922428,1.922428
41.45,-1.92234,1.92234
41.46,-1.922228,1.922228
41.47,-1.922113,1.922113
41.48,-1.921928,1.921928
41.49,-1.92175,1.92175
41.5,-1.921424,1.921424
41.51,-1.921086,1.921086
41.52,-1.92071,1.92071
41.53,-1.920411,1.920411
41.54,-1.920217,1.920217
41.55,-1.919953,1.919953
41.56,-1.919661,1.919661
41.57,-1.919392,1.919392
41.58,-1.919058,1.919058
41.59,-1.918765,1.918765
41.6,-1.918403,1.918403
41.61,-1.918081,1.918081
41.62,-1.91773,1.91773
41.63,-1.917354,1.917354
41.64,-1.916933,1.916933
41.65,-1.916524,1.916524
41.66,-1.916042,1.916042
41.67,-1.915501,1.915501
41.68,-1.914909,1.914909
41.69,-1.914389,1.914389
41.7,-1.913881,1.913881
41.71,-1.913495,1.913495
41.72,-1.913016,1.913016
41.73,-1.912587,1.912587
41.74,-1.912229,1.912229
41.75,-1.911766,1.911766
41.76,-1.911307,1.911307
41.77,-1.910804,1.910804
41.78,-1.910292,1.910292
41.79,-1.909803,1.909803
41.8,-1.909314,1.909314
41.81,-1.908772,1.908772
41.82,-1.908155,1.908155
41.83,-1.907653,1.907653
41.84,-1.907228,1.907228
41.85,-1.906839,1.906839
41.86,-1.906471,1.906471
41.87,-1.906213,1.906213
41.88,-1.905989,1.905989
41.89,-1.905684,1.905684
41.9,-1.905384,1.905384
41.91,-1.905123,1.905123
41.92,-1.905004,1.905004
41.93,-1.904922,1.904922
41.94,-1.90488,1.90488
41.95,-1.904927,1.904927
41.96,-1.90507,1.90507
41.97,-1.905167,1.905167
41.98,-1.905311,1.905311
41.99,-1.905453,1.905453
42.0,-1.905707,1.905707
42.01,-1.905988,1.905988
42.02,-1.906253,1.906253
42.03,-1.906593,1.906593
42.04,-1.907008,1.907008
42.05,-1.907331,1.907331
42.06,-1.90768,1.90768
42.07,-1.908037,1.908037
42.08,-1.908443,1.908443
42.09,-1.90889,1.90889
42.1,-1.909414,1.909414
42.11,-1.90992,1.90992
42.12,-1.910445,1.910445
42.13,-1.910949,1.910949
42.14,-1.91146,1.91146
42.15,-1.912046,1.912046
42.16,-1.912666,1.912666
42.17,-1.913258,1.913258
42.18,-1.913862,1.913862
42.19,-1.914397,1.914397
42.2,-1.914967,1.914967
42.21,-1.915594,1.915594
42.22,-1.916127,1.916127
42.23,-1.916547,1.916547
42.24,-1.916993,1.916993
42.25,-1.917459,1.917459
42.26,-1.917952,1.917952
42.27,-1.918444,1.918444
42.28,-1.918923,1.918923
42.29,-1.919443,1.919443
42.3,-1.919897,1.919897
42.31,-1.920361,1.920361
42.32,-1.920799,1.920799
42.33,-1.921191,1.921191
42.34,-1.9216,1.9216
42.35,-1.922009,1.922009
42.36,-1.922423,1.922423
42.37,-1.922774,1.922774
42.38,-1.923095,1.923095
42.39,-1.923411,1.923411
42.4,-1.923682,1.923682
42.41,-1.923995,1.923995
42.42,-1.924343,1.924343
42.43,-1.924631,1.924631
42.44,-1.924846,1.924846
42.45,-1.92505,1.92505
42.46,-1.925249,1.925249
42.47,-1.92539,1.92539
42.48,-1.92554,1.92554
42.49,-1.925731,1.925731
42.5,-1.925999,1.925999
42.51,-1.926293,1.926293
42.52,-1.926595,1.926595
42.53,-1.926943,1.926943
42.54,-1.927286,1.927286
42.55,-1.927549,1.927549
42.56,-1.92779,1.92779
42.57,-1.927911,1.927911
42.58,-1.928,1.928
42.59,-1.928119,1.928119
42.6,-1.928218,1.928218
42.61,-1.928213,1.928213
42.62,-1.928208,1.928208
42.63,-1.928055,1.928055
42.64,-1.927852,1.927852
42.65,-1.927668,1.927668
42.66,-1.927531,1.927531
42.67,-1.927321,1.927321
42.68,-1.927049,1.927049
42.69,-1.926837,1.926837
42.7,-1.926553,1.926553
42.71,-1.926176,1.926176
42.72,-1.925728,1.925728
42.73,-1.925211,1.925211
42.74,-1.924677,1.924677
42.75,-1.924134,1.924134
42.76,-1.923681,1.923681
42.77,-1.923172,1.923172
42.78,-1.922677,1.922677
42.79,-1.92222,1.92222
42.8,-1.921775,1.921775
42.81,-1.921307,1.921307
42.82,-1.920944,1.920944
42.83,-1.920545,1.920545
42.84,-1.920097,1.920097
42.85,-1.919706,1.919706
42.86,-1.919353,1.919353
42.87,-1.919038,1.919038
42.88,-1.91876,1.91876
42.89,-1.918447,1.918447
42.9,-1.918274,1.918274
42.91,-1.918105,1.918105
42.92,-1.917947,1.917947
42.93,-1.917749,1.917749
42.94,-1.917604,1.917604
42.95,-1.917473,1.917473
42.96,-1.917293,1.917293
42.97,-1.917155,1.917155
42.98,-1.917074,1.917074
42.99,-1.916972,1.916972
43.0,-1.916834,1.916834
43.01,-1.916764,1.916764
43.02,-1.916769,1.916769
43.03,-1.916899,1.916899
43.04,-1.91696,1.91696
43.05,-1.917054,1.917054
43.06,-1.917252,1.917252
43.07,-1.9174,1.9174
43.08,-1.917471,1.917471
43.09,-1.917429,1.917429
43.1,-1.917437,1.917437
43.11,-1.917464,1.917464
43.12,-1.917448,1.917448
43.13,-1.917436,1.917436
43.14,-1.917543,1.917543
43.15,-1.917653,1.917653
43.16,-1.91786,1.91786
43.17,-1.917962,1.917962
43.18,-1.918053,1.918053
43.19,-1.918171,1.918171
43.2,-1.918306,1.918306
43.21,-1.918373,1.918373
43.22,-1.918366,1.918366
43.23,-1.918284,1.918284
43.24,-1.918315,1.918315
43.25,-1.918452,1.918452
43.26,-1.918614,1.918614
43.27,-1.91863,1.91863
43.28,-1.918687,1.918687
43.29,-1.918715,1.918715
43.3,-1.918796,1.918796
43.31,-1.918757,1.918757
43.32,-1.918826,1.918826
43.33,-1.91885,1.91885
43.34,-1.91893,1.91893
43.35,-1.919007,1.919007
43.36,-1.919179,1.919179
43.37,-1.919328,1.919328
43.38,-1.919436,1.919436
43.39,-1.919505,1.919505
43.4,-1.919583,1.919583
43.41,-1.919575,1.919575
43.42,-1.919613,1.919613
43.43,-1.919651,1.919651
43.44,-1.919746,1.919746
43.45,-1.919736,1.919736
43.46,-1.9198,1.9198
43.47,-1.919804,1.919804
43.48,-1.919819,1.919819
43.49,-1.919863,1.919863
43.5,-1.91985,1.91985
43.51,-1.919872,1.919872
43.52,-1.91996,1.91996
43.53,-1.919929,1.919929
43.54,-1.919826,1.919826
43.55,-1.919665,1.919665
43.56,-1.919521,1.919521
43.57,-1.919289,1.919289
43.58,-1.919155,1.919155
43.59,-1.919024,1.919024
43.6,-1.918842,1.918842
43.61,-1.918564,1.918564
43.62,-1.918319,1.918319
43.63,-1.918155,1.918155
43.64,-1.917972,1.917972
43.65,-1.917719,1.917719
43.66,-1.917492,1.917492
43.67,-1.917276,1.917276
43.68,-1.917057,1.917057
43.69,-1.916837,1.916837
43.7,-1.916623,1.916623
43.71,-1.916415,1.916415
43.72,-1.916308,1.916308
43.73,-1.916152,1.916152
43.74,-1.915997,1.915997
43.75,-1.915775,1.915775
43.76,-1.915662,1.915662
43.77,-1.915595,1.915595
43.78,-1.915492,1.915492
43.79,-1.915345,1.915345
43.8,-1.915213,1.915213
43.81,-1.915016,1.915016
43.82,-1.914802,1.914802
43.83,-1.914505,1.914505
43.84,-1.914261,1.914261
43.85,-1.913905,1.913905
43.86,-1.913632,1.913632
43.87,-1.913307,1.913307
43.88,-1.913056,1.913056
43.89,-1.912744,1.912744
43.9,-1.912417,1.912417
43.91,-1.912105,1.912105
43.92,-1.911855,1.911855
43.93,-1.911502,1.911502
43.94,-1.911186,1.911186
43.95,-1.910879,1.910879
43.96,-1.91064,1.91064
43.97,-1.910404,1.910404
43.98,-1.910292,1.910292
43.99,-1.910174,1.910174
44.0,-1.910152,1.910152
44.01,-1.910195,1.910195
44.02,-1.910306,1.910306
44.03,-1.910465,1.910465
44.04,-1.910704,1.910704
44.05,-1.910962,1.910962
44.06,-1.911253,1.911253
44.07,-1.911594,1.911594
44.08,-1.91188,1.91188
44.09,-1.912169,1.912169
44.1,-1.912506,1.912506
44.11,-1.912795,1.912795
44.12,-1.91308,1.91308
44.13,-1.913444,1.913444
44.14,-1.913981,1.913981
44.15,-1.914628,1.914628
44.16,-1.915257,1.915257
44.17,-1.915747,1.915747
44.18,-1.916244,1.916244
44.19,-1.916761,1.916761
44.2,-1.91734,1.91734
44.21,-1.917861,1.917861
44.22,-1.918382,1.918382
44.23,-1.918959,1.918959
44.24,-1.919596,1.919596
44.25,-1.920184,1.920184
44.26,-1.920665,1.920665
44.27,-1.921104,1.921104
44.28,-1.921597,1.921597
44.29,-1.92206,1.92206
44.3,-1.922481,1.922481
44.31,-1.922804,1.922804
44.32,-1.923123,1.923123
44.33,-1.92344,1.92344
44.34,-1.923841,1.923841
44.35,-1.924244,1.924244
44.36,-1.92463,1.92463
44.37,-1.924905,1.924905
44.38,-1.925133,1.925133
44.39,-1.925336,1.925336
44.4,-1.925615,1.925615
44.41,-1.925834,1.925834
44.42,-1.926027,1.926027
44.43,-1.926228,1.926228
44.44,-1.926497,1.926497
44.45,-1.926666,1.926666
44.46,-1.926817,1.926817
44.47,-1.926928,1.926928
44.48,-1.926987,1.926987
44.49,-1.92703,1.92703
44.5,-1.927061,1.927061
44.51,-1.927161,1.927161
44.52,-1.927369,1.927369
44.53,-1.927521,1.927521
44.54,-1.927644,1.927644
44.55,-1.927715,1.927715
44.56,-1.927829,1.927829
44.57,-1.927897,1.927897
44.58,-1.927909,1.927909
44.59,-1.927862,1.927862
44.6,-1.927812,1.927812
44.61,-1.92789,1.92789
44.62,-1.927857,1.927857
44.63,-1.927789,1.927789
44.64,-1.927804,1.927804
44.65,-1.927905,1.927905
44.66,-1.927945,1.927945
44.67,-1.927863,1.927863
44.68,-1.927707,1.927707
44.69,-1.927469,1.927469
44.7,-1.927199,1.927199
44.71,-1.926942,1.926942
44.72,-1.926757,1.926757
44.73,-1.926672,1.926672
44.74,-1.926501,1.926501
44.75,-1.926176,1.926176
44.76,-1.925907,1.925907
44.77,-1.925621,1.925621
44.78,-1.92542,1.92542
44.79,-1.925176,1.925176
44.8,-1.924823,1.924823
44.81,-1.924386,1.924386
44.82,-1.924097,1.924097
44.83,-1.923769,1.923769
44.84,-1.923335,1.923335
44.85,-1.922955,1.922955
44.86,-1.922729,1.922729
44.87,-1.922461,1.922461
44.88,-1.922218,1.922218
44.89,-1.921995,1.921995
44.9,-1.921721,1.921721
44.91,-1.921406,1.921406
44.92,-1.921139,1.921139
44.93,-1.920913,1.920913
44.94,-1.920646,1.920646
44.95,-1.920362,1.920362
44.96,-1.920152,1.920152
44.97,-1.920084,1.920084
44.98,-1.920056,1.920056
44.99,-1.920003,1.920003
45.0,-1.920043,1.920043
45.01,-1.920094,1.920094
45.02,-1.920112,1.920112
45.03,-1.920133,1.920133
45.04,-1.920264,1.920264
45.05,-1.920452,1.920452
45.06,-1.920636,1.920636
45.07,-1.920787,1.920787
45.08,-1.92094,1.92094
45.09,-1.921141,1.921141
45.1,-1.921245,1.921245
45.11,-1.921431,1.921431
45.12,-1.921569,1.921569
45.13,-1.92171,1.92171
45.14,-1.921829,1.921829
45.15,-1.922043,1.922043
45.16,-1.92222,1.92222
45.17,-1.922368,1.922368
45.18,-1.922478,1.922478
45.19,-1.922541,1.922541
45.2,-1.922485,1.922485
45.21,-1.9224,1.9224
45.22,-1.922277,1.922277
45.23,-1.922083,1.922083
45.24,-1.921962,1.921962
45.25,-1.921821,1.921821
45.26,-1.92161,1.92161
45.27,-1.921424,1.921424
45.28,-1.921294,1.921294
45.29,-1.92117,1.92117
45.3,-1.921086,1.921086
45.31,-1.921003,1.921003
45.32,-1.920884,1.920884
45.33,-1.920691,1.920691
45.34,-1.920475,1.920475
45.35,-1.920268,1.920268
45.36,-1.920029,1.920029
45.37,-1.919869,1.919869
45.38,-1.919724,1.919724
45.39,-1.919631,1.919631
45.4,-1.919386,1.919386
45.41,-1.919079,1.919079
45.42,-1.918853,1.918853
45.43,-1.918713,1.918713
45.44,-1.918549,1.918549
45.45,-1.918351,1.918351
45.46,-1.918207,1.918207
45.47,-1.918148,1.918148
45.48,-1.918133,1.918133
45.49,-1.918024,1.918024
45.5,-1.917894,1.917894
45.51,-1.917668,1.917668
45.52,-1.917434,1.917434
45.53,-1.917158,1.917158
45.54,-1.91688,1.91688
45.55,-1.916756,1.916756
45.56,-1.91668,1.91668
45.57,-1.91671,1.91671
45.58,-1.916642,1.916642
45.59,-1.916473,1.916473
45.6,-1.916351,1.916351
45.61,-1.91618,1.91618
45.62,-1.915999,1.915999
45.63,-1.915871,1.915871
45.64,-1.915805,1.915805
45.65,-1.915702,1.915702
45.66,-1.915513,1.915513
45.67,-1.915429,1.915429
45.68,-1.915415,1.915415
45.69,-1.9153,1.9153
45.7,-1.915185,1.915185
45.71,-1.915085,1.915085
45.72,-1.914953,1.914953
45.73,-1.914749,1.914749
45.74,-1.914579,1.914579
45.75,-1.914461,1.914461
45.76,-1.914347,1.914347
45.77,-1.914105,1.914105
45.78,-1.913888,1.913888
45.79,-1.913672,1.913672
45.8,-1.913509,1.913509
45.81,-1.913378,1.913378
45.82,-1.913311,1.913311
45.83,-1.913139,1.913139
45.84,-1.91291,1.91291
45.85,-1.912562,1.912562
45.86,-1.912289,1.912289
45.87,-1.912081,1.912081
45.88,-1.911831,1.911831
45.89,-1.911527,1.911527
45.9,-1.911278,1.911278
45.91,-1.911063,1.911063
45.92,-1.910769,1.910769
45.93,-1.91055,1.91055
45.94,-1.910386,1.910386
45.95,-1.910199,1.910199
45.96,-1.910088,1.910088
45.97,-1.910065,1.910065
45.98,-1.909994,1.909994
45.99,-1.909918,1.909918
46.0,-1.909842,1.909842
46.01,-1.909901,1.909901
46.02,-1.909953,1.909953
46.03,-1.90999,1.90999
46.04,-1.909993,1.909993
46.05,-1.910046,1.910046
46.06,-1.910053,1.910053
46.07,-1.910119,1.910119
46.08,-1.910256,1.910256
46.09,-1.91048,1.91048
46.1,-1.910688,1.910688
46.11,-1.910906,1.910906
46.12,-1.911043,1.911043
46.13,-1.911297,1.911297
46.14,-1.911521,1.911521
46.15,-1.911793,1.911793
46.16,-1.912024,1.912024
46.17,-1.91223,1.91223
46.18,-1.912431,1.912431
46.19,-1.912784,1.912784
46.2,-1.913112,1.913112
46.21,-1.913523,1.913523
46.22,-1.913882,1.913882
46.23,-1.914245,1.914245
46.24,-1.914503,1.914503
46.25,-1.91482,1.91482
46.26,-1.91517,1.91517
46.27,-1.915514,1.915514
46.28,-1.915756,1.915756
46.29,-1.91602,1.91602
46.3,-1.916262,1.916262
46.31,-1.916493,1.916493
46.32,-1.916586,1.916586
46.33,-1.916694,1.916694
46.34,-1.916817,1.916817
46.35,-1.916948,1.916948
46.36,-1.917101,1.917101
46.37,-1.917302,1.917302
46.38,-1.917461,1.917461
46.39,-1.917612,1.917612
46.4,-1.917797,1.917797
46.41,-1.917989,1.917989
46.42,-1.918063,1.918063
46.43,-1.918181,1.918181
46.44,-1.918269,1.918269
46.45,-1.918348,1.918348
46.46,-1.918453,1.918453
46.47,-1.918648,1.918648
46.48,-1.918829,1.918829
46.49,-1.919027,1.919027
46.5,-1.919236,1.919236
46.51,-1.919414,1.919414
46.52,-1.919567,1.919567
46.53,-1.9198,1.9198
46.54,-1.919936,1.919936
46.55,-1.920009,1.920009
46.56,-1.920036,1.920036
46.57,-1.92008,1.92008
46.58,-1.92021,1.92021
46.59,-1.920438,1.920438
46.6,-1.920688,1.920688
46.61,-1.920845,1.920845
46.62,-1.921052,1.921052
46.63,-1.921233,1.921233
46.64,-1.921447,1.921447
46.65,-1.921598,1.921598
46.66,-1.921676,1.921676
46.67,-1.921657,1.921657
46.68,-1.921525,1.921525
46.69,-1.921523,1.921523
46.7,-1.921541,1.921541
46.71,-1.921523,1.921523
46.72,-1.921482,1.921482
46.73,-1.921328,1.921328
46.74,-1.921152,1.921152
46.75,-1.92099,1.92099
46.76,-1.920861,1.920861
46.77,-1.920601,1.920601
46.78,-1.920321,1.920321
46.79,-1.919922,1.919922
46.8,-1.919583,1.919583
46.81,-1.919405,1.919405
46.82,-1.919258,1.919258
46.83,-1.918922,1.918922
46.84,-1.918587,1.918587
46.85,-1.918265,1.918265
46.86,-1.918007,1.918007
46.87,-1.917783,1.917783
46.88,-1.917492,1.917492
46.89,-1.917116,1.917116
46.9,-1.916795,1.916795
46.91,-1.916568,1.916568
46.92,-1.916336,1.916336
46.93,-1.916119,1.916119
46.94,-1.915872,1.915872
46.95,-1.915508,1.915508
46.96,-1.915225,1.915225
46.97,-1.91506,1.91506
46.98,-1.914966,1.914966
46.99,-1.914871,1.914871
47.0,-1.914919,1.914919
47.01,-1.914967,1.914967
47.02,-1.915043,1.915043
47.03,-1.915129,1.915129
47.04,-1.915346,1.915346
47.05,-1.915544,1.915544
47.06,-1.91571,1.91571
47.07,-1.915787,1.915787
47.08,-1.915932,1.915932
47.09,-1.916076,1.916076
47.1,-1.916404,1.916404
47.11,-1.916699,1.916699
47.12,-1.916963,1.916963
47.13,-1.917209,1.917209
47.14,-1.917457,1.917457
47.15,-1.917777,1.917777
47.16,-1.918141,1.918141
47.17,-1.91842,1.91842
47.18,-1.918664,1.918664
47.19,-1.918806,1.918806
47.2,-1.918911,1.918911
47.21,-1.919002,1.919002
47.22,-1.919081,1.919081
47.23,-1.919238,1.919238
47.24,-1.919346,1.919346
47.25,-1.919445,1.919445
47.26,-1.919605,1.919605
47.27,-1.919697,1.919697
47.28,-1.91978,1.91978
47.29,-1.919801,1.919801
47.3,-1.919762,1.919762
47.31,-1.919684,1.919684
47.32,-1.919644,1.919644
47.33,-1.919572,1.919572
47.34,-1.919454,1.919454
47.35,-1.919293,1.919293
47.36,-1.919256,1.919256
47.37,-1.919232,1.919232
47.38,-1.919212,1.919212
47.39,-1.919116,1.919116
47.4,-1.918916,1.918916
47.41,-1.918719,1.918719
47.42,-1.918607,1.918607
47.43,-1.918404,1.918404
47.44,-1.918205,1.918205
47.45,-1.918007,1.918007
47.46,-1.917776,1.917776
47.47,-1.917525,1.917525
47.48,-1.917316,1.917316
47.49,-1.917067,1.917067
47.5,-1.916766,1.916766
47.51,-1.916512,1.916512
47.52,-1.916264,1.916264
47.53,-1.915988,1.915988
47.54,-1.915779,1.915779
47.55,-1.915592,1.915592
47.56,-1.915312,1.915312
47.57,-1.914878,1.914878
47.58,-1.914513,1.914513
47.59,-1.914222,1.914222
47.6,-1.913907,1.913907
47.61,-1.913581,1.913581
47.62,-1.913209,1.913209
47.63,-1.912851,1.912851
47.64,-1.912567,1.912567
47.65,-1.912186,1.912186
47.66,-1.911748,1.911748
47.67,-1.91141,1.91141
47.68,-1.911027,1.911027
47.69,-1.910525,1.910525
47.7,-1.910071,1.910071
47.71,-1.909803,1.909803
47.72,-1.909627,1.909627
47.73,-1.909431,1.909431
47.74,-1.909185,1.909185
47.75,-1.908944,1.908944
47.76,-1.90868,1.90868
47.77,-1.908443,1.908443
47.78,-1.908275,1.908275
47.79,-1.908028,1.908028
47.8,-1.907777,1.907777
47.81,-1.907583,1.907583
47.82,-1.907457,1.907457
47.83,-1.907442,1.907442
47.84,-1.907417,1.907417
47.85,-1.907315,1.907315
47.86,-1.907178,1.907178
47.87,-1.907017,1.907017
47.88,-1.906932,1.906932
47.89,-1.906911,1.906911
47.9,-1.906909,1.906909
47.91,-1.906895,1.906895
47.92,-1.906922,1.906922
47.93,-1.90693,1.90693
47.94,-1.906981,1.906981
47.95,-1.907005,1.907005
47.96,-1.907062,1.907062
47.97,-1.907105,1.907105
47.98,-1.907175,1.907175
47.99,-1.907459,1.907459
48.0,-1.907758,1.907758
48.01,-1.907955,1.907955
48.02,-1.908154,1.908154
48.03,-1.908245,1.908245
48.04,-1.908406,1.908406
48.05,-1.908536,1.908536
48.06,-1.908636,1.908636
48.07,-1.908714,1.908714
48.08,-1.908961,1.908961
48.09,-1.909253,1.909253
48.1,-1.909592,1.909592
48.11,-1.90994,1.90994
48.12,-1.910358,1.910358
48.13,-1.910695,1.910695
48.14,-1.91111,1.91111
48.15,-1.911523,1.911523
48.16,-1.911914,1.911914
48.17,-1.912198,1.912198
48.18,-1.912563,1.912563
48.19,-1.912935,1.912935
48.2,-1.91338,1.91338
48.21,-1.913798,1.913798
48.22,-1.91424,1.91424
48.23,-1.914528,1.914528
48.24,-1.914823,1.914823
48.25,-1.915084,1.915084
48.26,-1.915404,1.915404
48.27,-1.915666,1.915666
48.28,-1.91597,1.91597
48.29,-1.916097,1.916097
48.3,-1.916288,1.916288
48.31,-1.916436,1.916436
48.32,-1.916619,1.916619
48.33,-1.916761,1.916761
48.34,-1.916919,1.916919
48.35,-1.917027,1.917027
48.36,-1.91716,1.91716
48.37,-1.91728,1.91728
48.38,-1.91734,1.91734
48.39,-1.917382,1.917382
48.4,-1.917477,1.917477
48.41,-1.917501,1.917501
48.42,-1.917574,1.917574
48.43,-1.917704,1.917704
48.44,-1.917877,1.917877
48.45,-1.918039,1.918039
48.46,-1.918238,1.918238
48.47,-1.91839,1.91839
48.48,-1.918572,1.918572
48.49,-1.918653,1.918653
48.5,-1.918797,1.918797
48.51,-1.918916,1.918916
48.52,-1.91903,1.91903
48.53,-1.919075,1.919075
48.54,-1.91912,1.91912
48.55,-1.919158,1.919158
48.56,-1.919247,1.919247
48.57,-1.919361,1.919361
48.58,-1.919448,1.919448
48.59,-1.91952,1.91952
48.6,-1.919566,1.919566
48.61,-1.919556,1.919556
48.62,-1.919744,1.919744
48.63,-1.919909,1.919909
48.64,-1.920043,1.920043
48.65,-1.920212,1.920212
48.66,-1.92036,1.92036
48.67,-1.920469,1.920469
48.68,-1.920587,1.920587
48.69,-1.920645,1.920645
48.7,-1.920665,1.920665
48.71,-1.920686,1.920686
48.72,-1.920754,1.920754
48.73,-1.920817,1.920817
48.74,-1.920982,1.920982
48.75,-1.921078,1.921078
48.76,-1.92102,1.92102
48.77,-1.920857,1.920857
48.78,-1.920755,1.920755
48.79,-1.920635,1.920635
48.8,-1.920586,1.920586
48.81,-1.920478,1.920478
48.82,-1.9203,1.9203
48.83,-1.920178,1.920178
48.84,-1.920129,1.920129
48.85,-1.919984,1.919984
48.86,-1.919852,1.919852
48.87,-1.91968,1.91968
48.88,-1.919487,1.919487
48.89,-1.919201,1.919201
48.9,-1.918879,1.918879
48.91,-1.918649,1.918649
48.92,-1.918483,1.918483
48.93,-1.918304,1.918304
48.94,-1.918175,1.918175
48.95,-1.918026,1.918026
48.96,-1.917948,1.917948
48.97,-1.917803,1.917803
48.98,-1.917579,1.917579
48.99,-1.91729,1.91729
49.0,-1.91712,1.91712
49.01,-1.917006,1.917006
49.02,-1.916897,1.916897
49.03,-1.916816,1.916816
49.04,-1.91672,1.91672
49.05,-1.916593,1.916593
49.06,-1.916533,1.916533
49.07,-1.916572,1.916572
49.08,-1.916658,1.916658
49.09,-1.916707,1.916707
49.1,-1.916681,1.916681
49.11,-1.916625,1.916625
49.12,-1.916582,1.916582
49.13,-1.916624,1.916624
49.14,-1.916709,1.916709
49.15,-1.916839,1.916839
49.16,-1.916893,1.916893
49.17,-1.916968,1.916968
49.18,-1.917041,1.917041
49.19,-1.917124,1.917124
49.2,-1.917253,1.917253
49.21,-1.917381,1.917381
49.22,-1.91748,1.91748
49.23,-1.917511,1.917511
49.24,-1.917532,1.917532
49.25,-1.917606,1.917606
49.26,-1.917704,1.917704
49.27,-1.917767,1.917767
49.28,-1.917797,1.917797
49.29,-1.917727,1.917727
49.3,-1.917678,1.917678
49.31,-1.917637,1.917637
49.32,-1.917586,1.917586
49.33,-1.917471,1.917471
49.34,-1.917399,1.917399
49.35,-1.917253,1.917253
49.36,-1.917129,1.917129
49.37,-1.917002,1.917002
49.38,-1.916776,1.916776
49.39,-1.916614,1.916614
49.4,-1.916512,1.916512
49.41,-1.916378,1.916378
49.42,-1.91618,1.91618
49.43,-1.915956,1.915956
49.44,-1.915816,1.915816
49.45,-1.91567,1.91567
49.46,-1.915636,1.915636
49.47,-1.915592,1.915592
49.48,-1.915519,1.915519
49.49,-1.915512,1.915512
49.5,-1.915493,1.915493
49.51,-1.915396,1.915396
49.52,-1.915352,1.915352
49.53,-1.915327,1.915327
49.54,-1.915312,1.915312
49.55,-1.915254,1.915254
49.56,-1.915138,1.915138
49.57,-1.914999,1.914999
49.58,-1.914932,1.914932
49.59,-1.914871,1.914871
49.6,-1.914764,1.914764
49.61,-1.914558,1.914558
49.62,-1.914254,1.914254
49.63,-1.913854,1.913854
49.64,-1.913424,1.913424
49.65,-1.913016,1.913016
49.66,-1.912745,1.912745
49.67,-1.912506,1.912506
49.68,-1.912269,1.912269
49.69,-1.911986,1.911986
49.7,-1.911611,1.911611
49.71,-1.911326,1.911326
49.72,-1.911086,1.911086
49.73,-1.910801,1.910801
49.74,-1.910539,1.910539
49.75,-1.910268,1.910268
49.76,-1.910059,1.910059
49.77,-1.909834,1.909834
49.78,-1.909621,1.909621
49.79,-1.909345,1.909345
49.8,-1.909093,1.909093
49.81,-1.908884,1.908884
49.82,-1.908846,1.908846
49.83,-1.908829,1.908829
49.84,-1.908766,1.908766
49.85,-1.908578,1.908578
49.86,-1.908416,1.908416
49.87,-1.908227,1.908227
49.88,-1.908082,1.908082
49.89,-1.907853,1.907853
49.9,-1.907652,1.907652
49.91,-1.907492,1.907492
49.92,-1.907361,1.907361
49.93,-1.907192,1.907192
49.94,-1.906995,1.906995
49.95,-1.906848,1.906848
49.96,-1.906753,1.906753
49.97,-1.906678,1.906678
49.98,-1.906696,1.906696
49.99,-1.906699,1.906699
50.0,-1.906773,1.906773
50.01,-1.906893,1.906893
50.02,-1.907063,1.907063
50.03,-1.907272,1.907272
50.04,-1.907418,1.907418
50.05,-1.907493,1.907493
50.06,-1.907532,1.907532
50.07,-1.907576,1.907576
50.08,-1.907724,1.907724
50.09,-1.907915,1.907915
50.1,-1.908095,1.908095
50.11,-1.908335,1.908335
50.12,-1.908566,1.908566
50.13,-1.908699,1.908699
50.14,-1.90889,1.90889
50.15,-1.909139,1.909139
50.16,-1.909359,1.909359
50.17,-1.909526,1.909526
50.18,-1.909705,1.909705
50.19,-1.909879,1.909879
50.2,-1.910121,1.910121
50.21,-1.910367,1.910367
50.22,-1.910582,1.910582
50.23,-1.91078,1.91078
50.24,-1.910874,1.910874
50.25,-1.910967,1.910967
50.26,-1.911145,1.911145
50.27,-1.911329,1.911329
50.28,-1.911445,1.911445
50.29,-1.911581,1.911581
50.3,-1.91173,1.91173
50.31,-1.911856,1.911856
50.32,-1.91206,1.91206
50.33,-1.912133,1.912133
50.34,-1.912122,1.912122
50.35,-1.912016,1.912016
50.36,-1.911965,1.911965
50.37,-1.911849,1.911849
50.38,-1.911753,1.911753
50.39,-1.911587,1.911587
50.4,-1.911497,1.911497
50.41,-1.911433,1.911433
50.42,-1.911419,1.911419
50.43,-1.911399,1.911399
50.44,-1.911415,1.911415
50.45,-1.911419,1.911419
50.46,-1.911398,1.911398
50.47,-1.911457,1.911457
50.48,-1.911511,1.911511
50.49,-1.911448,1.911448
50.5,-1.911332,1.911332
50.51,-1.911251,1.911251
50.52,-1.911304,1.911304
50.53,-1.911379,1.911379
50.54,-1.911419,1.911419
50.55,-1.911516,1.911516
50.56,-1.911592,1.911592
50.57,-1.911649,1.911649
50.58,-1.911725,1.911725
50.59,-1.911765,1.911765
50.6,-1.91179,1.91179
50.61,-1.911847,1.911847
50.62,-1.911825,1.911825
50.63,-1.911868,1.911868
50.64,-1.911868,1.911868
50.65,-1.911828,1.911828
50.66,-1.911857,1.911857
50.67,-1.911932,1.911932
50.68,-1.912016,1.912016
50.69,-1.912049,1.912049
50.7,-1.911993,1.911993
50.71,-1.911979,1.911979
50.72,-1.91205,1.91205
50.73,-1.912101,1.912101
50.74,-1.912182,1.912182
50.75,-1.912271,1.912271
50.76,-1.912398,1.912398
50.77,-1.912472,1.912472
50.78,-1.912568,1.912568
50.79,-1.912668,1.912668
50.8,-1.912698,1.912698
50.81,-1.912687,1.912687
50.82,-1.912762,1.912762
50.83,-1.912862,1.912862
50.84,-1.912815,1.912815
50.85,-1.912831,1.912831
50.86,-1.912874,1.912874
50.87,-1.91294,1.91294
50.88,-1.912949,1.912949
50.89,-1.912867,1.912867
50.9,-1.91278,1.91278
50.91,-1.912757,1.912757
50.92,-1.912753,1.912753
50.93,-1.912752,1.912752
50.94,-1.91284,1.91284
50.95,-1.912946,1.912946
50.96,-1.913003,1.913003
50.97,-1.912985,1.912985
50.98,-1.912913,1.912913
50.99,-1.912849,1.912849
51.0,-1.912875,1.912875
51.01,-1.912882,1.912882
51.02,-1.912882,1.912882
51.03,-1.912794,1.912794
51.04,-1.912681,1.912681
51.05,-1.912601,1.912601
51.06,-1.912454,1.912454
51.07,-1.912361,1.912361
51.08,-1.912306,1.912306
51.09,-1.912208,1.912208
51.1,-1.912137,1.912137
51.11,-1.912093,1.912093
51.12,-1.912229,1.912229
51.13,-1.912367,1.912367
51.14,-1.912424,1.912424
51.15,-1.912475,1.912475
51.16,-1.91251,1.91251
51.17,-1.912493,1.912493
51.18,-1.912467,1.912467
51.19,-1.912456,1.912456
51.2,-1.912472,1.912472
51.21,-1.912595,1.912595
51.22,-1.912671,1.912671
51.23,-1.912717,1.912717
51.24,-1.912868,1.912868
51.25,-1.913091,1.913091
51.26,-1.913267,1.913267
51.27,-1.913437,1.913437
51.28,-1.913586,1.913586
51.29,-1.913709,1.913709
51.3,-1.913833,1.913833
51.31,-1.913978,1.913978
51.32,-1.914172,1.914172
51.33,-1.914375,1.914375
51.34,-1.914628,1.914628
51.35,-1.91493,1.91493
51.36,-1.915158,1.915158
51.37,-1.915317,1.915317
51.38,-1.915472,1.915472
51.39,-1.915604,1.915604
51.4,-1.91577,1.91577
51.41,-1.915964,1.915964
51.42,-1.916025,1.916025
51.43,-1.916,1.916
51.44,-1.916023,1.916023
51.45,-1.916094,1.916094
51.46,-1.916091,1.916091
51.47,-1.916133,1.916133
51.48,-1.916249,1.916249
51.49,-1.916491,1.916491
51.5,-1.916609,1.916609
51.51,-1.916596,1.916596
51.52,-1.916463,1.916463
51.53,-1.916411,1.916411
51.54,-1.916328,1.916328
51.55,-1.91616,1.91616
51.56,-1.916045,1.916045
51.57,-1.915977,1.915977
51.58,-1.915808,1.915808
51.59,-1.91557,1.91557
51.6,-1.915372,1.915372
51.61,-1.915057,1.915057
51.62,-1.914653,1.914653
51.63,-1.914258,1.914258
51.64,-1.913911,1.913911
51.65,-1.913551,1.913551
51.66,-1.913224,1.913224
51.67,-1.91287,1.91287
51.68,-1.912446,1.912446
51.69,-1.911997,1.911997
51.7,-1.911543,1.911543
51.71,-1.911001,1.911001
51.72,-1.910397,1.910397
51.73,-1.90979,1.90979
51.74,-1.909232,1.909232
51.75,-1.908802,1.908802
51.76,-1.908389,1.908389
51.77,-1.907936,1.907936
51.78,-1.907431,1.907431
51.79,-1.906951,1.906951
51.8,-1.906608,1.906608
51.81,-1.906347,1.906347
51.82,-1.905918,1.905918
51.83,-1.90544,1.90544
51.84,-1.905082,1.905082
51.85,-1.904756,1.904756
51.86,-1.904383,1.904383
51.87,-1.904033,1.904033
51.88,-1.903685,1.903685
51.89,-1.9034,1.9034
51.9,-1.903175,1.903175
51.91,-1.902937,1.902937
51.92,-1.90276,1.90276
51.93,-1.902677,1.902677
51.94,-1.902686,1.902686
51.95,-1.902611,1.902611
51.96,-1.902479,1.902479
51.97,-1.902389,1.902389
51.98,-1.902391,1.902391
51.99,-1.902509,1.902509
52.0,-1.902575,1.902575
52.01,-1.902601,1.902601
52.02,-1.90277,1.90277
52.03,-1.903013,1.903013
52.04,-1.903291,1.903291
52.05,-1.903541,1.903541
52.06,-1.90388,1.90388
52.07,-1.904156,1.904156
52.08,-1.904341,1.904341
52.09,-1.904648,1.904648
52.1,-1.904996,1.904996
52.11,-1.905312,1.905312
52.12,-1.905643,1.905643
52.13,-1.90598,1.90598
52.14,-1.90628,1.90628
52.15,-1.906623,1.906623
52.16,-1.906903,1.906903
52.17,-1.907125,1.907125
52.18,-1.907438,1.907438
52.19,-1.907835,1.907835
52.2,-1.908084,1.908084
52.21,-1.908353,1.908353
52.22,-1.908602,1.908602
52.23,-1.90877,1.90877
52.24,-1.908877,1.908877
52.25,-1.908979,1.908979
52.26,-1.909093,1.909093
52.27,-1.909139,1.909139
52.28,-1.909152,1.909152
52.29,-1.909096,1.909096
52.3,-1.909069,1.909069
52.31,-1.909166,1.909166
52.32,-1.90933,1.90933
52.33,-1.909287,1.909287
52.34,-1.909214,1.909214
52.35,-1.909152,1.909152
52.36,-1.909122,1.909122
52.37,-1.909017,1.909017
52.38,-1.908867,1.908867
52.39,-1.908684,1.908684
52.4,-1.908616,1.908616
52.41,-1.908541,1.908541
52.42,-1.908414,1.908414
52.43,-1.908186,1.908186
52.44,-1.908094,1.908094
52.45,-1.907977,1.907977
52.46,-1.907964,1.907964
52.47,-1.90791,1.90791
52.48,-1.907845,1.907845
52.49,-1.907784,1.907784
52.5,-1.907788,1.907788
52.51,-1.907704,1.907704
52.52,-1.90759,1.90759
52.53,-1.907514,1.907514
52.54,-1.907523,1.907523
52.55,-1.907471,1.907471
52.56,-1.907371,1.907371
52.57,-1.907297,1.907297
52.58,-1.90732,1.90732
52.59,-1.907232,1.907232
52.6,-1.907159,1.907159
52.61,-1.907024,1.907024
52.62,-1.906818,1.906818
52.63,-1.906626,1.906626
52.64,-1.906499,1.906499
52.65,-1.906325,1.906325
52.66,-1.906087,1.906087
52.67,-1.905869,1.905869
52.68,-1.905751,1.905751
52.69,-1.905565,1.905565
52.7,-1.905368,1.905368
52.71,-1.905187,1.905187
52.72,-1.905008,1.905008
52.73,-1.904888,1.904888
52.74,-1.90477,1.90477
52.75,-1.904607,1.904607
52.76,-1.904399,1.904399
52.77,-1.904265,1.904265
52.78,-1.90423,1.90423
52.79,-1.904092,1.904092
52.8,-1.903905,1.903905
52.81,-1.903787,1.903787
52.82,-1.90378,1.90378
52.83,-1.903836,1.903836
52.84,-1.903875,1.903875
52.85,-1.903877,1.903877
52.86,-1.903872,1.903872
52.87,-1.90375,1.90375
52.88,-1.903601,1.903601
52.89,-1.903546,1.903546
52.9,-1.903583,1.903583
52.91,-1.903512,1.903512
52.92,-1.903474,1.903474
52.93,-1.903516,1.903516
52.94,-1.903614,1.903614
52.95,-1.903785,1.903785
52.96,-1.90392,1.90392
52.97,-1.903984,1.903984
52.98,-1.904034,1.904034
52.99,-1.904048,1.904048
53.0,-1.904072,1.904072
53.01,-1.904134,1.904134
53.02,-1.904309,1.904309
53.03,-1.904501,1.904501
53.04,-1.904647,1.904647
53.05,-1.904835,1.904835
53.06,-1.905025,1.905025
53.07,-1.905209,1.905209
53.08,-1.905485,1.905485
53.09,-1.9058,1.9058
53.1,-1.906034,1.906034
53.11,-1.906225,1.906225
53.12,-1.906512,1.906512
53.13,-1.906909,1.906909
53.14,-1.907297,1.907297
53.15,-1.907614,1.907614
53.16,-1.907877,1.907877
53.17,-1.908218,1.908218
53.18,-1.908544,1.908544
53.19,-1.908781,1.908781
53.2,-1.908904,1.908904
53.21,-1.90892,1.90892
53.22,-1.909029,1.909029
53.23,-1.909154,1.909154
53.24,-1.909133,1.909133
53.25,-1.9091,1.9091
53.26,-1.909183,1.909183
53.27,-1.909282,1.909282
53.28,-1.909254,1.909254
53.29,-1.909238,1.909238
53.3,-1.909212,1.909212
53.31,-1.909143,1.909143
53.32,-1.909078,1.909078
53.33,-1.908921,1.908921
53.34,-1.908736,1.908736
53.35,-1.908579,1.908579
53.36,-1.908439,1.908439
53.37,-1.908305,1.908305
53.38,-1.908268,1.908268
53.39,-1.908243,1.908243
53.4,-1.908175,1.908175
53.41,-1.908004,1.908004
53.42,-1.907705,1.907705
53.43,-1.907399,1.907399
53.44,-1.907123,1.907123
53.45,-1.906843,1.906843
53.46,-1.90667,1.90667
53.47,-1.906588,1.906588
53.48,-1.906503,1.906503
53.49,-1.906488,1.906488
53.5,-1.906348,1.906348
53.51,-1.906203,1.906203
53.52,-1.906056,1.906056
53.53,-1.905844,1.905844
53.54,-1.905711,1.905711
53.55,-1.905614,1.905614
53.56,-1.905418,1.905418
53.57,-1.905327,1.905327
53.58,-1.905366,1.905366
53.59,-1.905397,1.905397
53.6,-1.905371,1.905371
53.61,-1.905333,1.905333
53.62,-1.905306,1.905306
53.63,-1.905216,1.905216
53.64,-1.905077,1.905077
53.65,-1.904963,1.904963
53.66,-1.90488,1.90488
53.67,-1.904777,1.904777
53.68,-1.904653,1.904653
53.69,-1.904531,1.904531
53.7,-1.904395,1.904395
53.71,-1.904334,1.904334
53.72,-1.904326,1.904326
53.73,-1.904236,1.904236
53.74,-1.904194,1.904194
53.75,-1.904146,1.904146
53.76,-1.904064,1.904064
53.77,-1.903967,1.903967
53.78,-1.903923,1.903923
53.79,-1.903922,1.903922
53.8,-1.903951,1.903951
53.81,-1.903908,1.903908
53.82,-1.903923,1.903923
53.83,-1.90393,1.90393
53.84,-1.903992,1.903992
53.85,-1.903979,1.903979
53.86,-1.903957,1.903957
53.87,-1.903933,1.903933
53.88,-1.903927,1.903927
53.89,-1.903934,1.903934
53.9,-1.903852,1.903852
53.91,-1.903699,1.903699
53.92,-1.90361,1.90361
53.93,-1.903499,1.903499
53.94,-1.903283,1.903283
53.95,-1.903097,1.903097
53.96,-1.903054,1.903054
53.97,-1.902972,1.902972
53.98,-1.902878,1.902878
53.99,-1.902754,1.902754
54.0,-1.902569,1.902569
54.01,-1.902365,1.902365
54.02,-1.902254,1.902254
54.03,-1.902099,1.902099
54.04,-1.901915,1.901915
54.05,-1.901876,1.901876
54.06,-1.901885,1.901885
54.07,-1.90187,1.90187
54.08,-1.901808,1.901808
54.09,-1.901851,1.901851
54.1,-1.901838,1.901838
54.11,-1.901836,1.901836
54.12,-1.901769,1.901769
54.13,-1.90163,1.90163
54.14,-1.901482,1.901482
54.15,-1.901473,1.901473
54.16,-1.90156,1.90156
54.17,-1.901593,1.901593
54.18,-1.901569,1.901569
54.19,-1.901552,1.901552
54.2,-1.901633,1.901633
54.21,-1.901769,1.901769
54.22,-1.901917,1.901917
54.23,-1.902073,1.902073
54.24,-1.902247,1.902247
54.25,-1.902384,1.902384
54.26,-1.902539,1.902539
54.27,-1.90259,1.90259
54.28,-1.902748,1.902748
54.29,-1.902886,1.902886
54.3,-1.90305,1.90305
54.31,-1.903306,1.903306
54.32,-1.903565,1.903565
54.33,-1.903767,1.903767
54.34,-1.90384,1.90384
54.35,-1.903905,1.903905
54.36,-1.903973,1.903973
54.37,-1.904048,1.904048
54.38,-1.90424,1.90424
54.39,-1.904368,1.904368
54.4,-1.90445,1.90445
54.41,-1.904467,1.904467
54.42,-1.904514,1.904514
54.43,-1.904534,1.904534
54.44,-1.904516,1.904516
54.45,-1.904478,1.904478
54.46,-1.904405,1.904405
54.47,-1.904333,1.904333
54.48,-1.904256,1.904256
54.49,-1.90418,1.90418
54.5,-1.904072,1.904072
54.51,-1.903941,1.903941
54.52,-1.903853,1.903853
54.53,-1.903881,1.903881
54.54,-1.903826,1.903826
54.55,-1.903717,1.903717
54.56,-1.903623,1.903623
54.57,-1.90356,1.90356
54.58,-1.903538,1.903538
54.59,-1.903468,1.903468
54.6,-1.903427,1.903427
54.61,-1.903368,1.903368
54.62,-1.903397,1.903397
54.63,-1.90348,1.90348
54.64,-1.903693,1.903693
54.65,-1.903862,1.903862
54.66,-1.904008,1.904008
54.67,-1.90417,1.90417
54.68,-1.904332,1.904332
54.69,-1.90444,1.90444
54.7,-1.904552,1.904552
54.71,-1.904612,1.904612
54.72,-1.904736,1.904736
54.73,-1.904842,1.904842
54.74,-1.904959,1.904959
54.75,-1.905077,1.905077
54.76,-1.9052,1.9052
54.77,-1.905354,1.905354
54.78,-1.905434,1.905434
54.79,-1.90541,1.90541
54.8,-1.905432,1.905432
54.81,-1.905488,1.905488
54.82,-1.90545,1.90545
54.83,-1.905488,1.905488
54.84,-1.905517,1.905517
54.85,-1.905619,1.905619
54.86,-1.905741,1.905741
54.87,-1.905807,1.905807
54.88,-1.905812,1.905812
54.89,-1.90583,1.90583
54.9,-1.905891,1.905891
54.91,-1.906001,1.906001
54.92,-1.906104,1.906104
54.93,-1.906158,1.906158
54.94,-1.906205,1.906205
54.95,-1.906208,1.906208
54.96,-1.90617,1.90617
54.97,-1.906159,1.906159
54.98,-1.906183,1.906183
54.99,-1.906309,1.906309
55.0,-1.906443,1.906443
55.01,-1.90662,1.90662
55.02,-1.906833,1.906833
55.03,-1.907107,1.907107
55.04,-1.907258,1.907258
55.05,-1.907323,1.907323
55.06,-1.907396,1.907396
55.07,-1.907433,1.907433
55.08,-1.907521,1.907521
55.09,-1.907776,1.907776
55.1,-1.907918,1.907918
55.11,-1.908032,1.908032
55.12,-1.908341,1.908341
55.13,-1.908543,1.908543
55.14,-1.908699,1.908699
55.15,-1.908885,1.908885
55.16,-1.909098,1.909098
55.17,-1.909303,1.909303
55.18,-1.909444,1.909444
55.19,-1.909639,1.909639
55.2,-1.909815,1.909815
55.21,-1.909972,1.909972
55.22,-1.910195,1.910195
55.23,-1.910467,1.910467
55.24,-1.910691,1.910691
55.25,-1.91092,1.91092
55.26,-1.911123,1.911123
55.27,-1.911413,1.911413
55.28,-1.91162,1.91162
55.29,-1.911772,1.911772
55.3,-1.911986,1.911986
55.31,-1.912101,1.912101
55.32,-1.912142,1.912142
55.33,-1.912169,1.912169
55.34,-1.912215,1.912215
55.35,-1.91243,1.91243
55.36,-1.912659,1.912659
55.37,-1.91282,1.91282
55.38,-1.913014,1.913014
55.39,-1.913188,1.913188
55.4,-1.913319,1.913319
55.41,-1.913439,1.913439
55.42,-1.913548,1.913548
55.43,-1.91372,1.91372
55.44,-1.913871,1.913871
55.45,-1.913989,1.913989
55.46,-1.914003,1.914003
55.47,-1.914122,1.914122
55.48,-1.914258,1.914258
55.49,-1.914384,1.914384
55.5,-1.91439,1.91439
55.51,-1.914393,1.914393
55.52,-1.914398,1.914398
55.53,-1.914351,1.914351
55.54,-1.914299,1.914299
55.55,-1.914388,1.914388
55.56,-1.914471,1.914471
55.57,-1.914468,1.914468
55.58,-1.914409,1.914409
55.59,-1.914349,1.914349
55.6,-1.914351,1.914351
55.61,-1.914306,1.914306
55.62,-1.914213,1.914213
55.63,-1.914089,1.914089
55.64,-1.914059,1.914059
55.65,-1.91405,1.91405
55.66,-1.913957,1.913957
55.67,-1.913875,1.913875
55.68,-1.913737,1.913737
55.69,-1.913612,1.913612
55.7,-1.913454,1.913454
55.71,-1.9134,1.9134
55.72,-1.913364,1.913364
55.73,-1.913287,1.913287
55.74,-1.913307,1.913307
55.75,-1.913282,1.913282
55.76,-1.913201,1.913201
55.77,-1.91315,1.91315
55.78,-1.913097,1.913097
55.79,-1.913068,1.913068
55.8,-1.912954,1.912954
55.81,-1.912854,1.912854
55.82,-1.912691,1.912691
55.83,-1.912625,1.912625
55.84,-1.912742,1.912742
55.85,-1.912991,1.912991
55.86,-1.913303,1.913303
55.87,-1.913479,1.913479
55.88,-1.913573,1.913573
55.89,-1.913687,1.913687
55.9,-1.913677,1.913677
55.91,-1.913682,1.913682
55.92,-1.913648,1.913648
55.93,-1.913627,1.913627
55.94,-1.913638,1.913638
55.95,-1.913604,1.913604
55.96,-1.913585,1.913585
55.97,-1.913506,1.913506
55.98,-1.913417,1.913417
55.99,-1.913264,1.913264
56.0,-1.91313,1.91313
56.01,-1.913054,1.913054
56.02,-1.913011,1.913011
56.03,-1.912951,1.912951
56.04,-1.912821,1.912821
56.05,-1.912724,1.912724
56.06,-1.912708,1.912708
56.07,-1.91259,1.91259
56.08,-1.91242,1.91242
56.09,-1.912372,1.912372
56.1,-1.912398,1.912398
56.11,-1.912379,1.912379
56.12,-1.912443,1.912443
56.13,-1.912483,1.912483
56.14,-1.912466,1.912466
56.15,-1.91243,1.91243
56.16,-1.912458,1.912458
56.17,-1.912535,1.912535
56.18,-1.91263,1.91263
56.19,-1.912722,1.912722
56.2,-1.912873,1.912873
56.21,-1.912986,1.912986
56.22,-1.913105,1.913105
56.23,-1.913201,1.913201
56.24,-1.91331,1.91331
56.25,-1.91337,1.91337
56.26,-1.913407,1.913407
56.27,-1.913398,1.913398
56.28,-1.913456,1.913456
56.29,-1.913507,1.913507
56.3,-1.913496,1.913496
56.31,-1.913439,1.913439
56.32,-1.913477,1.913477
56.33,-1.913571,1.913571
56.34,-1.913629,1.913629
56.35,-1.913658,1.913658
56.36,-1.91363,1.91363
56.37,-1.913504,1.913504
56.38,-1.913495,1.913495
56.39,-1.91353,1.91353
56.4,-1.913621,1.913621
56.41,-1.913686,1.913686
56.42,-1.913884,1.913884
56.43,-1.914023,1.914023
56.44,-1.914111,1.914111
56.45,-1.914166,1.914166
56.46,-1.914287,1.914287
56.47,-1.914327,1.914327
56.48,-1.914441,1.914441
56.49,-1.914539,1.914539
56.5,-1.914667,1.914667
56.51,-1.914776,1.914776
56.52,-1.914907,1.914907
56.53,-1.915072,1.915072
56.54,-1.915295,1.915295
56.55,-1.915456,1.915456
56.56,-1.915661,1.915661
56.57,-1.915789,1.915789
56.58,-1.915992,1.915992
56.59,-1.916192,1.916192
56.6,-1.916319,1.916319
56.61,-1.916325,1.916325
56.62,-1.916357,1.916357
56.63,-1.916328,1.916328
56.64,-1.916265,1.916265
56.65,-1.916297,1.916297
56.66,-1.916505,1.916505
56.67,-1.916695,1.916695
56.68,-1.916911,1.916911
56.69,-1.917061,1.917061
56.7,-1.917192,1.917192
56.71,-1.917321,1.917321
56.72,-1.917432,1.917432
56.73,-1.917552,1.917552
56.74,-1.917711,1.917711
56.75,-1.917849,1.917849
56.76,-1.917988,1.917988
56.77,-1.91815,1.91815
56.78,-1.918221,1.918221
56.79,-1.918283,1.918283
56.8,-1.91834,1.91834
56.81,-1.918306,1.918306
56.82,-1.918231,1.918231
56.83,-1.918068,1.918068
56.84,-1.917984,1.917984
56.85,-1.918012,1.918012
56.86,-1.918065,1.918065
56.87,-1.917983,1.917983
56.88,-1.917863,1.917863
56.89,-1.917726,1.917726
56.9,-1.917602,1.917602
56.91,-1.917527,1.917527
56.92,-1.917377,1.917377
56.93,-1.917191,1.917191
56.94,-1.916958,1.916958
56.95,-1.916614,1.916614
56.96,-1.916324,1.916324
56.97,-1.916147,1.916147
56.98,-1.915998,1.915998
56.99,-1.915825,1.915825
57.0,-1.915668,1.915668
57.01,-1.915557,1.915557
57.02,-1.915485,1.915485
57.03,-1.915269,1.915269
57.04,-1.914983,1.914983
57.05,-1.914702,1.914702
57.06,-1.914428,1.914428
57.07,-1.914151,1.914151
57.08,-1.913918,1.913918
57.09,-1.913736,1.913736
57.1,-1.913642,1.913642
57.11,-1.913525,1.913525
57.12,-1.913414,1.913414
57.13,-1.913248,1.913248
57.14,-1.913066,1.913066
57.15,-1.912916,1.912916
57.16,-1.912701,1.912701
57.17,-1.912458,1.912458
57.18,-1.91228,1.91228
57.19,-1.912149,1.912149
57.2,-1.912058,1.912058
57.21,-1.911967,1.911967
57.22,-1.91198,1.91198
57.23,-1.912074,1.912074
57.24,-1.912227,1.912227
57.25,-1.91242,1.91242
57.26,-1.912635,1.912635
57.27,-1.912718,1.912718
57.28,-1.912806,1.912806
57.29,-1.912982,1.912982
57.3,-1.913131,1.913131
57.31,-1.913237,1.913237
57.32,-1.913427,1.913427
57.33,-1.913668,1.913668
57.34,-1.913885,1.913885
57.35,-1.91416,1.91416
57.36,-1.914464,1.914464
57.37,-1.914745,1.914745
57.38,-1.915063,1.915063
57.39,-1.915332,1.915332
57.4,-1.91564,1.91564
57.41,-1.916049,1.916049
57.42,-1.916423,1.916423
57.43,-1.916735,1.916735
57.44,-1.916966,1.916966
57.45,-1.917069,1.917069
57.46,-1.917191,1.917191
57.47,-1.917347,1.917347
57.48,-1.917426,1.917426
57.49,-1.917512,1.917512
57.5,-1.917758,1.917758
57.51,-1.917895,1.917895
57.52,-1.918053,1.918053
57.53,-1.918305,1.918305
57.54,-1.918565,1.918565
57.55,-1.918739,1.918739
57.56,-1.918832,1.918832
57.57,-1.918871,1.918871
57.58,-1.918861,1.918861
57.59,-1.918882,1.918882
57.6,-1.918913,1.918913
57.61,-1.918961,1.918961
57.62,-1.919061,1.919061
57.63,-1.91916,1.91916
57.64,-1.919158,1.919158
57.65,-1.919085,1.919085
57.66,-1.919071,1.919071
57.67,-1.919015,1.919015
57.68,-1.918813,1.918813
57.69,-1.918574,1.918574
57.7,-1.918267,1.918267
57.71,-1.917972,1.917972
57.72,-1.917736,1.917736
57.73,-1.917579,1.917579
57.74,-1.91745,1.91745
57.75,-1.917365,1.917365
57.76,-1.917283,1.917283
57.77,-1.917169,1.917169
57.78,-1.917048,1.917048
57.79,-1.916884,1.916884
57.8,-1.916687,1.916687
57.81,-1.916572,1.916572
57.82,-1.916442,1.916442
57.83,-1.916266,1.916266
57.84,-1.916066,1.916066
57.85,-1.915784,1.915784
57.86,-1.915522,1.915522
57.87,-1.915273,1.915273
57.88,-1.914941,1.914941
57.89,-1.914681,1.914681
57.9,-1.914384,1.914384
57.91,-1.914122,1.914122
57.92,-1.913797,1.913797
57.93,-1.913533,1.913533
57.94,-1.91319,1.91319
57.95,-1.912798,1.912798
57.96,-1.912412,1.912412
57.97,-1.912188,1.912188
57.98,-1.911909,1.911909
57.99,-1.911648,1.911648
58.0,-1.911448,1.911448
58.01,-1.911225,1.911225
58.02,-1.910991,1.910991
58.03,-1.910721,1.910721
58.04,-1.910454,1.910454
58.05,-1.910111,1.910111
58.06,-1.909774,1.909774
58.07,-1.909489,1.909489
58.08,-1.909037,1.909037
58.09,-1.908591,1.908591
58.1,-1.908188,1.908188
58.11,-1.907703,1.907703
58.12,-1.907347,1.907347
58.13,-1.907028,1.907028
58.14,-1.906694,1.906694
58.15,-1.906347,1.906347
58.16,-1.905917,1.905917
58.17,-1.905517,1.905517
58.18,-1.905232,1.905232
58.19,-1.904935,1.904935
58.2,-1.904571,1.904571
58.21,-1.904296,1.904296
58.22,-1.904059,1.904059
58.23,-1.903728,1.903728
58.24,-1.903316,1.903316
58.25,-1.902891,1.902891
58.26,-1.902508,1.902508
58.27,-1.902135,1.902135
58.28,-1.901843,1.901843
58.29,-1.901515,1.901515
58.3,-1.901219,1.901219
58.31,-1.900984,1.900984
58.32,-1.900831,1.900831
58.33,-1.900722,1.900722
58.34,-1.900599,1.900599
58.35,-1.900427,1.900427
58.36,-1.900321,1.900321
58.37,-1.9002,1.9002
58.38,-1.900154,1.900154
58.39,-1.900231,1.900231
58.4,-1.900294,1.900294
58.41,-1.900287,1.900287
58.42,-1.9004,1.9004
58.43,-1.900558,1.900558
58.44,-1.90079,1.90079
58.45,-1.901037,1.901037
58.46,-1.901259,1.901259
58.47,-1.901518,1.901518
58.48,-1.901733,1.901733
58.49,-1.901826,1.901826
58.5,-1.901986,1.901986
58.51,-1.902166,1.902166
58.52,-1.902407,1.902407
58.53,-1.902655,1.902655
58.54,-1.902916,1.902916
58.55,-1.903205,1.903205
58.56,-1.903516,1.903516
58.57,-1.903727,1.903727
58.58,-1.903862,1.903862
58.59,-1.903945,1.903945
58.6,-1.904062,1.904062
58.61,-1.904214,1.904214
58.62,-1.904328,1.904328
58.63,-1.904368,1.904368
58.64,-1.904512,1.904512
58.65,-1.904639,1.904639
58.66,-1.904759,1.904759
58.67,-1.904908,1.904908
58.68,-1.905105,1.905105
58.69,-1.905272,1.905272
58.7,-1.905271,1.905271
58.71,-1.905237,1.905237
58.72,-1.905214,1.905214
58.73,-1.905095,1.905095
58.74,-1.905031,1.905031
58.75,-1.905002,1.905002
58.76,-1.905082,1.905082
58.77,-1.905194,1.905194
58.78,-1.90531,1.90531
58.79,-1.905284,1.905284
58.8,-1.905246,1.905246
58.81,-1.905211,1.905211
58.82,-1.905188,1.905188
58.83,-1.905098,1.905098
58.84,-1.905004,1.905004
58.85,-1.904895,1.904895
58.86,-1.904725,1.904725
58.87,-1.90449,1.90449
58.88,-1.904352,1.904352
58.89,-1.904248,1.904248
58.9,-1.904083,1.904083
58.91,-1.903935,1.903935
58.92,-1.903775,1.903775
58.93,-1.903588,1.903588
58.94,-1.903309,1.903309
58.95,-1.903129,1.903129
58.96,-1.902948,1.902948
58.97,-1.902734,1.902734
58.98,-1.902495,1.902495
58.99,-1.902323,1.902323
59.0,-1.902179,1.902179
59.01,-1.902012,1.902012
59.02,-1.901767,1.901767
59.03,-1.901502,1.901502
59.04,-1.901297,1.901297
59.05,-1.901178,1.901178
59.06,-1.901074,1.901074
59.07,-1.900931,1.900931
59.08,-1.900761,1.900761
59.09,-1.900607,1.900607
59.1,-1.900502,1.900502
59.11,-1.900273,1.900273
59.12,-1.900084,1.900084
59.13,-1.900009,1.900009
59.14,-1.899911,1.899911
59.15,-1.899853,1.899853
59.16,-1.899716,1.899716
59.17,-1.89946,1.89946
59.18,-1.899163,1.899163
59.19,-1.898879,1.898879
59.2,-1.898695,1.898695
59.21,-1.898538,1.898538
59.22,-1.898344,1.898344
59.23,-1.898124,1.898124
59.24,-1.897943,1.897943
59.25,-1.897805,1.897805
59.26,-1.897642,1.897642
59.27,-1.89749,1.89749
59.28,-1.89739,1.89739
59.29,-1.89732,1.89732
59.3,-1.897293,1.897293
59.31,-1.897298,1.897298
59.32,-1.897346,1.897346
59.33,-1.897437,1.897437
59.34,-1.897529,1.897529
59.35,-1.897803,1.897803
59.36,-1.898064,1.898064
59.37,-1.898291,1.898291
59.38,-1.898593,1.898593
59.39,-1.898863,1.898863
59.4,-1.899051,1.899051
59.41,-1.899284,1.899284
59.42,-1.899522,1.899522
59.43,-1.899688,1.899688
59.44,-1.899931,1.899931
59.45,-1.900281,1.900281
59.46,-1.900614,1.900614
59.47,-1.900924,1.900924
59.48,-1.901182,1.901182
59.49,-1.901435,1.901435
59.5,-1.901692,1.901692
59.51,-1.901968,1.901968
59.52,-1.902213,1.902213
59.53,-1.902491,1.902491
59.54,-1.902695,1.902695
59.55,-1.902892,1.902892
59.56,-1.903147,1.903147
59.57,-1.903474,1.903474
59.58,-1.903784,1.903784
59.59,-1.904066,1.904066
59.6,-1.904313,1.904313
59.61,-1.904572,1.904572
59.62,-1.904828,1.904828
59.63,-1.905139,1.905139
59.64,-1.905372,1.905372
59.65,-1.905619,1.905619
59.66,-1.905854,1.905854
59.67,-1.906112,1.906112
59.68,-1.906255,1.906255
59.69,-1.90651,1.90651
59.7,-1.906853,1.906853
59.71,-1.907156,1.907156
59.72,-1.907388,1.907388
59.73,-1.907709,1.907709
59.74,-1.90792,1.90792
59.75,-1.908057,1.908057
59.76,-1.90808,1.90808
59.77,-1.908108,1.908108
59.78,-1.908064,1.908064
59.79,-1.908094,1.908094
59.8,-1.90811,1.90811
59.81,-1.908231,1.908231
59.82,-1.908263,1.908263
59.83,-1.908264,1.908264
59.84,-1.908256,1.908256
59.85,-1.908321,1.908321
59.86,-1.908339,1.908339
59.87,-1.908273,1.908273
59.88,-1.908215,1.908215
59.89,-1.90825,1.90825
59.9,-1.908275,1.908275
59.91,-1.908333,1.908333
59.92,-1.90834,1.90834
59.93,-1.908385,1.908385
59.94,-1.908477,1.908477
59.95,-1.908577,1.908577
59.96,-1.908577,1.908577
59.97,-1.908647,1.908647
59.98,-1.908794,1.908794
59.99,-1.908947,1.908947
60.0,-1.908988,1.908988
60.01,-1.909126,1.909126
60.02,-1.90914,1.90914
60.03,-1.909187,1.909187
60.04,-1.90922,1.90922
60.05,-1.909265,1.909265
60.06,-1.909422,1.909422
60.07,-1.90959,1.90959
60.08,-1.909698,1.909698
60.09,-1.909826,1.909826
60.1,-1.909951,1.909951
60.11,-1.910101,1.910101
60.12,-1.910106,1.910106
60.13,-1.910079,1.910079
60.14,-1.910001,1.910001
60.15,-1.909925,1.909925
60.16,-1.909848,1.909848
60.17,-1.90986,1.90986
60.18,-1.909849,1.909849
60.19,-1.909901,1.909901
60.2,-1.909941,1.909941
60.21,-1.910107,1.910107
60.22,-1.910302,1.910302
60.23,-1.910494,1.910494
60.24,-1.910622,1.910622
60.25,-1.910689,1.910689
60.26,-1.910706,1.910706
60.27,-1.910746,1.910746
60.28,-1.910712,1.910712
60.29,-1.91074,1.91074
60.3,-1.910769,1.910769
60.31,-1.910878,1.910878
60.32,-1.911095,1.911095
60.33,-1.911249,1.911249
60.34,-1.911375,1.911375
60.35,-1.911571,1.911571
60.36,-1.911669,1.911669
60.37,-1.911728,1.911728
60.38,-1.911747,1.911747
60.39,-1.911708,1.911708
60.4,-1.911641,1.911641
60.41,-1.911656,1.911656
60.42,-1.911712,1.911712
60.43,-1.911813,1.911813
60.44,-1.911816,1.911816
60.45,-1.911816,1.911816
60.46,-1.91173,1.91173
60.47,-1.911729,1.911729
60.48,-1.911874,1.911874
60.49,-1.912034,1.912034
60.5,-1.912142,1.912142
60.51,-1.912241,1.912241
60.52,-1.91225,1.91225
60.53,-1.912308,1.912308
60.54,-1.912246,1.912246
60.55,-1.912194,1.912194
60.56,-1.912196,1.912196
60.57,-1.912288,1.912288
60.58,-1.912456,1.912456
60.59,-1.91266,1.91266
60.6,-1.912807,1.912807
60.61,-1.913006,1.913006
60.62,-1.913167,1.913167
60.63,-1.913238,1.913238
60.64,-1.913378,1.913378
60.65,-1.91349,1.91349
60.66,-1.913584,1.913584
60.67,-1.913656,1.913656
60.68,-1.913767,1.913767
60.69,-1.913964,1.913964
60.7,-1.914225,1.914225
60.71,-1.914472,1.914472
60.72,-1.914668,1.914668
60.73,-1.914808,1.914808
60.74,-1.914905,1.914905
60.75,-1.915052,1.915052
60.76,-1.915153,1.915153
60.77,-1.915252,1.915252
60.78,-1.915287,1.915287
60.79,-1.915294,1.915294
60.8,-1.915411,1.915411
60.81,-1.915577,1.915577
60.82,-1.9157,1.9157
60.83,-1.915816,1.915816
60.84,-1.915949,1.915949
60.85,-1.916045,1.916045
60.86,-1.91611,1.91611
60.87,-1.916202,1.916202
60.88,-1.916339,1.916339
60.89,-1.916645,1.916645
60.9,-1.916986,1.916986
60.91,-1.917201,1.917201
60.92,-1.917437,1.917437
60.93,-1.917707,1.917707
60.94,-1.917896,1.917896
60.95,-1.918048,1.918048
60.96,-1.918177,1.918177
60.97,-1.918287,1.918287
60.98,-1.918335,1.918335
60.99,-1.918462,1.918462
61.0,-1.918588,1.918588
61.01,-1.918622,1.918622
61.02,-1.918666,1.918666
61.03,-1.918753,1.918753
61.04,-1.918817,1.918817
61.05,-1.91889,1.91889
61.06,-1.918985,1.918985
61.07,-1.919062,1.919062
61.08,-1.919046,1.919046
61.09,-1.918919,1.918919
61.1,-1.918831,1.918831
61.11,-1.918778,1.918778
61.12,-1.918666,1.918666
61.13,-1.91854,1.91854
61.14,-1.918413,1.918413
61.15,-1.918262,1.918262
61.16,-1.918146,1.918146
61.17,-1.918042,1.918042
61.18,-1.91783,1.91783
61.19,-1.917637,1.917637
61.2,-1.917436,1.917436
61.21,-1.917251,1.917251
61.22,-1.917061,1.917061
61.23,-1.916876,1.916876
61.24,-1.916594,1.916594
61.25,-1.916356,1.916356
61.26,-1.916144,1.916144
61.27,-1.915978,1.915978
61.28,-1.915749,1.915749
61.29,-1.915511,1.915511
61.3,-1.915232,1.915232
61.31,-1.915079,1.915079
61.32,-1.91486,1.91486
61.33,-1.914702,1.914702
61.34,-1.91438,1.91438
61.35,-1.914011,1.914011
61.36,-1.913743,1.913743
61.37,-1.913562,1.913562
61.38,-1.913304,1.913304
61.39,-1.913204,1.913204
61.4,-1.913047,1.913047
61.41,-1.912838,1.912838
61.42,-1.912547,1.912547
61.43,-1.91237,1.91237
61.44,-1.912223,1.912223
61.45,-1.912163,1.912163
61.46,-1.91216,1.91216
61.47,-1.912188,1.912188
61.48,-1.912098,1.912098
61.49,-1.91203,1.91203
61.5,-1.911903,1.911903
61.51,-1.911803,1.911803
61.52,-1.911721,1.911721
61.53,-1.911649,1.911649
61.54,-1.911525,1.911525
61.55,-1.911504,1.911504
61.56,-1.911535,1.911535
61.57,-1.911528,1.911528
61.58,-1.911518,1.911518
61.59,-1.911534,1.911534
61.6,-1.911667,1.911667
61.61,-1.911669,1.911669
61.62,-1.911734,1.911734
61.63,-1.911863,1.911863
61.64,-1.911963,1.911963
61.65,-1.912013,1.912013
61.66,-1.912058,1.912058
61.67,-1.912179,1.912179
61.68,-1.912349,1.912349
61.69,-1.912584,1.912584
61.7,-1.912685,1.912685
61.71,-1.91276,1.91276
61.72,-1.912884,1.912884
61.73,-1.913027,1.913027
61.74,-1.913113,1.913113
61.75,-1.91327,1.91327
61.76,-1.913387,1.913387
61.77,-1.913448,1.913448
61.78,-1.913581,1.913581
61.79,-1.913786,1.913786
61.8,-1.913977,1.913977
61.81,-1.914053,1.914053
61.82,-1.913996,1.913996
61.83,-1.913934,1.913934
61.84,-1.913943,1.913943
61.85,-1.913949,1.913949
61.86,-1.913867,1.913867
61.87,-1.913813,1.913813
61.88,-1.913832,1.913832
61.89,-1.91381,1.91381
61.9,-1.913805,1.913805
61.91,-1.913847,1.913847
61.92,-1.913856,1.913856
61.93,-1.913794,1.913794
61.94,-1.913731,1.913731
61.95,-1.913768,1.913768
61.96,-1.913772,1.913772
61.97,-1.91384,1.91384
61.98,-1.913977,1.913977
61.99,-1.914157,1.914157
62.0,-1.914224,1.914224
62.01,-1.914359,1.914359
62.02,-1.914434,1.914434
62.03,-1.91445,1.91445
62.04,-1.91448,1.91448
62.05,-1.914526,1.914526
62.06,-1.914623,1.914623
62.07,-1.914799,1.914799
62.08,-1.914953,1.914953
62.09,-1.915106,1.915106
62.1,-1.915212,1.915212
62.11,-1.915331,1.915331
62.12,-1.915501,1.915501
62.13,-1.915716,1.915716
62.14,-1.915823,1.915823
62.15,-1.915898,1.915898
62.16,-1.915943,1.915943
62.17,-1.915979,1.915979
62.18,-1.916052,1.916052
62.19,-1.91625,1.91625
62.2,-1.916344,1.916344
62.21,-1.916302,1.916302
62.22,-1.91627,1.91627
62.23,-1.916294,1.916294
62.24,-1.916206,1.916206
62.25,-1.916277,1.916277
62.26,-1.916332,1.916332
62.27,-1.916213,1.916213
62.28,-1.91596,1.91596
62.29,-1.915846,1.915846
62.3,-1.91572,1.91572
62.31,-1.915591,1.915591
62.32,-1.91542,1.91542
62.33,-1.915302,1.915302
62.34,-1.915102,1.915102
62.35,-1.914841,1.914841
62.36,-1.914587,1.914587
62.37,-1.914363,1.914363
62.38,-1.914052,1.914052
62.39,-1.913777,1.913777
62.4,-1.913395,1.913395
62.41,-1.913073,1.913073
62.42,-1.91273,1.91273
62.43,-1.912385,1.912385
62.44,-1.912017,1.912017
62.45,-1.911695,1.911695
62.46,-1.911398,1.911398
62.47,-1.911081,1.911081
62.48,-1.91064,1.91064
62.49,-1.910297,1.910297
62.5,-1.909905,1.909905
62.51,-1.90955,1.90955
62.52,-1.909217,1.909217
62.53,-1.908903,1.908903
62.54,-1.908649,1.908649
62.55,-1.908483,1.908483
62.56,-1.908424,1.908424
62.57,-1.908324,1.908324
62.58,-1.908192,1.908192
62.59,-1.908075,1.908075
62.6,-1.907955,1.907955
62.61,-1.907924,1.907924
62.62,-1.907849,1.907849
62.63,-1.90786,1.90786
62.64,-1.907939,1.907939
62.65,-1.908069,1.908069
62.66,-1.908137,1.908137
62.67,-1.908183,1.908183
62.68,-1.908257,1.908257
62.69,-1.908427,1.908427
62.7,-1.908545,1.908545
62.71,-1.908612,1.908612
62.72,-1.908747,1.908747
62.73,-1.90891,1.90891
62.74,-1.909029,1.909029
62.75,-1.909226,1.909226
62.76,-1.909444,1.909444
62.77,-1.90948,1.90948
62.78,-1.909417,1.909417
62.79,-1.909363,1.909363
62.8,-1.909359,1.909359
62.81,-1.909418,1.909418
62.82,-1.909515,1.909515
62.83,-1.909596,1.909596
62.84,-1.909596,1.909596
62.85,-1.909579,1.909579
62.86,-1.909533,1.909533
62.87,-1.909395,1.909395
62.88,-1.909188,1.909188
62.89,-1.908981,1.908981
62.9,-1.908724,1.908724
62.91,-1.908596,1.908596
62.92,-1.908467,1.908467
62.93,-1.908357,1.908357
62.94,-1.908377,1.908377
62.95,-1.908463,1.908463
62.96,-1.908513,1.908513
62.97,-1.908486,1.908486
62.98,-1.908452,1.908452
62.99,-1.90852,1.90852
63.0,-1.908584,1.908584
63.01,-1.908584,1.908584
63.02,-1.908664,1.908664
63.03,-1.908752,1.908752
63.04,-1.90876,1.90876
63.05,-1.908795,1.908795
63.06,-1.908888,1.908888
63.07,-1.908974,1.908974
63.08,-1.909058,1.909058
63.09,-1.90914,1.90914
63.1,-1.909272,1.909272
63.11,-1.909438,1.909438
63.12,-1.909538,1.909538
63.13,-1.909634,1.909634
63.14,-1.909731,1.909731
63.15,-1.909834,1.909834
63.16,-1.909892,1.909892
63.17,-1.910028,1.910028
63.18,-1.910121,1.910121
63.19,-1.910169,1.910169
63.2,-1.910157,1.910157
63.21,-1.910088,1.910088
63.22,-1.910033,1.910033
63.23,-1.91002,1.91002
63.24,-1.910042,1.910042
63.25,-1.910117,1.910117
63.26,-1.91014,1.91014
63.27,-1.910175,1.910175
63.28,-1.910244,1.910244
63.29,-1.910394,1.910394
63.3,-1.910607,1.910607
63.31,-1.910836,1.910836
63.32,-1.911009,1.911009
63.33,-1.911046,1.911046
63.34,-1.911118,1.911118
63.35,-1.911224,1.911224
63.36,-1.911396,1.911396
63.37,-1.91167,1.91167
63.38,-1.911885,1.911885
63.39,-1.912071,1.912071
63.4,-1.912304,1.912304
63.41,-1.912573,1.912573
63.42,-1.912825,1.912825
63.43,-1.912999,1.912999
63.44,-1.913143,1.913143
63.45,-1.913266,1.913266
63.46,-1.913352,1.913352
63.47,-1.913397,1.913397
63.48,-1.913443,1.913443
63.49,-1.913548,1.913548
63.5,-1.91371,1.91371
63.51,-1.913731,1.913731
63.52,-1.913787,1.913787
63.53,-1.913928,1.913928
63.54,-1.913904,1.913904
63.55,-1.913833,1.913833
63.56,-1.913801,1.913801
63.57,-1.913819,1.913819
63.58,-1.913803,1.913803
63.59,-1.913694,1.913694
63.6,-1.913615,1.913615
63.61,-1.913538,1.913538
63.62,-1.913497,1.913497
63.63,-1.913459,1.913459
63.64,-1.913424,1.913424
63.65,-1.913356,1.913356
63.66,-1.913222,1.913222
63.67,-1.913074,1.913074
63.68,-1.912961,1.912961
63.69,-1.912868,1.912868
63.7,-1.912765,1.912765
63.71,-1.912646,1.912646
63.72,-1.912615,1.912615
63.73,-1.912459,1.912459
63.74,-1.912132,1.912132
63.75,-1.911788,1.911788
63.76,-1.911551,1.911551
63.77,-1.911389,1.911389
63.78,-1.911234,1.911234
63.79,-1.911157,1.911157
63.8,-1.911083,1.911083
63.81,-1.910874,1.910874
63.82,-1.910667,1.910667
63.83,-1.910545,1.910545
63.84,-1.91041,1.91041
63.85,-1.910256,1.910256
63.86,-1.91017,1.91017
63.87,-1.910007,1.910007
63.88,-1.909846,1.909846
63.89,-1.909616,1.909616
63.9,-1.90938,1.90938
63.91,-1.909049,1.909049
63.92,-1.908923,1.908923
63.93,-1.908726,1.908726
63.94,-1.908502,1.908502
63.95,-1.908245,1.908245
63.96,-1.908082,1.908082
63.97,-1.907883,1.907883
63.98,-1.907758,1.907758
63.99,-1.907648,1.907648
64.0,-1.907512,1.907512
64.01,-1.907395,1.907395
64.02,-1.90734,1.90734
64.03,-1.907307,1.907307
64.04,-1.907246,1.907246
64.05,-1.907226,1.907226
64.06,-1.907168,1.907168
64.07,-1.907099,1.907099
64.08,-1.90712,1.90712
64.09,-1.907173,1.907173
64.1,-1.907212,1.907212
64.11,-1.907251,1.907251
64.12,-1.907379,1.907379
64.13,-1.907513,1.907513
64.14,-1.907667,1.907667
64.15,-1.907783,1.907783
64.16,-1.907873,1.907873
64.17,-1.90798,1.90798
64.18,-1.908137,1.908137
64.19,-1.90833,1.90833
64.2,-1.90852,1.90852
64.21,-1.908717,1.908717
64.22,-1.908865,1.908865
64.23,-1.909027,1.909027
64.24,-1.909218,1.909218
64.25,-1.909381,1.909381
64.26,-1.909528,1.909528
64.27,-1.909624,1.909624
64.28,-1.909774,1.909774
64.29,-1.909933,1.909933
64.3,-1.910044,1.910044
64.31,-1.910164,1.910164
64.32,-1.91029,1.91029
64.33,-1.910325,1.910325
64.34,-1.910408,1.910408
64.35,-1.910416,1.910416
64.36,-1.910465,1.910465
64.37,-1.91048,1.91048
64.38,-1.9106,1.9106
64.39,-1.910804,1.910804
64.4,-1.91095,1.91095
64.41,-1.911022,1.911022
64.42,-1.911054,1.911054
64.43,-1.910987,1.910987
64.44,-1.911005,1.911005
64.45,-1.910969,1.910969
64.46,-1.911001,1.911001
64.47,-1.911018,1.911018
64.48,-1.910953,1.910953
64.49,-1.910859,1.910859
64.5,-1.910706,1.910706
64.51,-1.910521,1.910521
64.52,-1.910383,1.910383
64.53,-1.910186,1.910186
64.54,-1.909936,1.909936
64.55,-1.909706,1.909706
64.56,-1.909461,1.909461
64.57,-1.909233,1.909233
64.58,-1.908988,1.908988
64.59,-1.908747,1.908747
64.6,-1.908488,1.908488
64.61,-1.908255,1.908255
64.62,-1.90806,1.90806
64.63,-1.907869,1.907869
64.64,-1.907662,1.907662
64.65,-1.907378,1.907378
64.66,-1.907128,1.907128
64.67,-1.906877,1.906877
64.68,-1.906744,1.906744
64.69,-1.906655,1.906655
64.7,-1.906552,1.906552
64.71,-1.906402,1.906402
64.72,-1.906275,1.906275
64.73,-1.906139,1.906139
64.74,-1.905968,1.905968
64.75,-1.905804,1.905804
64.76,-1.905568,1.905568
64.77,-1.905367,1.905367
64.78,-1.90525,1.90525
64.79,-1.905113,1.905113
64.8,-1.904959,1.904959
64.81,-1.904689,1.904689
64.82,-1.9045,1.9045
64.83,-1.904437,1.904437
64.84,-1.904466,1.904466
64.85,-1.904329,1.904329
64.86,-1.904193,1.904193
64.87,-1.904128,1.904128
64.88,-1.90413,1.90413
64.89,-1.903952,1.903952
64.9,-1.90384,1.90384
64.91,-1.903789,1.903789
64.92,-1.903742,1.903742
64.93,-1.903644,1.903644
64.94,-1.903617,1.903617
64.95,-1.903672,1.903672
64.96,-1.903719,1.903719
64.97,-1.903755,1.903755
64.98,-1.903901,1.903901
64.99,-1.903943,1.903943
65.0,-1.904097,1.904097
65.01,-1.904166,1.904166
65.02,-1.904289,1.904289
65.03,-1.904509,1.904509
65.04,-1.904765,1.904765
65.05,-1.905009,1.905009
65.06,-1.905174,1.905174
65.07,-1.90534,1.90534
65.08,-1.905568,1.905568
65.09,-1.905811,1.905811
65.1,-1.906021,1.906021
65.11,-1.906209,1.906209
65.12,-1.906294,1.906294
65.13,-1.906367,1.906367
65.14,-1.906381,1.906381
65.15,-1.906448,1.906448
65.16,-1.906563,1.906563
65.17,-1.90665,1.90665
65.18,-1.906787,1.906787
65.19,-1.906929,1.906929
65.2,-1.907091,1.907091
65.21,-1.907265,1.907265
65.22,-1.907436,1.907436
65.23,-1.907492,1.907492
65.24,-1.90758,1.90758
65.25,-1.907674,1.907674
65.26,-1.907788,1.907788
65.27,-1.907927,1.907927
65.28,-1.9081,1.9081
65.29,-1.908277,1.908277
65.3,-1.908362,1.908362
65.31,-1.908407,1.908407
65.32,-1.908529,1.908529
65.33,-1.908615,1.908615
65.34,-1.908637,1.908637
65.35,-1.90867,1.90867
65.36,-1.908711,1.908711
65.37,-1.908875,1.908875
65.38,-1.909087,1.909087
65.39,-1.909193,1.909193
65.4,-1.909192,1.909192
65.41,-1.909177,1.909177
65.42,-1.909287,1.909287
65.43,-1.909413,1.909413
65.44,-1.909544,1.909544
65.45,-1.909596,1.909596
65.46,-1.909653,1.909653
65.47,-1.909864,1.909864
65.48,-1.910078,1.910078
65.49,-1.910057,1.910057
65.5,-1.910052,1.910052
65.51,-1.910183,1.910183
65.52,-1.910264,1.910264
65.53,-1.910293,1.910293
65.54,-1.910376,1.910376
65.55,-1.910414,1.910414
65.56,-1.910478,1.910478
65.57,-1.910519,1.910519
65.58,-1.910601,1.910601
65.59,-1.910702,1.910702
65.6,-1.910797,1.910797
65.61,-1.910835,1.910835
65.62,-1.910832,1.910832
65.63,-1.910768,1.910768
65.64,-1.910769,1.910769
65.65,-1.910797,1.910797
65.66,-1.910751,1.910751
65.67,-1.910755,1.910755
65.68,-1.910696,1.910696
65.69,-1.910801,1.910801
65.7,-1.910966,1.910966
65.71,-1.91106,1.91106
65.72,-1.911084,1.911084
65.73,-1.911108,1.911108
65.74,-1.911139,1.911139
65.75,-1.911187,1.911187
65.76,-1.911198,1.911198
65.77,-1.911249,1.911249
65.78,-1.911358,1.911358
65.79,-1.911478,1.911478
65.8,-1.911635,1.911635
65.81,-1.911762,1.911762
65.82,-1.911803,1.911803
65.83,-1.911667,1.911667
65.84,-1.911488,1.911488
65.85,-1.91133,1.91133
65.86,-1.911263,1.911263
65.87,-1.91133,1.91133
65.88,-1.911314,1.911314
65.89,-1.911271,1.911271
65.9,-1.911239,1.911239
65.91,-1.911156,1.911156
65.92,-1.911031,1.911031
65.93,-1.910904,1.910904
65.94,-1.910784,1.910784
65.95,-1.910641,1.910641
65.96,-1.910366,1.910366
65.97,-1.910034,1.910034
65.98,-1.909734,1.909734
65.99,-1.909385,1.909385
66.0,-1.909079,1.909079
66.01,-1.908937,1.908937
66.02,-1.90871,1.90871
66.03,-1.908422,1.908422
66.04,-1.908106,1.908106
66.05,-1.907858,1.907858
66.06,-1.907626,1.907626
66.07,-1.907441,1.907441
66.08,-1.907188,1.907188
66.09,-1.906963,1.906963
66.1,-1.90681,1.90681
66.11,-1.906697,1.906697
66.12,-1.906421,1.906421
66.13,-1.906143,1.906143
66.14,-1.905983,1.905983
66.15,-1.90594,1.90594
66.16,-1.90587,1.90587
66.17,-1.905775,1.905775
66.18,-1.905656,1.905656
66.19,-1.905489,1.905489
66.2,-1.905319,1.905319
66.21,-1.905213,1.905213
66.22,-1.905063,1.905063
66.23,-1.904929,1.904929
66.24,-1.904826,1.904826
66.25,-1.90479,1.90479
66.26,-1.904855,1.904855
66.27,-1.90487,1.90487
66.28,-1.904918,1.904918
66.29,-1.905016,1.905016
66.3,-1.905081,1.905081
66.31,-1.905187,1.905187
66.32,-1.905268,1.905268
66.33,-1.905381,1.905381
66.34,-1.905467,1.905467
66.35,-1.905541,1.905541
66.36,-1.905535,1.905535
66.37,-1.905558,1.905558
66.38,-1.905662,1.905662
66.39,-1.905832,1.905832
66.4,-1.905974,1.905974
66.41,-1.90613,1.90613
66.42,-1.906292,1.906292
66.43,-1.906472,1.906472
66.44,-1.906713,1.906713
66.45,-1.906935,1.906935
66.46,-1.907044,1.907044
66.47,-1.907227,1.907227
66.48,-1.90746,1.90746
66.49,-1.907654,1.907654
66.5,-1.907778,1.907778
66.51,-1.907929,1.907929
66.52,-1.908058,1.908058
66.53,-1.908149,1.908149
66.54,-1.908204,1.908204
66.55,-1.908384,1.908384
66.56,-1.9086,1.9086
66.57,-1.908755,1.908755
66.58,-1.908883,1.908883
66.59,-1.90896,1.90896
66.6,-1.909013,1.909013
66.61,-1.909145,1.909145
66.62,-1.909167,1.909167
66.63,-1.909118,1.909118
66.64,-1.909154,1.909154
66.65,-1.909166,1.909166
66.66,-1.909157,1.909157
66.67,-1.909182,1.909182
66.68,-1.909181,1.909181
66.69,-1.909124,1.909124
66.7,-1.909041,1.909041
66.71,-1.90892,1.90892
66.72,-1.908803,1.908803
66.73,-1.908645,1.908645
66.74,-1.908527,1.908527
66.75,-1.908434,1.908434
66.76,-1.908241,1.908241
66.77,-1.908018,1.908018
66.78,-1.907803,1.907803
66.79,-1.907625,1.907625
66.8,-1.907515,1.907515
66.81,-1.90725,1.90725
66.82,-1.906894,1.906894
66.83,-1.906526,1.906526
66.84,-1.906124,1.906124
66.85,-1.905731,1.905731
66.86,-1.905324,1.905324
66.87,-1.904901,1.904901
66.88,-1.904449,1.904449
66.89,-1.904096,1.904096
66.9,-1.903748,1.903748
66.91,-1.903482,1.903482
66.92,-1.903297,1.903297
66.93,-1.903026,1.903026
66.94,-1.902736,1.902736
66.95,-1.902549,1.902549
66.96,-1.902267,1.902267
66.97,-1.902009,1.902009
66.98,-1.901724,1.901724
66.99,-1.901495,1.901495
67.0,-1.901307,1.901307
67.01,-1.901193,1.901193
67.02,-1.901049,1.901049
67.03,-1.901,1.901
67.04,-1.901025,1.901025
67.05,-1.901057,1.901057
67.06,-1.900975,1.900975
67.07,-1.900881,1.900881
67.08,-1.900851,1.900851
67.09,-1.90093,1.90093
67.1,-1.900945,1.900945
67.11,-1.900892,1.900892
67.12,-1.900879,1.900879
67.13,-1.900942,1.900942
67.14,-1.901001,1.901001
67.15,-1.901122,1.901122
67.16,-1.901286,1.901286
67.17,-1.901518,1.901518
67.18,-1.901627,1.901627
67.19,-1.901741,1.901741
67.2,-1.901808,1.901808
67.21,-1.901849,1.901849
67.22,-1.901848,1.901848
67.23,-1.902014,1.902014
67.24,-1.902193,1.902193
67.25,-1.902344,1.902344
67.26,-1.902454,1.902454
67.27,-1.902624,1.902624
67.28,-1.902802,1.902802
67.29,-1.903102,1.903102
67.3,-1.903375,1.903375
67.31,-1.90371,1.90371
67.32,-1.904107,1.904107
67.33,-1.904384,1.904384
67.34,-1.904585,1.904585
67.35,-1.904761,1.904761
67.36,-1.904969,1.904969
67.37,-1.905168,1.905168
67.38,-1.905362,1.905362
67.39,-1.90557,1.90557
67.4,-1.905816,1.905816
67.41,-1.905999,1.905999
67.42,-1.90617,1.90617
67.43,-1.906401,1.906401
67.44,-1.906578,1.906578
67.45,-1.906601,1.906601
67.46,-1.90656,1.90656
67.47,-1.906569,1.906569
67.48,-1.906598,1.906598
67.49,-1.906656,1.906656
67.5,-1.906744,1.906744
67.51,-1.906771,1.906771
67.52,-1.906796,1.906796
67.53,-1.90683,1.90683
67.54,-1.906833,1.906833
67.55,-1.90684,1.90684
67.56,-1.906874,1.906874
67.57,-1.906886,1.906886
67.58,-1.906812,1.906812
67.59,-1.906795,1.906795
67.6,-1.906724,1.906724
67.61,-1.906616,1.906616
67.62,-1.906553,1.906553
67.63,-1.906457,1.906457
67.64,-1.906358,1.906358
67.65,-1.906323,1.906323
67.66,-1.906337,1.906337
67.67,-1.90629,1.90629
67.68,-1.906167,1.906167
67.69,-1.906089,1.906089
67.7,-1.906132,1.906132
67.71,-1.906218,1.906218
67.72,-1.906273,1.906273
67.73,-1.906304,1.906304
67.74,-1.906361,1.906361
67.75,-1.906366,1.906366
67.76,-1.906305,1.906305
67.77,-1.906251,1.906251
67.78,-1.906285,1.906285
67.79,-1.906442,1.906442
67.8,-1.9065,1.9065
67.81,-1.906524,1.906524
67.82,-1.906565,1.906565
67.83,-1.906619,1.906619
67.84,-1.90672,1.90672
67.85,-1.906759,1.906759
67.86,-1.906761,1.906761
67.87,-1.906791,1.906791
67.88,-1.906759,1.906759
67.89,-1.906718,1.906718
67.9,-1.906702,1.906702
67.91,-1.906746,1.906746
67.92,-1.906755,1.906755
67.93,-1.906861,1.906861
67.94,-1.906821,1.906821
67.95,-1.906807,1.906807
67.96,-1.906858,1.906858
67.97,-1.906829,1.906829
67.98,-1.906804,1.906804
67.99,-1.90667,1.90667
68.0,-1.906484,1.906484
68.01,-1.906297,1.906297
68.02,-1.906134,1.906134
68.03,-1.905989,1.905989
68.04,-1.905903,1.905903
68.05,-1.905791,1.905791
68.06,-1.905625,1.905625
68.07,-1.905397,1.905397
68.08,-1.905143,1.905143
68.09,-1.904973,1.904973
68.1,-1.904825,1.904825
68.11,-1.904679,1.904679
68.12,-1.904557,1.904557
68.13,-1.904469,1.904469
68.14,-1.904454,1.904454
68.15,-1.904376,1.904376
68.16,-1.904323,1.904323
68.17,-1.904423,1.904423
68.18,-1.904517,1.904517
68.19,-1.904657,1.904657
68.2,-1.90475,1.90475
68.21,-1.904923,1.904923
68.22,-1.905039,1.905039
68.23,-1.905076,1.905076
68.24,-1.904948,1.904948
68.25,-1.90484,1.90484
68.26,-1.904726,1.904726
68.27,-1.904695,1.904695
68.28,-1.904641,1.904641
68.29,-1.904616,1.904616
68.3,-1.90461,1.90461
68.31,-1.904646,1.904646
68.32,-1.904728,1.904728
68.33,-1.904743,1.904743
68.34,-1.904698,1.904698
68.35,-1.904695,1.904695
68.36,-1.904597,1.904597
68.37,-1.904491,1.904491
68.38,-1.904403,1.904403
68.39,-1.90434,1.90434
68.4,-1.904355,1.904355
68.41,-1.904388,1.904388
68.42,-1.904358,1.904358
68.43,-1.904303,1.904303
68.44,-1.90425,1.90425
68.45,-1.904272,1.904272
68.46,-1.904385,1.904385
68.47,-1.904426,1.904426
68.48,-1.904404,1.904404
68.49,-1.904391,1.904391
68.5,-1.904366,1.904366
68.51,-1.904414,1.904414
68.52,-1.904477,1.904477
68.53,-1.90459,1.90459
68.54,-1.904617,1.904617
68.55,-1.904653,1.904653
68.56,-1.904723,1.904723
68.57,-1.904836,1.904836
68.58,-1.90491,1.90491
68.59,-1.904975,1.904975
68.6,-1.905036,1.905036
68.61,-1.905126,1.905126
68.62,-1.905203,1.905203
68.63,-1.90531,1.90531
68.64,-1.905326,1.905326
68.65,-1.905327,1.905327
68.66,-1.905248,1.905248
68.67,-1.905161,1.905161
68.68,-1.905139,1.905139
68.69,-1.905098,1.905098
68.7,-1.905082,1.905082
68.71,-1.905015,1.905015
68.72,-1.904897,1.904897
68.73,-1.904777,1.904777
68.74,-1.904635,1.904635
68.75,-1.904529,1.904529
68.76,-1.904383,1.904383
68.77,-1.904227,1.904227
68.78,-1.904029,1.904029
68.79,-1.903888,1.903888
68.8,-1.903723,1.903723
68.81,-1.903531,1.903531
68.82,-1.903306,1.903306
68.83,-1.90301,1.90301
68.84,-1.902729,1.902729
68.85,-1.902541,1.902541
68.86,-1.902382,1.902382
68.87,-1.902266,1.902266
68.88,-1.90216,1.90216
68.89,-1.902083,1.902083
68.9,-1.902025,1.902025
68.91,-1.901881,1.901881
68.92,-1.901704,1.901704
68.93,-1.901578,1.901578
68.94,-1.901502,1.901502
68.95,-1.901426,1.901426
68.96,-1.901334,1.901334
68.97,-1.901289,1.901289
68.98,-1.901262,1.901262
68.99,-1.901398,1.901398
69.0,-1.901507,1.901507
69.01,-1.901761,1.901761
69.02,-1.90201,1.90201
69.03,-1.902224,1.902224
69.04,-1.902408,1.902408
69.05,-1.902653,1.902653
69.06,-1.902868,1.902868
69.07,-1.903111,1.903111
69.08,-1.903312,1.903312
69.09,-1.903524,1.903524
69.1,-1.903711,1.903711
69.11,-1.903904,1.903904
69.12,-1.904168,1.904168
69.13,-1.904509,1.904509
69.14,-1.904751,1.904751
69.15,-1.904968,1.904968
69.16,-1.905165,1.905165
69.17,-1.905348,1.905348
69.18,-1.905383,1.905383
69.19,-1.905293,1.905293
69.2,-1.905189,1.905189
69.21,-1.905165,1.905165
69.22,-1.905225,1.905225
69.23,-1.905264,1.905264
69.24,-1.905259,1.905259
69.25,-1.905279,1.905279
69.26,-1.90524,1.90524
69.27,-1.905166,1.905166
69.28,-1.905085,1.905085
69.29,-1.904946,1.904946
69.3,-1.904766,1.904766
69.31,-1.904589,1.904589
69.32,-1.904422,1.904422
69.33,-1.904284,1.904284
69.34,-1.904156,1.904156
69.35,-1.904049,1.904049
69.36,-1.903967,1.903967
69.37,-1.903973,1.903973
69.38,-1.90396,1.90396
69.39,-1.904033,1.904033
69.4,-1.904103,1.904103
69.41,-1.904189,1.904189
69.42,-1.904257,1.904257
69.43,-1.904284,1.904284
69.44,-1.904272,1.904272
69.45,-1.904364,1.904364
69.46,-1.904506,1.904506
69.47,-1.904721,1.904721
69.48,-1.904847,1.904847
69.49,-1.904998,1.904998
69.5,-1.905246,1.905246
69.51,-1.905513,1.905513
69.52,-1.905754,1.905754
69.53,-1.906015,1.906015
69.54,-1.906181,1.906181
69.55,-1.906325,1.906325
69.56,-1.906428,1.906428
69.57,-1.906533,1.906533
69.58,-1.906659,1.906659
69.59,-1.906842,1.906842
69.6,-1.906979,1.906979
69.61,-1.907135,1.907135
69.62,-1.907255,1.907255
69.63,-1.907425,1.907425
69.64,-1.907514,1.907514
69.65,-1.907571,1.907571
69.66,-1.907599,1.907599
69.67,-1.907668,1.907668
69.68,-1.90757,1.90757
69.69,-1.907432,1.907432
69.7,-1.907169,1.907169
69.71,-1.906972,1.906972
69.72,-1.906858,1.906858
69.73,-1.906797,1.906797
69.74,-1.906755,1.906755
69.75,-1.906803,1.906803
69.76,-1.906829,1.906829
69.77,-1.906862,1.906862
69.78,-1.906818,1.906818
69.79,-1.906812,1.906812
69.8,-1.906812,1.906812
69.81,-1.906865,1.906865
69.82,-1.906968,1.906968
69.83,-1.906981,1.906981
69.84,-1.907082,1.907082
69.85,-1.907227,1.907227
69.86,-1.907281,1.907281
69.87,-1.907419,1.907419
69.88,-1.907552,1.907552
69.89,-1.907675,1.907675
69.9,-1.907736,1.907736
69.91,-1.907865,1.907865
69.92,-1.907914,1.907914
69.93,-1.907978,1.907978
69.94,-1.907991,1.907991
69.95,-1.908102,1.908102
69.96,-1.90826,1.90826
69.97,-1.908496,1.908496
69.98,-1.908612,1.908612
69.99,-1.908758,1.908758
70.0,-1.908824,1.908824
70.01,-1.908915,1.908915
70.02,-1.908922,1.908922
70.03,-1.908961,1.908961
70.04,-1.908874,1.908874
70.05,-1.908787,1.908787
70.06,-1.908677,1.908677
70.07,-1.908629,1.908629
70.08,-1.908456,1.908456
70.09,-1.90822,1.90822
70.1,-1.908025,1.908025
70.11,-1.907937,1.907937
70.12,-1.90792,1.90792
70.13,-1.907888,1.907888
70.14,-1.907694,1.907694
70.15,-1.907472,1.907472
70.16,-1.907346,1.907346
70.17,-1.907306,1.907306
70.18,-1.907342,1.907342
70.19,-1.907359,1.907359
70.2,-1.907321,1.907321
70.21,-1.907363,1.907363
70.22,-1.907396,1.907396
70.23,-1.907461,1.907461
70.24,-1.90753,1.90753
70.25,-1.907694,1.907694
70.26,-1.907879,1.907879
70.27,-1.908039,1.908039
70.28,-1.908194,1.908194
70.29,-1.908378,1.908378
70.3,-1.908557,1.908557
70.31,-1.908723,1.908723
70.32,-1.908983,1.908983
70.33,-1.909233,1.909233
70.34,-1.909363,1.909363
70.35,-1.90956,1.90956
70.36,-1.909829,1.909829
70.37,-1.910139,1.910139
70.38,-1.910378,1.910378
70.39,-1.910652,1.910652
70.4,-1.910786,1.910786
70.41,-1.910789,1.910789
70.42,-1.910782,1.910782
70.43,-1.910808,1.910808
70.44,-1.910854,1.910854
70.45,-1.910888,1.910888
70.46,-1.910768,1.910768
70.47,-1.910727,1.910727
70.48,-1.91063,1.91063
70.49,-1.910525,1.910525
70.5,-1.910448,1.910448
70.51,-1.910415,1.910415
70.52,-1.910402,1.910402
70.53,-1.910311,1.910311
70.54,-1.910172,1.910172
70.55,-1.910061,1.910061
70.56,-1.909897,1.909897
70.57,-1.90973,1.90973
70.58,-1.909445,1.909445
70.59,-1.909265,1.909265
70.6,-1.909228,1.909228
70.61,-1.909113,1.909113
70.62,-1.908923,1.908923
70.63,-1.908728,1.908728
70.64,-1.908529,1.908529
70.65,-1.908379,1.908379
70.66,-1.908236,1.908236
70.67,-1.908117,1.908117
70.68,-1.908141,1.908141
70.69,-1.9082,1.9082
70.7,-1.90816,1.90816
70.71,-1.90814,1.90814
70.72,-1.908171,1.908171
70.73,-1.908222,1.908222
70.74,-1.908261,1.908261
70.75,-1.908325,1.908325
70.76,-1.908305,1.908305
70.77,-1.908256,1.908256
70.78,-1.908173,1.908173
70.79,-1.908131,1.908131
70.8,-1.908091,1.908091
70.81,-1.90804,1.90804
70.82,-1.907907,1.907907
70.83,-1.907791,1.907791
70.84,-1.907594,1.907594
70.85,-1.907384,1.907384
70.86,-1.907143,1.907143
70.87,-1.906918,1.906918
70.88,-1.906798,1.906798
70.89,-1.906709,1.906709
70.9,-1.906692,1.906692
70.91,-1.906599,1.906599
70.92,-1.906423,1.906423
70.93,-1.906161,1.906161
70.94,-1.90588,1.90588
70.95,-1.905589,1.905589
70.96,-1.905325,1.905325
70.97,-1.905113,1.905113
70.98,-1.904936,1.904936
70.99,-1.904835,1.904835
71.0,-1.904775,1.904775
71.01,-1.904641,1.904641
71.02,-1.904551,1.904551
71.03,-1.904439,1.904439
71.04,-1.904289,1.904289
71.05,-1.904194,1.904194
71.06,-1.904186,1.904186
71.07,-1.904084,1.904084
71.08,-1.904037,1.904037
71.09,-1.90403,1.90403
71.1,-1.904079,1.904079
71.11,-1.90409,1.90409
71.12,-1.904035,1.904035
71.13,-1.904,1.904
71.14,-1.904022,1.904022
71.15,-1.90406,1.90406
71.16,-1.904145,1.904145
71.17,-1.904245,1.904245
71.18,-1.904391,1.904391
71.19,-1.904455,1.904455
71.2,-1.904516,1.904516
71.21,-1.904636,1.904636
71.22,-1.904763,1.904763
71.23,-1.904816,1.904816
71.24,-1.904823,1.904823
71.25,-1.904859,1.904859
71.26,-1.904936,1.904936
71.27,-1.905056,1.905056
71.28,-1.905156,1.905156
71.29,-1.90511,1.90511
71.3,-1.905151,1.905151
71.31,-1.905347,1.905347
71.32,-1.905586,1.905586
71.33,-1.905805,1.905805
71.34,-1.90609,1.90609
71.35,-1.906463,1.906463
71.36,-1.906856,1.906856
71.37,-1.907189,1.907189
71.38,-1.907431,1.907431
71.39,-1.907691,1.907691
71.4,-1.907908,1.907908
71.41,-1.908095,1.908095
71.42,-1.90827,1.90827
71.43,-1.908449,1.908449
71.44,-1.908641,1.908641
71.45,-1.90883,1.90883
71.46,-1.908997,1.908997
71.47,-1.909178,1.909178
71.48,-1.90933,1.90933
71.49,-1.909483,1.909483
71.5,-1.909594,1.909594
71.51,-1.909682,1.909682
71.52,-1.90977,1.90977
71.53,-1.90988,1.90988
71.54,-1.909961,1.909961
71.55,-1.910013,1.910013
71.56,-1.91015,1.91015
71.57,-1.910313,1.910313
71.58,-1.910436,1.910436
71.59,-1.910602,1.910602
71.6,-1.910884,1.910884
71.61,-1.911098,1.911098
71.62,-1.911356,1.911356
71.63,-1.911489,1.911489
71.64,-1.91162,1.91162
71.65,-1.911747,1.911747
71.66,-1.911846,1.911846
71.67,-1.911918,1.911918
71.68,-1.912009,1.912009
71.69,-1.912016,1.912016
71.7,-1.911916,1.911916
71.71,-1.91186,1.91186
71.72,-1.911855,1.911855
71.73,-1.911813,1.911813
71.74,-1.911743,1.911743
71.75,-1.911602,1.911602
71.76,-1.911505,1.911505
71.77,-1.911379,1.911379
71.78,-1.911315,1.911315
71.79,-1.911321,1.911321
71.8,-1.911333,1.911333
71.81,-1.911234,1.911234
71.82,-1.911156,1.911156
71.83,-1.911041,1.911041
71.84,-1.910969,1.910969
71.85,-1.910866,1.910866
71.86,-1.910828,1.910828
71.87,-1.910769,1.910769
71.88,-1.910703,1.910703
71.89,-1.910662,1.910662
71.9,-1.910798,1.910798
71.91,-1.910978,1.910978
71.92,-1.911067,1.911067
71.93,-1.911051,1.911051
71.94,-1.911015,1.911015
71.95,-1.911012,1.911012
71.96,-1.911104,1.911104
71.97,-1.911157,1.911157
71.98,-1.911327,1.911327
71.99,-1.911428,1.911428
72.0,-1.911527,1.911527
72.01,-1.911533,1.911533
72.02,-1.911533,1.911533
72.03,-1.91157,1.91157
72.04,-1.911714,1.911714
72.05,-1.911998,1.911998
72.06,-1.912219,1.912219
72.07,-1.912346,1.912346
72.08,-1.912416,1.912416
72.09,-1.912526,1.912526
72.1,-1.912618,1.912618
72.11,-1.912688,1.912688
72.12,-1.912694,1.912694
72.13,-1.912809,1.912809
72.14,-1.912931,1.912931
72.15,-1.913049,1.913049
72.16,-1.913253,1.913253
72.17,-1.913518,1.913518
72.18,-1.913822,1.913822
72.19,-1.914081,1.914081
72.2,-1.914327,1.914327
72.21,-1.914595,1.914595
72.22,-1.914855,1.914855
72.23,-1.915126,1.915126
72.24,-1.915375,1.915375
72.25,-1.915564,1.915564
72.26,-1.915762,1.915762
72.27,-1.915988,1.915988
72.28,-1.916147,1.916147
72.29,-1.916381,1.916381
72.3,-1.916566,1.916566
72.31,-1.916597,1.916597
72.32,-1.916666,1.916666
72.33,-1.916801,1.916801
72.34,-1.916987,1.916987
72.35,-1.917159,1.917159
72.36,-1.917248,1.917248
72.37,-1.917307,1.917307
72.38,-1.917415,1.917415
72.39,-1.917537,1.917537
72.4,-1.917666,1.917666
72.41,-1.917903,1.917903
72.42,-1.918062,1.918062
72.43,-1.918185,1.918185
72.44,-1.918289,1.918289
72.45,-1.918374,1.918374
72.46,-1.918502,1.918502
72.47,-1.918575,1.918575
72.48,-1.918574,1.918574
72.49,-1.918561,1.918561
72.5,-1.91855,1.91855
72.51,-1.91862,1.91862
72.52,-1.918723,1.918723
72.53,-1.918835,1.918835
72.54,-1.918917,1.918917
72.55,-1.91907,1.91907
72.56,-1.919281,1.919281
72.57,-1.919514,1.919514
72.58,-1.9197,1.9197
72.59,-1.919899,1.919899
72.6,-1.920131,1.920131
72.61,-1.920518,1.920518
72.62,-1.920909,1.920909
72.63,-1.921185,1.921185
72.64,-1.921463,1.921463
72.65,-1.921752,1.921752
72.66,-1.922019,1.922019
72.67,-1.922254,1.922254
72.68,-1.922538,1.922538
72.69,-1.922927,1.922927
72.7,-1.923286,1.923286
72.71,-1.923598,1.923598
72.72,-1.923907,1.923907
72.73,-1.92416,1.92416
72.74,-1.924445,1.924445
72.75,-1.924755,1.924755
72.76,-1.924994,1.924994
72.77,-1.925163,1.925163
72.78,-1.925295,1.925295
72.79,-1.925453,1.925453
72.8,-1.925506,1.925506
72.81,-1.925496,1.925496
72.82,-1.9254,1.9254
72.83,-1.925347,1.925347
72.84,-1.925315,1.925315
72.85,-1.925243,1.925243
72.86,-1.925132,1.925132
72.87,-1.924993,1.924993
72.88,-1.924935,1.924935
72.89,-1.924701,1.924701
72.9,-1.924379,1.924379
72.91,-1.924128,1.924128
72.92,-1.923901,1.923901
72.93,-1.92366,1.92366
72.94,-1.923417,1.923417
72.95,-1.923126,1.923126
72.96,-1.922762,1.922762
72.97,-1.922412,1.922412
72.98,-1.922084,1.922084
72.99,-1.921806,1.921806
73.0,-1.921529,1.921529
73.01,-1.921195,1.921195
73.02,-1.920914,1.920914
73.03,-1.920568,1.920568
73.04,-1.920181,1.920181
73.05,-1.919865,1.919865
73.06,-1.919546,1.919546
73.07,-1.919273,1.919273
73.08,-1.919007,1.919007
73.09,-1.918793,1.918793
73.1,-1.918702,1.918702
73.11,-1.918633,1.918633
73.12,-1.91847,1.91847
73.13,-1.918303,1.918303
73.14,-1.918213,1.918213
73.15,-1.918101,1.918101
73.16,-1.917995,1.917995
73.17,-1.917995,1.917995
73.18,-1.918105,1.918105
73.19,-1.918219,1.918219
73.2,-1.918383,1.918383
73.21,-1.918583,1.918583
73.22,-1.918697,1.918697
73.23,-1.918893,1.918893
73.24,-1.919132,1.919132
73.25,-1.919408,1.919408
73.26,-1.9196,1.9196
73.27,-1.91984,1.91984
73.28,-1.920063,1.920063
73.29,-1.920347,1.920347
73.3,-1.920613,1.920613
73.31,-1.920952,1.920952
73.32,-1.92129,1.92129
73.33,-1.921682,1.921682
73.34,-1.922026,1.922026
73.35,-1.92239,1.92239
73.36,-1.922734,1.922734
73.37,-1.923194,1.923194
73.38,-1.923636,1.923636
73.39,-1.924051,1.924051
73.4,-1.924486,1.924486
73.41,-1.92501,1.92501
73.42,-1.925602,1.925602
73.43,-1.926064,1.926064
73.44,-1.926368,1.926368
73.45,-1.926674,1.926674
73.46,-1.927012,1.927012
73.47,-1.927321,1.927321
73.48,-1.92769,1.92769
73.49,-1.928154,1.928154
73.5,-1.928479,1.928479
73.51,-1.928693,1.928693
73.52,-1.928918,1.928918
73.53,-1.929134,1.929134
73.54,-1.929396,1.929396
73.55,-1.929599,1.929599
73.56,-1.929737,1.929737
73.57,-1.929898,1.929898
73.58,-1.930048,1.930048
73.59,-1.93011,1.93011
73.6,-1.930163,1.930163
73.61,-1.930185,1.930185
73.62,-1.930132,1.930132
73.63,-1.930096,1.930096
73.64,-1.930056,1.930056
73.65,-1.929964,1.929964
73.66,-1.929848,1.929848
73.67,-1.929699,1.929699
73.68,-1.92957,1.92957
73.69,-1.929486,1.929486
73.7,-1.929401,1.929401
73.71,-1.929365,1.929365
73.72,-1.929228,1.929228
73.73,-1.929137,1.929137
73.74,-1.928963,1.928963
73.75,-1.92877,1.92877
73.76,-1.928643,1.928643
73.77,-1.928569,1.928569
73.78,-1.928414,1.928414
73.79,-1.928263,1.928263
73.8,-1.928175,1.928175
73.81,-1.928236,1.928236
73.82,-1.928342,1.928342
73.83,-1.928368,1.928368
73.84,-1.92831,1.92831
73.85,-1.928241,1.928241
73.86,-1.928136,1.928136
73.87,-1.928134,1.928134
73.88,-1.928189,1.928189
73.89,-1.928337,1.928337
73.9,-1.928546,1.928546
73.91,-1.928807,1.928807
73.92,-1.929009,1.929009
73.93,-1.929204,1.929204
73.94,-1.929333,1.929333
73.95,-1.929431,1.929431
73.96,-1.929493,1.929493
73.97,-1.929559,1.929559
73.98,-1.929584,1.929584
73.99,-1.929589,1.929589
74.0,-1.929543,1.929543
74.01,-1.929599,1.929599
74.02,-1.929632,1.929632
74.03,-1.929601,1.929601
74.04,-1.929536,1.929536
74.05,-1.92948,1.92948
74.06,-1.92939,1.92939
74.07,-1.929382,1.929382
74.08,-1.929406,1.929406
74.09,-1.929472,1.929472
74.1,-1.929498,1.929498
74.11,-1.929425,1.929425
74.12,-1.929239,1.929239
74.13,-1.929035,1.929035
74.14,-1.928783,1.928783
74.15,-1.928604,1.928604
74.16,-1.928563,1.928563
74.17,-1.9286,1.9286
74.18,-1.928572,1.928572
74.19,-1.928533,1.928533
74.2,-1.9285,1.9285
74.21,-1.928397,1.928397
74.22,-1.928321,1.928321
74.23,-1.928319,1.928319
74.24,-1.928309,1.928309
74.25,-1.928286,1.928286
74.26,-1.928232,1.928232
74.27,-1.928226,1.928226
74.28,-1.928253,1.928253
74.29,-1.928409,1.928409
74.3,-1.928553,1.928553
74.31,-1.928715,1.928715
74.32,-1.928825,1.928825
74.33,-1.928925,1.928925
74.34,-1.929198,1.929198
74.35,-1.929492,1.929492
74.36,-1.92977,1.92977
74.37,-1.930088,1.930088
74.38,-1.930372,1.930372
74.39,-1.930651,1.930651
74.4,-1.930976,1.930976
74.41,-1.931322,1.931322
74.42,-1.931597,1.931597
74.43,-1.931894,1.931894
74.44,-1.932229,1.932229
74.45,-1.932689,1.932689
74.46,-1.933161,1.933161
74.47,-1.933582,1.933582
74.48,-1.933864,1.933864
74.49,-1.934184,1.934184
74.5,-1.934559,1.934559
74.51,-1.934833,1.934833
74.52,-1.935055,1.935055
74.53,-1.935332,1.935332
74.54,-1.935591,1.935591
74.55,-1.935851,1.935851
74.56,-1.93608,1.93608
74.57,-1.93622,1.93622
74.58,-1.936206,1.936206
74.59,-1.936148,1.936148
74.6,-1.936105,1.936105
74.61,-1.936154,1.936154
74.62,-1.936113,1.936113
74.63,-1.936085,1.936085
74.64,-1.936194,1.936194
74.65,-1.936323,1.936323
74.66,-1.936399,1.936399
74.67,-1.936455,1.936455
74.68,-1.936434,1.936434
74.69,-1.936371,1.936371
74.7,-1.93629,1.93629
74.71,-1.936198,1.936198
74.72,-1.935961,1.935961
74.73,-1.935749,1.935749
74.74,-1.935529,1.935529
74.75,-1.935262,1.935262
74.76,-1.934954,1.934954
74.77,-1.934714,1.934714
74.78,-1.934438,1.934438
74.79,-1.934345,1.934345
74.8,-1.934253,1.934253
74.81,-1.934149,1.934149
74.82,-1.933963,1.933963
74.83,-1.933812,1.933812
74.84,-1.933519,1.933519
74.85,-1.933198,1.933198
74.86,-1.932814,1.932814
74.87,-1.932534,1.932534
74.88,-1.932307,1.932307
74.89,-1.932134,1.932134
74.9,-1.931909,1.931909
74.91,-1.931762,1.931762
74.92,-1.931553,1.931553
74.93,-1.931291,1.931291
74.94,-1.931078,1.931078
74.95,-1.930823,1.930823
74.96,-1.930461,1.930461
74.97,-1.930097,1.930097
74.98,-1.929807,1.929807
74.99,-1.929634,1.929634
75.0,-1.929471,1.929471
75.01,-1.92925,1.92925
75.02,-1.928953,1.928953
75.03,-1.928705,1.928705
75.04,-1.928524,1.928524
75.05,-1.928387,1.928387
75.06,-1.928081,1.928081
75.07,-1.927876,1.927876
75.08,-1.927727,1.927727
75.09,-1.9276,1.9276
75.1,-1.927355,1.927355
75.11,-1.927146,1.927146
75.12,-1.927039,1.927039
75.13,-1.926921,1.926921
75.14,-1.926854,1.926854
75.15,-1.926785,1.926785
75.16,-1.926782,1.926782
75.17,-1.926784,1.926784
75.18,-1.92673,1.92673
75.19,-1.926721,1.926721
75.2,-1.926798,1.926798
75.21,-1.926935,1.926935
75.22,-1.927065,1.927065
75.23,-1.927152,1.927152
75.24,-1.927225,1.927225
75.25,-1.927391,1.927391
75.26,-1.927564,1.927564
75.27,-1.927761,1.927761
75.28,-1.927999,1.927999
75.29,-1.928202,1.928202
75.3,-1.928446,1.928446
75.31,-1.928707,1.928707
75.32,-1.928988,1.928988
75.33,-1.929275,1.929275
75.34,-1.929452,1.929452
75.35,-1.929683,1.929683
75.36,-1.930016,1.930016
75.37,-1.930384,1.930384
75.38,-1.930739,1.930739
75.39,-1.931222,1.931222
75.4,-1.931739,1.931739
75.41,-1.932247,1.932247
75.42,-1.932609,1.932609
75.43,-1.932918,1.932918
75.44,-1.933162,1.933162
75.45,-1.933426,1.933426
75.46,-1.933684,1.933684
75.47,-1.934094,1.934094
75.48,-1.93435,1.93435
75.49,-1.934552,1.934552
75.5,-1.934718,1.934718
75.51,-1.934877,1.934877
75.52,-1.934915,1.934915
75.53,-1.93487,1.93487
75.54,-1.934733,1.934733
75.55,-1.934597,1.934597
75.56,-1.934395,1.934395
75.57,-1.934288,1.934288
75.58,-1.934144,1.934144
75.59,-1.933905,1.933905
75.6,-1.933589,1.933589
75.61,-1.933343,1.933343
75.62,-1.933077,1.933077
75.63,-1.932754,1.932754
75.64,-1.932453,1.932453
75.65,-1.932209,1.932209
75.66,-1.931883,1.931883
75.67,-1.931593,1.931593
75.68,-1.931279,1.931279
75.69,-1.930948,1.930948
75.7,-1.930548,1.930548
75.71,-1.930162,1.930162
75.72,-1.929867,1.929867
75.73,-1.929661,1.929661
75.74,-1.929368,1.929368
75.75,-1.929163,1.929163
75.76,-1.928884,1.928884
75.77,-1.928622,1.928622
75.78,-1.928437,1.928437
75.79,-1.92817,1.92817
75.8,-1.927904,1.927904
75.81,-1.92767,1.92767
75.82,-1.927287,1.927287
75.83,-1.927039,1.927039
75.84,-1.92681,1.92681
75.85,-1.926604,1.926604
75.86,-1.926304,1.926304
75.87,-1.926019,1.926019
75.88,-1.925799,1.925799
75.89,-1.925662,1.925662
75.9,-1.925496,1.925496
75.91,-1.925427,1.925427
75.92,-1.925403,1.925403
75.93,-1.925414,1.925414
75.94,-1.925364,1.925364
75.95,-1.925277,1.925277
75.96,-1.925146,1.925146
75.97,-1.925118,1.925118
75.98,-1.925059,1.925059
75.99,-1.925083,1.925083
76.0,-1.925202,1.925202
76.01,-1.925412,1.925412
76.02,-1.925606,1.925606
76.03,-1.925799,1.925799
76.04,-1.925932,1.925932
76.05,-1.926047,1.926047
76.06,-1.926196,1.926196
76.07,-1.926451,1.926451
76.08,-1.92657,1.92657
76.09,-1.926614,1.926614
76.1,-1.926782,1.926782
76.11,-1.927091,1.927091
76.12,-1.92743,1.92743
76.13,-1.9277,1.9277
76.14,-1.927882,1.927882
76.15,-1.928176,1.928176
76.16,-1.928421,1.928421
76.17,-1.928696,1.928696
76.18,-1.928818,1.928818
76.19,-1.928958,1.928958
76.2,-1.929091,1.929091
76.21,-1.929331,1.929331
76.22,-1.929543,1.929543
76.23,-1.929749,1.929749
76.24,-1.929891,1.929891
76.25,-1.930126,1.930126
76.26,-1.930407,1.930407
76.27,-1.93069,1.93069
76.28,-1.930965,1.930965
76.29,-1.931169,1.931169
76.3,-1.931277,1.931277
76.31,-1.931417,1.931417
76.32,-1.931534,1.931534
76.33,-1.931767,1.931767
76.34,-1.932018,1.932018
76.35,-1.932326,1.932326
76.36,-1.932548,1.932548
76.37,-1.932825,1.932825
76.38,-1.933098,1.933098
76.39,-1.933458,1.933458
76.4,-1.933698,1.933698
76.41,-1.933913,1.933913
76.42,-1.934029,1.934029
76.43,-1.934053,1.934053
76.44,-1.934058,1.934058
76.45,-1.934126,1.934126
76.46,-1.934208,1.934208
76.47,-1.934292,1.934292
76.48,-1.934318,1.934318
76.49,-1.934324,1.934324
76.5,-1.934475,1.934475
76.51,-1.934577,1.934577
76.52,-1.93456,1.93456
76.53,-1.934573,1.934573
76.54,-1.934661,1.934661
76.55,-1.934687,1.934687
76.56,-1.934656,1.934656
76.57,-1.934646,1.934646
76.58,-1.934652,1.934652
76.59,-1.934611,1.934611
76.6,-1.934494,1.934494
76.61,-1.934366,1.934366
76.62,-1.934162,1.934162
76.63,-1.933914,1.933914
76.64,-1.93366,1.93366
76.65,-1.933328,1.933328
76.66,-1.932902,1.932902
76.67,-1.932583,1.932583
76.68,-1.932244,1.932244
76.69,-1.931818,1.931818
76.7,-1.931509,1.931509
76.71,-1.931266,1.931266
76.72,-1.93096,1.93096
76.73,-1.930557,1.930557
76.74,-1.930173,1.930173
76.75,-1.929887,1.929887
76.76,-1.929592,1.929592
76.77,-1.92936,1.92936
76.78,-1.92919,1.92919
76.79,-1.92899,1.92899
76.8,-1.928804,1.928804
76.81,-1.928669,1.928669
76.82,-1.92852,1.92852
76.83,-1.92841,1.92841
76.84,-1.928327,1.928327
76.85,-1.928248,1.928248
76.86,-1.928233,1.928233
76.87,-1.928256,1.928256
76.88,-1.9283,1.9283
76.89,-1.928431,1.928431
76.9,-1.928485,1.928485
76.91,-1.928582,1.928582
76.92,-1.928703,1.928703
76.93,-1.928873,1.928873
76.94,-1.929009,1.929009
76.95,-1.929173,1.929173
76.96,-1.929242,1.929242
76.97,-1.929272,1.929272
76.98,-1.92943,1.92943
76.99,-1.929755,1.929755
77.0,-1.930023,1.930023
77.01,-1.930231,1.930231
77.02,-1.930383,1.930383
77.03,-1.930429,1.930429
77.04,-1.930595,1.930595
77.05,-1.930729,1.930729
77.06,-1.930816,1.930816
77.07,-1.93082,1.93082
77.08,-1.930799,1.930799
77.09,-1.930799,1.930799
77.1,-1.930793,1.930793
77.11,-1.93083,1.93083
77.12,-1.930855,1.930855
77.13,-1.93088,1.93088
77.14,-1.930947,1.930947
77.15,-1.930971,1.930971
77.16,-1.930928,1.930928
77.17,-1.930907,1.930907
77.18,-1.930857,1.930857
77.19,-1.930863,1.930863
77.2,-1.931011,1.931011
77.21,-1.931156,1.931156
77.22,-1.931263,1.931263
77.23,-1.931285,1.931285
77.24,-1.931341,1.931341
77.25,-1.931525,1.931525
77.26,-1.931742,1.931742
77.27,-1.931961,1.931961
77.28,-1.93218,1.93218
77.29,-1.932318,1.932318
77.3,-1.932544,1.932544
77.31,-1.932812,1.932812
77.32,-1.933157,1.933157
77.33,-1.933602,1.933602
77.34,-1.934042,1.934042
77.35,-1.93446,1.93446
77.36,-1.934758,1.934758
77.37,-1.935158,1.935158
77.38,-1.935462,1.935462
77.39,-1.935765,1.935765
77.4,-1.936052,1.936052
77.41,-1.936442,1.936442
77.42,-1.936873,1.936873
77.43,-1.937263,1.937263
77.44,-1.937503,1.937503
77.45,-1.937739,1.937739
77.46,-1.938003,1.938003
77.47,-1.93826,1.93826
77.48,-1.938378,1.938378
77.49,-1.93841,1.93841
77.5,-1.938525,1.938525
77.51,-1.938652,1.938652
77.52,-1.938768,1.938768
77.53,-1.938954,1.938954
77.54,-1.939131,1.939131
77.55,-1.939239,1.939239
77.56,-1.939319,1.939319
77.57,-1.939336,1.939336
77.58,-1.939231,1.939231
77.59,-1.939115,1.939115
77.6,-1.938968,1.938968
77.61,-1.938858,1.938858
77.62,-1.938593,1.938593
77.63,-1.938287,1.938287
77.64,-1.9379,1.9379
77.65,-1.937486,1.937486
77.66,-1.93706,1.93706
77.67,-1.936603,1.936603
77.68,-1.936017,1.936017
77.69,-1.935457,1.935457
77.7,-1.934803,1.934803
77.71,-1.934252,1.934252
77.72,-1.933658,1.933658
77.73,-1.933069,1.933069
77.74,-1.932426,1.932426
77.75,-1.931845,1.931845
77.76,-1.931337,1.931337
77.77,-1.930889,1.930889
77.78,-1.9304,1.9304
77.79,-1.929878,1.929878
77.8,-1.92938,1.92938
77.81,-1.928971,1.928971
77.82,-1.92858,1.92858
77.83,-1.928294,1.928294
77.84,-1.92791,1.92791
77.85,-1.927528,1.927528
77.86,-1.927177,1.927177
77.87,-1.92686,1.92686
77.88,-1.926515,1.926515
77.89,-1.926127,1.926127
77.9,-1.92573,1.92573
77.91,-1.925346,1.925346
77.92,-1.924981,1.924981
77.93,-1.924635,1.924635
77.94,-1.924309,1.924309
77.95,-1.924004,1.924004
77.96,-1.923775,1.923775
77.97,-1.923638,1.923638
77.98,-1.923553,1.923553
77.99,-1.923475,1.923475
78.0,-1.923438,1.923438
78.01,-1.923526,1.923526
78.02,-1.923599,1.923599
78.03,-1.923594,1.923594
78.04,-1.923601,1.923601
78.05,-1.923727,1.923727
78.06,-1.92395,1.92395
78.07,-1.924279,1.924279
78.08,-1.924543,1.924543
78.09,-1.924767,1.924767
78.1,-1.925068,1.925068
78.11,-1.92541,1.92541
78.12,-1.92572,1.92572
78.13,-1.926116,1.926116
78.14,-1.926545,1.926545
78.15,-1.927036,1.927036
78.16,-1.927518,1.927518
78.17,-1.928092,1.928092
78.18,-1.928719,1.928719
78.19,-1.929317,1.929317
78.2,-1.929938,1.929938
78.21,-1.930468,1.930468
78.22,-1.931069,1.931069
78.23,-1.931694,1.931694
78.24,-1.932273,1.932273
78.25,-1.932935,1.932935
78.26,-1.93361,1.93361
78.27,-1.934298,1.934298
78.28,-1.934943,1.934943
78.29,-1.935531,1.935531
78.3,-1.936092,1.936092
78.31,-1.936703,1.936703
78.32,-1.937268,1.937268
78.33,-1.937818,1.937818
78.34,-1.938451,1.938451
78.35,-1.939113,1.939113
78.36,-1.939699,1.939699
78.37,-1.94025,1.94025
78.38,-1.940666,1.940666
78.39,-1.941016,1.941016
78.4,-1.941442,1.941442
78.41,-1.941866,1.941866
78.42,-1.942228,1.942228
78.43,-1.942577,1.942577
78.44,-1.942886,1.942886
78.45,-1.943134,1.943134
78.46,-1.943279,1.943279
78.47,-1.943544,1.943544
78.48,-1.94374,1.94374
78.49,-1.943829,1.943829
78.5,-1.943874,1.943874
78.51,-1.943957,1.943957
78.52,-1.944116,1.944116
78.53,-1.944146,1.944146
78.54,-1.944035,1.944035
78.55,-1.943917,1.943917
78.56,-1.94382,1.94382
78.57,-1.943735,1.943735
78.58,-1.943639,1.943639
78.59,-1.943502,1.943502
78.6,-1.943326,1.943326
78.61,-1.943161,1.943161
78.62,-1.942928,1.942928
78.63,-1.942688,1.942688
78.64,-1.942414,1.942414
78.65,-1.942156,1.942156
78.66,-1.941848,1.941848
78.67,-1.941572,1.941572
78.68,-1.941241,1.941241
78.69,-1.940896,1.940896
78.7,-1.940516,1.940516
78.71,-1.94019,1.94019
78.72,-1.939836,1.939836
78.73,-1.939475,1.939475
78.74,-1.93905,1.93905
78.75,-1.938711,1.938711
78.76,-1.938442,1.938442
78.77,-1.93813,1.93813
78.78,-1.937758,1.937758
78.79,-1.937357,1.937357
78.8,-1.937055,1.937055
78.81,-1.936775,1.936775
78.82,-1.936403,1.936403
78.83,-1.936003,1.936003
78.84,-1.935683,1.935683
78.85,-1.935394,1.935394
78.86,-1.935078,1.935078
78.87,-1.934778,1.934778
78.88,-1.934507,1.934507
78.89,-1.934256,1.934256
78.9,-1.933922,1.933922
78.91,-1.93356,1.93356
78.92,-1.933297,1.933297
78.93,-1.93317,1.93317
78.94,-1.932943,1.932943
78.95,-1.932784,1.932784
78.96,-1.932642,1.932642
78.97,-1.932496,1.932496
78.98,-1.932355,1.932355
78.99,-1.932188,1.932188
79.0,-1.931965,1.931965
79.01,-1.931756,1.931756
79.02,-1.931578,1.931578
79.03,-1.931423,1.931423
79.04,-1.931294,1.931294
79.05,-1.931144,1.931144
79.06,-1.931002,1.931002
79.07,-1.930895,1.930895
79.08,-1.930867,1.930867
79.09,-1.930983,1.930983
79.1,-1.931076,1.931076
79.11,-1.931035,1.931035
79.12,-1.93093,1.93093
79.13,-1.930867,1.930867
79.14,-1.930745,1.930745
79.15,-1.930729,1.930729
79.16,-1.930818,1.930818
79.17,-1.931033,1.931033
79.18,-1.931149,1.931149
79.19,-1.931212,1.931212
79.2,-1.931347,1.931347
79.21,-1.931473,1.931473
79.22,-1.931633,1.931633
79.23,-1.931765,1.931765
79.24,-1.93191,1.93191
79.25,-1.932108,1.932108
79.26,-1.932312,1.932312
79.27,-1.932456,1.932456
79.28,-1.932629,1.932629
79.29,-1.932809,1.932809
79.3,-1.932944,1.932944
79.31,-1.933057,1.933057
79.32,-1.933193,1.933193
79.33,-1.93345,1.93345
79.34,-1.933634,1.933634
79.35,-1.933675,1.933675
79.36,-1.933802,1.933802
79.37,-1.933957,1.933957
79.38,-1.93405,1.93405
79.39,-1.93411,1.93411
79.4,-1.934112,1.934112
79.41,-1.934139,1.934139
79.42,-1.93414,1.93414
79.43,-1.934237,1.934237
79.44,-1.934309,1.934309
79.45,-1.934457,1.934457
79.46,-1.934692,1.934692
79.47,-1.935022,1.935022
79.48,-1.935331,1.935331
79.49,-1.935452,1.935452
79.5,-1.935555,1.935555
79.51,-1.935697,1.935697
79.52,-1.935835,1.935835
79.53,-1.935945,1.935945
79.54,-1.936028,1.936028
79.55,-1.936032,1.936032
79.56,-1.936109,1.936109
79.57,-1.936237,1.936237
79.58,-1.936332,1.936332
79.59,-1.936448,1.936448
79.6,-1.936422,1.936422
79.61,-1.936271,1.936271
79.62,-1.936041,1.936041
79.63,-1.935808,1.935808
79.64,-1.935564,1.935564
79.65,-1.93534,1.93534
79.66,-1.935009,1.935009
79.67,-1.934681,1.934681
79.68,-1.934338,1.934338
79.69,-1.933924,1.933924
79.7,-1.93358,1.93358
79.71,-1.933188,1.933188
79.72,-1.93271,1.93271
79.73,-1.932081,1.932081
79.74,-1.931489,1.931489
79.75,-1.930995,1.930995
79.76,-1.930419,1.930419
79.77,-1.929911,1.929911
79.78,-1.929464,1.929464
79.79,-1.929018,1.929018
79.8,-1.928533,1.928533
79.81,-1.928105,1.928105
79.82,-1.927811,1.927811
79.83,-1.927515,1.927515
79.84,-1.927142,1.927142
79.85,-1.926868,1.926868
79.86,-1.926491,1.926491
79.87,-1.926059,1.926059
79.88,-1.925668,1.925668
79.89,-1.92533,1.92533
79.9,-1.924982,1.924982
79.91,-1.924562,1.924562
79.92,-1.924106,1.924106
79.93,-1.92369,1.92369
79.94,-1.923318,1.923318
79.95,-1.922909,1.922909
79.96,-1.922503,1.922503
79.97,-1.922097,1.922097
79.98,-1.921824,1.921824
79.99,-1.921658,1.921658
80.0,-1.921412,1.921412
80.01,-1.921125,1.921125
80.02,-1.920954,1.920954
80.03,-1.920797,1.920797
80.04,-1.92072,1.92072
80.05,-1.920632,1.920632
80.06,-1.920466,1.920466
80.07,-1.920351,1.920351
80.08,-1.920255,1.920255
80.09,-1.920133,1.920133
80.1,-1.92011,1.92011
80.11,-1.920132,1.920132
80.12,-1.920205,1.920205
80.13,-1.920398,1.920398
80.14,-1.920589,1.920589
80.15,-1.920744,1.920744
80.16,-1.920872,1.920872
80.17,-1.921074,1.921074
80.18,-1.921315,1.921315
80.19,-1.921563,1.921563
80.2,-1.92177,1.92177
80.21,-1.921972,1.921972
80.22,-1.922198,1.922198
80.23,-1.92254,1.92254
80.24,-1.922835,1.922835
80.25,-1.923244,1.923244
80.26,-1.923641,1.923641
80.27,-1.924078,1.924078
80.28,-1.924533,1.924533
80.29,-1.925005,1.925005
80.3,-1.925418,1.925418
80.31,-1.925952,1.925952
80.32,-1.926505,1.926505
80.33,-1.927085,1.927085
80.34,-1.927634,1.927634
80.35,-1.928118,1.928118
80.36,-1.928702,1.928702
80.37,-1.92932,1.92932
80.38,-1.929955,1.929955
80.39,-1.930624,1.930624
80.4,-1.931312,1.931312
80.41,-1.93199,1.93199
80.42,-1.932674,1.932674
80.43,-1.933311,1.933311
80.44,-1.933911,1.933911
80.45,-1.934399,1.934399
80.46,-1.934778,1.934778
80.47,-1.935239,1.935239
80.48,-1.935765,1.935765
80.49,-1.936224,1.936224
80.5,-1.936545,1.936545
80.51,-1.936838,1.936838
80.52,-1.937017,1.937017
80.53,-1.937133,1.937133
80.54,-1.937312,1.937312
80.55,-1.937494,1.937494
80.56,-1.937503,1.937503
80.57,-1.937467,1.937467
80.58,-1.937506,1.937506
80.59,-1.93748,1.93748
80.6,-1.937395,1.937395
80.61,-1.937357,1.937357
80.62,-1.937274,1.937274
80.63,-1.937049,1.937049
80.64,-1.936727,1.936727
80.65,-1.936411,1.936411
80.66,-1.935997,1.935997
80.67,-1.93559,1.93559
80.68,-1.935211,1.935211
80.69,-1.934874,1.934874
80.7,-1.93455,1.93455
80.71,-1.934229,1.934229
80.72,-1.933935,1.933935
80.73,-1.933647,1.933647
80.74,-1.933308,1.933308
80.75,-1.932975,1.932975
80.76,-1.932676,1.932676
80.77,-1.932472,1.932472
80.78,-1.932225,1.932225
80.79,-1.932067,1.932067
80.8,-1.931825,1.931825
80.81,-1.931588,1.931588
80.82,-1.93136,1.93136
80.83,-1.931113,1.931113
80.84,-1.930924,1.930924
80.85,-1.930803,1.930803
80.86,-1.930675,1.930675
80.87,-1.930508,1.930508
80.88,-1.93031,1.93031
80.89,-1.930142,1.930142
80.9,-1.92998,1.92998
80.91,-1.929702,1.929702
80.92,-1.929447,1.929447
80.93,-1.929361,1.929361
80.94,-1.929273,1.929273
80.95,-1.92921,1.92921
80.96,-1.929159,1.929159
80.97,-1.929137,1.929137
80.98,-1.928992,1.928992
80.99,-1.92886,1.92886
81.0,-1.928766,1.928766
81.01,-1.928717,1.928717
81.02,-1.928644,1.928644
81.03,-1.928487,1.928487
81.04,-1.928389,1.928389
81.05,-1.928397,1.928397
81.06,-1.92838,1.92838
81.07,-1.928409,1.928409
81.08,-1.928435,1.928435
81.09,-1.928486,1.928486
81.1,-1.928472,1.928472
81.11,-1.928503,1.928503
81.12,-1.928639,1.928639
81.13,-1.928689,1.928689
81.14,-1.928694,1.928694
81.15,-1.928727,1.928727
81.16,-1.928873,1.928873
81.17,-1.928976,1.928976
81.18,-1.928971,1.928971
81.19,-1.928971,1.928971
81.2,-1.928959,1.928959
81.21,-1.928972,1.928972
81.22,-1.928995,1.928995
81.23,-1.929005,1.929005
81.24,-1.929111,1.929111
81.25,-1.929169,1.929169
81.26,-1.929172,1.929172
81.27,-1.929214,1.929214
81.28,-1.929212,1.929212
81.29,-1.929222,1.929222
81.3,-1.929201,1.929201
81.31,-1.929176,1.929176
81.32,-1.929228,1.929228
81.33,-1.92933,1.92933
81.34,-1.929369,1.929369
81.35,-1.929444,1.929444
81.36,-1.929563,1.929563
81.37,-1.9297,1.9297
81.38,-1.92988,1.92988
81.39,-1.930063,1.930063
81.4,-1.930259,1.930259
81.41,-1.930387,1.930387
81.42,-1.930496,1.930496
81.43,-1.930695,1.930695
81.44,-1.930883,1.930883
81.45,-1.931098,1.931098
81.46,-1.931263,1.931263
81.47,-1.931397,1.931397
81.48,-1.931548,1.931548
81.49,-1.931753,1.931753
81.5,-1.931949,1.931949
81.51,-1.932116,1.932116
81.52,-1.932235,1.932235
81.53,-1.932365,1.932365
81.54,-1.932523,1.932523
81.55,-1.932734,1.932734
81.56,-1.932859,1.932859
81.57,-1.932975,1.932975
81.58,-1.933053,1.933053
81.59,-1.933125,1.933125
81.6,-1.933079,1.933079
81.61,-1.933136,1.933136
81.62,-1.93316,1.93316
81.63,-1.933253,1.933253
81.64,-1.933413,1.933413
81.65,-1.93338,1.93338
81.66,-1.933158,1.933158
81.67,-1.933042,1.933042
81.68,-1.932845,1.932845
81.69,-1.932558,1.932558
81.7,-1.932195,1.932195
81.71,-1.931869,1.931869
81.72,-1.931536,1.931536
81.73,-1.931205,1.931205
81.74,-1.930911,1.930911
81.75,-1.930616,1.930616
81.76,-1.930311,1.930311
81.77,-1.93002,1.93002
81.78,-1.929607,1.929607
81.79,-1.929147,1.929147
81.8,-1.92874,1.92874
81.81,-1.928348,1.928348
81.82,-1.927904,1.927904
81.83,-1.927415,1.927415
81.84,-1.926976,1.926976
81.85,-1.926626,1.926626
81.86,-1.926285,1.926285
81.87,-1.925889,1.925889
81.88,-1.92547,1.92547
81.89,-1.92507,1.92507
81.9,-1.924663,1.924663
81.91,-1.924211,1.924211
81.92,-1.923746,1.923746
81.93,-1.923345,1.923345
81.94,-1.922867,1.922867
81.95,-1.922475,1.922475
81.96,-1.922112,1.922112
81.97,-1.921805,1.921805
81.98,-1.9216,1.9216
81.99,-1.92143,1.92143
82.0,-1.921214,1.921214
82.01,-1.921039,1.921039
82.02,-1.920885,1.920885
82.03,-1.920777,1.920777
82.04,-1.920614,1.920614
82.05,-1.920482,1.920482
82.06,-1.920334,1.920334
82.07,-1.920175,1.920175
82.08,-1.920102,1.920102
82.09,-1.920121,1.920121
82.1,-1.920259,1.920259
82.11,-1.920403,1.920403
82.12,-1.920635,1.920635
82.13,-1.920841,1.920841
82.14,-1.921165,1.921165
82.15,-1.921422,1.921422
82.16,-1.921638,1.921638
82.17,-1.921854,1.921854
82.18,-1.922113,1.922113
82.19,-1.922331,1.922331
82.2,-1.922622,1.922622
82.21,-1.922959,1.922959
82.22,-1.923356,1.923356
82.23,-1.923773,1.923773
82.24,-1.924316,1.924316
82.25,-1.924837,1.924837
82.26,-1.925259,1.925259
82.27,-1.925742,1.925742
82.28,-1.926291,1.926291
82.29,-1.926761,1.926761
82.3,-1.927161,1.927161
82.31,-1.927627,1.927627
82.32,-1.928134,1.928134
82.33,-1.928672,1.928672
82.34,-1.929365,1.929365
82.35,-1.930104,1.930104
82.36,-1.930807,1.930807
82.37,-1.931449,1.931449
82.38,-1.932133,1.932133
82.39,-1.932703,1.932703
82.4,-1.933185,1.933185
82.41,-1.933566,1.933566
82.42,-1.93404,1.93404
82.43,-1.934558,1.934558
82.44,-1.934929,1.934929
82.45,-1.935243,1.935243
82.46,-1.935668,1.935668
82.47,-1.936123,1.936123
82.48,-1.93658,1.93658
82.49,-1.937058,1.937058
82.5,-1.937508,1.937508
82.51,-1.938049,1.938049
82.52,-1.938472,1.938472
82.53,-1.938736,1.938736
82.54,-1.938978,1.938978
82.55,-1.939173,1.939173
82.56,-1.939378,1.939378
82.57,-1.939504,1.939504
82.58,-1.939661,1.939661
82.59,-1.939739,1.939739
82.6,-1.939769,1.939769
82.61,-1.93989,1.93989
82.62,-1.940034,1.940034
82.63,-1.940084,1.940084
82.64,-1.940098,1.940098
82.65,-1.940064,1.940064
82.66,-1.940005,1.940005
82.67,-1.939846,1.939846
82.68,-1.939653,1.939653
82.69,-1.93946,1.93946
82.7,-1.939189,1.939189
82.71,-1.938924,1.938924
82.72,-1.938678,1.938678
82.73,-1.938345,1.938345
82.74,-1.937999,1.937999
82.75,-1.937792,1.937792
82.76,-1.937603,1.937603
82.77,-1.93738,1.93738
82.78,-1.93709,1.93709
82.79,-1.936828,1.936828
82.8,-1.936487,1.936487
82.81,-1.936257,1.936257
82.82,-1.936031,1.936031
82.83,-1.935811,1.935811
82.84,-1.935627,1.935627
82.85,-1.935479,1.935479
82.86,-1.935339,1.935339
82.87,-1.935214,1.935214
82.88,-1.935093,1.935093
82.89,-1.934979,1.934979
82.9,-1.934806,1.934806
82.91,-1.934718,1.934718
82.92,-1.934704,1.934704
82.93,-1.934707,1.934707
82.94,-1.934713,1.934713
82.95,-1.934719,1.934719
82.96,-1.93472,1.93472
82.97,-1.934741,1.934741
82.98,-1.934862,1.934862
82.99,-1.934928,1.934928
83.0,-1.934976,1.934976
83.01,-1.935047,1.935047
83.02,-1.935138,1.935138
83.03,-1.935259,1.935259
83.04,-1.93541,1.93541
83.05,-1.935481,1.935481
83.06,-1.935547,1.935547
83.07,-1.935673,1.935673
83.08,-1.935627,1.935627
83.09,-1.935454,1.935454
83.1,-1.935294,1.935294
83.11,-1.935107,1.935107
83.12,-1.934871,1.934871
83.13,-1.934692,1.934692
83.14,-1.93447,1.93447
83.15,-1.934253,1.934253
83.16,-1.933973,1.933973
83.17,-1.933751,1.933751
83.18,-1.933554,1.933554
83.19,-1.933396,1.933396
83.2,-1.933179,1.933179
83.21,-1.932932,1.932932
83.22,-1.932628,1.932628
83.23,-1.932372,1.932372
83.24,-1.932104,1.932104
83.25,-1.9319,1.9319
83.26,-1.931743,1.931743
83.27,-1.931598,1.931598
83.28,-1.931376,1.931376
83.29,-1.931207,1.931207
83.3,-1.931163,1.931163
83.31,-1.931147,1.931147
83.32,-1.931175,1.931175
83.33,-1.931111,1.931111
83.34,-1.931098,1.931098
83.35,-1.931197,1.931197
83.36,-1.931287,1.931287
83.37,-1.931436,1.931436
83.38,-1.931546,1.931546
83.39,-1.931687,1.931687
83.4,-1.931895,1.931895
83.41,-1.93214,1.93214
83.42,-1.932337,1.932337
83.43,-1.932594,1.932594
83.44,-1.93276,1.93276
83.45,-1.932896,1.932896
83.46,-1.933029,1.933029
83.47,-1.933203,1.933203
83.48,-1.93346,1.93346
83.49,-1.933767,1.933767
83.5,-1.934134,1.934134
83.51,-1.934412,1.934412
83.52,-1.934625,1.934625
83.53,-1.934836,1.934836
83.54,-1.935036,1.935036
83.55,-1.935211,1.935211
83.56,-1.935378,1.935378
83.57,-1.93547,1.93547
83.58,-1.935625,1.935625
83.59,-1.935849,1.935849
83.6,-1.936132,1.936132
83.61,-1.936321,1.936321
83.62,-1.936485,1.936485
83.63,-1.936652,1.936652
83.64,-1.936777,1.936777
83.65,-1.936904,1.936904
83.66,-1.937091,1.937091
83.67,-1.937129,1.937129
83.68,-1.937186,1.937186
83.69,-1.937186,1.937186
83.7,-1.937263,1.937263
83.71,-1.937274,1.937274
83.72,-1.937186,1.937186
83.73,-1.936965,1.936965
83.74,-1.936798,1.936798
83.75,-1.936661,1.936661
83.76,-1.936511,1.936511
83.77,-1.936376,1.936376
83.78,-1.936222,1.936222
83.79,-1.935893,1.935893
83.8,-1.935536,1.935536
83.81,-1.935133,1.935133
83.82,-1.934786,1.934786
83.83,-1.934386,1.934386
83.84,-1.933974,1.933974
83.85,-1.933656,1.933656
83.86,-1.933408,1.933408
83.87,-1.933212,1.933212
83.88,-1.932952,1.932952
83.89,-1.932559,1.932559
83.9,-1.932115,1.932115
83.91,-1.931692,1.931692
83.92,-1.931305,1.931305
83.93,-1.931031,1.931031
83.94,-1.930704,1.930704
83.95,-1.930296,1.930296
83.96,-1.929947,1.929947
83.97,-1.929631,1.929631
83.98,-1.929338,1.929338
83.99,-1.929066,1.929066
84.0,-1.928877,1.928877
84.01,-1.928691,1.928691
84.02,-1.928607,1.928607
84.03,-1.928445,1.928445
84.04,-1.92836,1.92836
84.05,-1.928346,1.928346
84.06,-1.928381,1.928381
84.07,-1.928362,1.928362
84.08,-1.928432,1.928432
84.09,-1.928511,1.928511
84.1,-1.92847,1.92847
84.11,-1.928384,1.928384
84.12,-1.928362,1.928362
84.13,-1.928366,1.928366
84.14,-1.928359,1.928359
84.15,-1.928403,1.928403
84.16,-1.928441,1.928441
84.17,-1.928496,1.928496
84.18,-1.928519,1.928519
84.19,-1.928517,1.928517
84.2,-1.928536,1.928536
84.21,-1.928526,1.928526
84.22,-1.928509,1.928509
84.23,-1.928491,1.928491
84.24,-1.928517,1.928517
84.25,-1.928558,1.928558
84.26,-1.928532,1.928532
84.27,-1.928522,1.928522
84.28,-1.928456,1.928456
84.29,-1.928395,1.928395
84.3,-1.928318,1.928318
84.31,-1.928257,1.928257
84.32,-1.928385,1.928385
84.33,-1.928488,1.928488
84.34,-1.928627,1.928627
84.35,-1.928818,1.928818
84.36,-1.929071,1.929071
84.37,-1.929328,1.929328
84.38,-1.929653,1.929653
84.39,-1.929908,1.929908
84.4,-1.930248,1.930248
84.41,-1.930548,1.930548
84.42,-1.930821,1.930821
84.43,-1.931064,1.931064
84.44,-1.931306,1.931306
84.45,-1.931449,1.931449
84.46,-1.931658,1.931658
84.47,-1.931908,1.931908
84.48,-1.932115,1.932115
84.49,-1.932311,1.932311
84.5,-1.932533,1.932533
84.51,-1.932637,1.932637
84.52,-1.932817,1.932817
84.53,-1.933004,1.933004
84.54,-1.93317,1.93317
84.55,-1.933287,1.933287
84.56,-1.933468,1.933468
84.57,-1.93367,1.93367
84.58,-1.933907,1.933907
84.59,-1.934111,1.934111
84.6,-1.934215,1.934215
84.61,-1.934244,1.934244
84.62,-1.934325,1.934325
84.63,-1.934297,1.934297
84.64,-1.934254,1.934254
84.65,-1.934306,1.934306
84.66,-1.93443,1.93443
84.67,-1.934426,1.934426
84.68,-1.934299,1.934299
84.69,-1.934052,1.934052
84.7,-1.933777,1.933777
84.71,-1.933458,1.933458
84.72,-1.933085,1.933085
84.73,-1.932721,1.932721
84.74,-1.932348,1.932348
84.75,-1.931966,1.931966
84.76,-1.931608,1.931608
84.77,-1.931139,1.931139
84.78,-1.930734,1.930734
84.79,-1.93034,1.93034
84.8,-1.929875,1.929875
84.81,-1.929407,1.929407
84.82,-1.92892,1.92892
84.83,-1.928445,1.928445
84.84,-1.928045,1.928045
84.85,-1.927628,1.927628
84.86,-1.92725,1.92725
84.87,-1.926962,1.926962
84.88,-1.92669,1.92669
84.89,-1.926426,1.926426
84.9,-1.926223,1.926223
84.91,-1.92603,1.92603
84.92,-1.925802,1.925802
84.93,-1.925647,1.925647
84.94,-1.925589,1.925589
84.95,-1.925619,1.925619
84.96,-1.925676,1.925676
84.97,-1.925674,1.925674
84.98,-1.925692,1.925692
84.99,-1.925651,1.925651
85.0,-1.925674,1.925674
85.01,-1.925692,1.925692
85.02,-1.92581,1.92581
85.03,-1.925957,1.925957
85.04,-1.926113,1.926113
85.05,-1.926236,1.926236
85.06,-1.926296,1.926296
85.07,-1.92627,1.92627
85.08,-1.926254,1.926254
85.09,-1.926299,1.926299
85.1,-1.926475,1.926475
85.11,-1.926583,1.926583
85.12,-1.926657,1.926657
85.13,-1.926641,1.926641
85.14,-1.926644,1.926644
85.15,-1.926716,1.926716
85.16,-1.926753,1.926753
85.17,-1.926767,1.926767
85.18,-1.9268,1.9268
85.19,-1.926777,1.926777
85.2,-1.926716,1.926716
85.21,-1.926682,1.926682
85.22,-1.926701,1.926701
85.23,-1.926684,1.926684
85.24,-1.92662,1.92662
85.25,-1.92658,1.92658
85.26,-1.9266,1.9266
85.27,-1.926538,1.926538
85.28,-1.926392,1.926392
85.29,-1.926182,1.926182
85.3,-1.925983,1.925983
85.31,-1.925792,1.925792
85.32,-1.925644,1.925644
85.33,-1.92552,1.92552
85.34,-1.925436,1.925436
85.35,-1.925325,1.925325
85.36,-1.925256,1.925256
85.37,-1.925126,1.925126
85.38,-1.92499,1.92499
85.39,-1.92484,1.92484
85.4,-1.924651,1.924651
85.41,-1.924515,1.924515
85.42,-1.924495,1.924495
85.43,-1.924425,1.924425
85.44,-1.92437,1.92437
85.45,-1.924375,1.924375
85.46,-1.924441,1.924441
85.47,-1.924479,1.924479
85.48,-1.924569,1.924569
85.49,-1.924627,1.924627
85.5,-1.924617,1.924617
85.51,-1.924588,1.924588
85.52,-1.924657,1.924657
85.53,-1.924792,1.924792
85.54,-1.924849,1.924849
85.55,-1.92487,1.92487
85.56,-1.924969,1.924969
85.57,-1.925067,1.925067
85.58,-1.925179,1.925179
85.59,-1.925264,1.925264
85.6,-1.925404,1.925404
85.61,-1.925511,1.925511
85.62,-1.925661,1.925661
85.63,-1.925816,1.925816
85.64,-1.925919,1.925919
85.65,-1.926001,1.926001
85.66,-1.926151,1.926151
85.67,-1.926196,1.926196
85.68,-1.926314,1.926314
85.69,-1.926375,1.926375
85.7,-1.926461,1.926461
85.71,-1.926534,1.926534
85.72,-1.926649,1.926649
85.73,-1.926706,1.926706
85.74,-1.926732,1.926732
85.75,-1.926652,1.926652
85.76,-1.926521,1.926521
85.77,-1.926418,1.926418
85.78,-1.926311,1.926311
85.79,-1.926213,1.926213
85.8,-1.926163,1.926163
85.81,-1.926108,1.926108
85.82,-1.926028,1.926028
85.83,-1.925831,1.925831
85.84,-1.925584,1.925584
85.85,-1.925404,1.925404
85.86,-1.925177,1.925177
85.87,-1.924816,1.924816
85.88,-1.924458,1.924458
85.89,-1.924159,1.924159
85.9,-1.923817,1.923817
85.91,-1.923476,1.923476
85.92,-1.923211,1.923211
85.93,-1.923046,1.923046
85.94,-1.922913,1.922913
85.95,-1.92267,1.92267
85.96,-1.922388,1.922388
85.97,-1.922074,1.922074
85.98,-1.921795,1.921795
85.99,-1.921379,1.921379
86.0,-1.921083,1.921083
86.01,-1.9208,1.9208
86.02,-1.920486,1.920486
86.03,-1.9202,1.9202
86.04,-1.919932,1.919932
86.05,-1.919804,1.919804
86.06,-1.919711,1.919711
86.07,-1.919736,1.919736
86.08,-1.919647,1.919647
86.09,-1.919449,1.919449
86.1,-1.919279,1.919279
86.11,-1.919085,1.919085
86.12,-1.919037,1.919037
86.13,-1.918905,1.918905
86.14,-1.918755,1.918755
86.15,-1.918626,1.918626
86.16,-1.918494,1.918494
86.17,-1.918419,1.918419
86.18,-1.918485,1.918485
86.19,-1.918591,1.918591
86.2,-1.918699,1.918699
86.21,-1.918794,1.918794
86.22,-1.918919,1.918919
86.23,-1.918963,1.918963
86.24,-1.918881,1.918881
86.25,-1.918769,1.918769
86.26,-1.918766,1.918766
86.27,-1.918795,1.918795
86.28,-1.918905,1.918905
86.29,-1.919104,1.919104
86.3,-1.91926,1.91926
86.31,-1.919293,1.919293
86.32,-1.919358,1.919358
86.33,-1.919435,1.919435
86.34,-1.919635,1.919635
86.35,-1.919781,1.919781
86.36,-1.919846,1.919846
86.37,-1.919855,1.919855
86.38,-1.920025,1.920025
86.39,-1.920284,1.920284
86.4,-1.920497,1.920497
86.41,-1.920657,1.920657
86.42,-1.920859,1.920859
86.43,-1.921069,1.921069
86.44,-1.921283,1.921283
86.45,-1.921386,1.921386
86.46,-1.921521,1.921521
86.47,-1.92151,1.92151
86.48,-1.921586,1.921586
86.49,-1.921768,1.921768
86.5,-1.921854,1.921854
86.51,-1.921961,1.921961
86.52,-1.922237,1.922237
86.53,-1.922465,1.922465
86.54,-1.922621,1.922621
86.55,-1.922676,1.922676
86.56,-1.922777,1.922777
86.57,-1.922769,1.922769
86.58,-1.922793,1.922793
86.59,-1.922801,1.922801
86.6,-1.922809,1.922809
86.61,-1.922837,1.922837
86.62,-1.922923,1.922923
86.63,-1.922974,1.922974
86.64,-1.923002,1.923002
86.65,-1.923135,1.923135
86.66,-1.923338,1.923338
86.67,-1.923422,1.923422
86.68,-1.923476,1.923476
86.69,-1.923532,1.923532
86.7,-1.92358,1.92358
86.71,-1.923657,1.923657
86.72,-1.923741,1.923741
86.73,-1.923734,1.923734
86.74,-1.923744,1.923744
86.75,-1.923722,1.923722
86.76,-1.923757,1.923757
86.77,-1.923808,1.923808
86.78,-1.923844,1.923844
86.79,-1.923811,1.923811
86.8,-1.923819,1.923819
86.81,-1.923761,1.923761
86.82,-1.923645,1.923645
86.83,-1.923506,1.923506
86.84,-1.923338,1.923338
86.85,-1.923218,1.923218
86.86,-1.923171,1.923171
86.87,-1.923054,1.923054
86.88,-1.922973,1.922973
86.89,-1.922847,1.922847
86.9,-1.922705,1.922705
86.91,-1.922543,1.922543
86.92,-1.922381,1.922381
86.93,-1.922172,1.922172
86.94,-1.921923,1.921923
86.95,-1.921609,1.921609
86.96,-1.921339,1.921339
86.97,-1.921049,1.921049
86.98,-1.920777,1.920777
86.99,-1.920448,1.920448
87.0,-1.920103,1.920103
87.01,-1.919788,1.919788
87.02,-1.919633,1.919633
87.03,-1.919417,1.919417
87.04,-1.91917,1.91917
87.05,-1.918734,1.918734
87.06,-1.918381,1.918381
87.07,-1.918097,1.918097
87.08,-1.917824,1.917824
87.09,-1.917535,1.917535
87.1,-1.917265,1.917265
87.11,-1.916988,1.916988
87.12,-1.916736,1.916736
87.13,-1.916473,1.916473
87.14,-1.916317,1.916317
87.15,-1.916239,1.916239
87.16,-1.916228,1.916228
87.17,-1.916087,1.916087
87.18,-1.915956,1.915956
87.19,-1.915784,1.915784
87.2,-1.915642,1.915642
87.21,-1.91552,1.91552
87.22,-1.915468,1.915468
87.23,-1.915386,1.915386
87.24,-1.915292,1.915292
87.25,-1.915158,1.915158
87.26,-1.915087,1.915087
87.27,-1.915079,1.915079
87.28,-1.915106,1.915106
87.29,-1.915035,1.915035
87.3,-1.914843,1.914843
87.31,-1.914587,1.914587
87.32,-1.914427,1.914427
87.33,-1.914271,1.914271
87.34,-1.914176,1.914176
87.35,-1.914032,1.914032
87.36,-1.913832,1.913832
87.37,-1.913665,1.913665
87.38,-1.913551,1.913551
87.39,-1.913472,1.913472
87.4,-1.913378,1.913378
87.41,-1.913328,1.913328
87.42,-1.913297,1.913297
87.43,-1.913207,1.913207
87.44,-1.913108,1.913108
87.45,-1.912991,1.912991
87.46,-1.912969,1.912969
87.47,-1.912859,1.912859
87.48,-1.912665,1.912665
87.49,-1.912593,1.912593
87.5,-1.91264,1.91264
87.51,-1.912687,1.912687
87.52,-1.912728,1.912728
87.53,-1.912777,1.912777
87.54,-1.912856,1.912856
87.55,-1.912958,1.912958
87.56,-1.913023,1.913023
87.57,-1.913081,1.913081
87.58,-1.913203,1.913203
87.59,-1.91327,1.91327
87.6,-1.913307,1.913307
87.61,-1.913313,1.913313
87.62,-1.913328,1.913328
87.63,-1.913222,1.913222
87.64,-1.913155,1.913155
87.65,-1.913156,1.913156
87.66,-1.913205,1.913205
87.67,-1.913239,1.913239
87.68,-1.913209,1.913209
87.69,-1.913129,1.913129
87.7,-1.91308,1.91308
87.71,-1.913087,1.913087
87.72,-1.913047,1.913047
87.73,-1.912924,1.912924
87.74,-1.912746,1.912746
87.75,-1.912605,1.912605
87.76,-1.912481,1.912481
87.77,-1.912322,1.912322
87.78,-1.912116,1.912116
87.79,-1.911865,1.911865
87.8,-1.911693,1.911693
87.81,-1.911553,1.911553
87.82,-1.911408,1.911408
87.83,-1.911256,1.911256
87.84,-1.911058,1.911058
87.85,-1.9108,1.9108
87.86,-1.910498,1.910498
87.87,-1.910149,1.910149
87.88,-1.909869,1.909869
87.89,-1.909588,1.909588
87.9,-1.909293,1.909293
87.91,-1.908971,1.908971
87.92,-1.908711,1.908711
87.93,-1.908562,1.908562
87.94,-1.908527,1.908527
87.95,-1.908485,1.908485
87.96,-1.908483,1.908483
87.97,-1.908477,1.908477
87.98,-1.908387,1.908387
87.99,-1.90819,1.90819
88.0,-1.908024,1.908024
88.01,-1.907875,1.907875
88.02,-1.907648,1.907648
88.03,-1.907465,1.907465
88.04,-1.907375,1.907375
88.05,-1.907305,1.907305
88.06,-1.907191,1.907191
88.07,-1.907122,1.907122
88.08,-1.907038,1.907038
88.09,-1.90697,1.90697
88.1,-1.906918,1.906918
88.11,-1.906936,1.906936
88.12,-1.907006,1.907006
88.13,-1.907061,1.907061
88.14,-1.907039,1.907039
88.15,-1.90709,1.90709
88.16,-1.90714,1.90714
88.17,-1.907074,1.907074
88.18,-1.907165,1.907165
88.19,-1.907372,1.907372
88.2,-1.907413,1.907413
88.21,-1.907411,1.907411
88.22,-1.907363,1.907363
88.23,-1.907291,1.907291
88.24,-1.907194,1.907194
88.25,-1.907169,1.907169
88.26,-1.907198,1.907198
88.27,-1.907243,1.907243
88.28,-1.907335,1.907335
88.29,-1.907475,1.907475
88.3,-1.907544,1.907544
88.31,-1.907598,1.907598
88.32,-1.907783,1.907783
88.33,-1.907945,1.907945
88.34,-1.908016,1.908016
88.35,-1.908111,1.908111
88.36,-1.908288,1.908288
88.37,-1.908536,1.908536
88.38,-1.90893,1.90893
88.39,-1.909267,1.909267
88.4,-1.909582,1.909582
88.41,-1.909996,1.909996
88.42,-1.910396,1.910396
88.43,-1.91077,1.91077
88.44,-1.911162,1.911162
88.45,-1.911603,1.911603
88.46,-1.912122,1.912122
88.47,-1.91266,1.91266
88.48,-1.913201,1.913201
88.49,-1.913785,1.913785
88.5,-1.914374,1.914374
88.51,-1.914946,1.914946
88.52,-1.915465,1.915465
88.53,-1.915982,1.915982
88.54,-1.916563,1.916563
88.55,-1.917163,1.917163
88.56,-1.917801,1.917801
88.57,-1.918304,1.918304
88.58,-1.918845,1.918845
88.59,-1.919405,1.919405
88.6,-1.919915,1.919915
88.61,-1.920309,1.920309
88.62,-1.920594,1.920594
88.63,-1.920796,1.920796
88.64,-1.920946,1.920946
88.65,-1.921084,1.921084
88.66,-1.921267,1.921267
88.67,-1.921502,1.921502
88.68,-1.921664,1.921664
88.69,-1.921728,1.921728
88.7,-1.921793,1.921793
88.71,-1.921894,1.921894
88.72,-1.921861,1.921861
88.73,-1.921743,1.921743
88.74,-1.921687,1.921687
88.75,-1.921694,1.921694
88.76,-1.921565,1.921565
88.77,-1.921368,1.921368
88.78,-1.921201,1.921201
88.79,-1.921018,1.921018
88.8,-1.920796,1.920796
88.81,-1.920498,1.920498
88.82,-1.920247,1.920247
88.83,-1.920007,1.920007
88.84,-1.919775,1.919775
88.85,-1.919554,1.919554
88.86,-1.919346,1.919346
88.87,-1.919086,1.919086
88.88,-1.918765,1.918765
88.89,-1.918396,1.918396
88.9,-1.918109,1.918109
88.91,-1.917893,1.917893
88.92,-1.917742,1.917742
88.93,-1.917487,1.917487
88.94,-1.91722,1.91722
88.95,-1.916977,1.916977
88.96,-1.916716,1.916716
88.97,-1.916523,1.916523
88.98,-1.916363,1.916363
88.99,-1.916232,1.916232
89.0,-1.916251,1.916251
89.01,-1.916246,1.916246
89.02,-1.91622,1.91622
89.03,-1.916288,1.916288
89.04,-1.916326,1.916326
89.05,-1.916432,1.916432
89.06,-1.916483,1.916483
89.07,-1.916549,1.916549
89.08,-1.916709,1.916709
89.09,-1.916837,1.916837
89.1,-1.917021,1.917021
89.11,-1.917276,1.917276
89.12,-1.917512,1.917512
89.13,-1.917636,1.917636
89.14,-1.917716,1.917716
89.15,-1.917897,1.917897
89.16,-1.918115,1.918115
89.17,-1.918363,1.918363
89.18,-1.918559,1.918559
89.19,-1.918659,1.918659
89.2,-1.918784,1.918784
89.21,-1.918966,1.918966
89.22,-1.919087,1.919087
89.23,-1.919244,1.919244
89.24,-1.919414,1.919414
89.25,-1.919624,1.919624
89.26,-1.919747,1.919747
89.27,-1.919866,1.919866
89.28,-1.920031,1.920031
89.29,-1.920231,1.920231
89.3,-1.920305,1.920305
89.31,-1.920351,1.920351
89.32,-1.920465,1.920465
89.33,-1.920618,1.920618
89.34,-1.920678,1.920678
89.35,-1.920751,1.920751
89.36,-1.920856,1.920856
89.37,-1.920823,1.920823
89.38,-1.920724,1.920724
89.39,-1.920678,1.920678
89.4,-1.920721,1.920721
89.41,-1.920701,1.920701
89.42,-1.920548,1.920548
89.43,-1.92044,1.92044
89.44,-1.920251,1.920251
89.45,-1.920106,1.920106
89.46,-1.919964,1.919964
89.47,-1.919785,1.919785
89.48,-1.919565,1.919565
89.49,-1.919415,1.919415
89.5,-1.919235,1.919235
89.51,-1.918978,1.918978
89.52,-1.918726,1.918726
89.53,-1.918526,1.918526
89.54,-1.918339,1.918339
89.55,-1.918093,1.918093
89.56,-1.917847,1.917847
89.57,-1.917733,1.917733
89.58,-1.917624,1.917624
89.59,-1.917477,1.917477
89.6,-1.917319,1.917319
89.61,-1.917213,1.917213
89.62,-1.917105,1.917105
89.63,-1.917066,1.917066
89.64,-1.917015,1.917015
89.65,-1.916991,1.916991
89.66,-1.916991,1.916991
89.67,-1.917085,1.917085
89.68,-1.917138,1.917138
89.69,-1.917233,1.917233
89.7,-1.917378,1.917378
89.71,-1.917407,1.917407
89.72,-1.917505,1.917505
89.73,-1.917583,1.917583
89.74,-1.917568,1.917568
89.75,-1.917508,1.917508
89.76,-1.917413,1.917413
89.77,-1.917253,1.917253
89.78,-1.917168,1.917168
89.79,-1.917019,1.917019
89.8,-1.916876,1.916876
89.81,-1.91668,1.91668
89.82,-1.916367,1.916367
89.83,-1.916062,1.916062
89.84,-1.915754,1.915754
89.85,-1.91541,1.91541
89.86,-1.915025,1.915025
89.87,-1.914528,1.914528
89.88,-1.914088,1.914088
89.89,-1.913627,1.913627
89.9,-1.913142,1.913142
89.91,-1.912551,1.912551
89.92,-1.911983,1.911983
89.93,-1.911365,1.911365
89.94,-1.910826,1.910826
89.95,-1.910251,1.910251
89.96,-1.909693,1.909693
89.97,-1.909161,1.909161
89.98,-1.908614,1.908614
89.99,-1.908124,1.908124
90.0,-1.907752,1.907752
90.01,-1.907329,1.907329
90.02,-1.906928,1.906928
90.03,-1.906589,1.906589
90.04,-1.906247,1.906247
90.05,-1.905877,1.905877
90.06,-1.905507,1.905507
90.07,-1.905137,1.905137
90.08,-1.904851,1.904851
90.09,-1.904651,1.904651
90.1,-1.904437,1.904437
90.11,-1.904208,1.904208
90.12,-1.90404,1.90404
90.13,-1.903915,1.903915
90.14,-1.903871,1.903871
90.15,-1.903834,1.903834
90.16,-1.903909,1.903909
90.17,-1.903976,1.903976
90.18,-1.903992,1.903992
90.19,-1.903953,1.903953
90.2,-1.90389,1.90389
90.21,-1.903878,1.903878
90.22,-1.903911,1.903911
90.23,-1.903976,1.903976
90.24,-1.904136,1.904136
90.25,-1.904311,1.904311
90.26,-1.904488,1.904488
90.27,-1.904649,1.904649
90.28,-1.904817,1.904817
90.29,-1.904875,1.904875
90.3,-1.904946,1.904946
90.31,-1.905014,1.905014
90.32,-1.905192,1.905192
90.33,-1.905387,1.905387
90.34,-1.905572,1.905572
90.35,-1.90574,1.90574
90.36,-1.90592,1.90592
90.37,-1.906086,1.906086
90.38,-1.906292,1.906292
90.39,-1.906483,1.906483
90.4,-1.906704,1.906704
90.41,-1.906847,1.906847
90.42,-1.907028,1.907028
90.43,-1.907195,1.907195
90.44,-1.907452,1.907452
90.45,-1.907706,1.907706
90.46,-1.90802,1.90802
90.47,-1.908339,1.908339
90.48,-1.908605,1.908605
90.49,-1.908814,1.908814
90.5,-1.909111,1.909111
90.51,-1.909465,1.909465
90.52,-1.909881,1.909881
90.53,-1.910266,1.910266
90.54,-1.910599,1.910599
90.55,-1.910917,1.910917
90.56,-1.911294,1.911294
90.57,-1.911573,1.911573
90.58,-1.911876,1.911876
90.59,-1.91227,1.91227
90.6,-1.912657,1.912657
90.61,-1.912925,1.912925
90.62,-1.913225,1.913225
90.63,-1.913479,1.913479
90.64,-1.913759,1.913759
90.65,-1.913983,1.913983
90.66,-1.914236,1.914236
90.67,-1.914424,1.914424
90.68,-1.91459,1.91459
90.69,-1.914646,1.914646
90.7,-1.914712,1.914712
90.71,-1.914693,1.914693
90.72,-1.914648,1.914648
90.73,-1.914473,1.914473
90.74,-1.914335,1.914335
90.75,-1.914228,1.914228
90.76,-1.914082,1.914082
90.77,-1.913885,1.913885
90.78,-1.913647,1.913647
90.79,-1.913326,1.913326
90.8,-1.913034,1.913034
90.81,-1.91274,1.91274
90.82,-1.912395,1.912395
90.83,-1.912035,1.912035
90.84,-1.911667,1.911667
90.85,-1.911269,1.911269
90.86,-1.91084,1.91084
90.87,-1.910334,1.910334
90.88,-1.909814,1.909814
90.89,-1.90923,1.90923
90.9,-1.908657,1.908657
90.91,-1.908118,1.908118
90.92,-1.907604,1.907604
90.93,-1.907137,1.907137
90.94,-1.906729,1.906729
90.95,-1.906402,1.906402
90.96,-1.906075,1.906075
90.97,-1.905673,1.905673
90.98,-1.905269,1.905269
90.99,-1.904914,1.904914
91.0,-1.904555,1.904555
91.01,-1.904185,1.904185
91.02,-1.903933,1.903933
91.03,-1.903709,1.903709
91.04,-1.903433,1.903433
91.05,-1.903137,1.903137
91.06,-1.902922,1.902922
91.07,-1.902633,1.902633
91.08,-1.902427,1.902427
91.09,-1.902276,1.902276
91.1,-1.902223,1.902223
91.11,-1.902289,1.902289
91.12,-1.902393,1.902393
91.13,-1.90252,1.90252
91.14,-1.902638,1.902638
91.15,-1.902697,1.902697
91.16,-1.902846,1.902846
91.17,-1.902894,1.902894
91.18,-1.902984,1.902984
91.19,-1.903175,1.903175
91.2,-1.903455,1.903455
91.21,-1.903708,1.903708
91.22,-1.904035,1.904035
91.23,-1.904372,1.904372
91.24,-1.904639,1.904639
91.25,-1.904779,1.904779
91.26,-1.904984,1.904984
91.27,-1.905197,1.905197
91.28,-1.905452,1.905452
91.29,-1.905607,1.905607
91.3,-1.90592,1.90592
91.31,-1.906165,1.906165
91.32,-1.906427,1.906427
91.33,-1.906549,1.906549
91.34,-1.906598,1.906598
91.35,-1.906686,1.906686
91.36,-1.906846,1.906846
91.37,-1.906922,1.906922
91.38,-1.906924,1.906924
91.39,-1.906924,1.906924
91.4,-1.906947,1.906947
91.41,-1.906887,1.906887
91.42,-1.90676,1.90676
91.43,-1.906523,1.906523
91.44,-1.906351,1.906351
91.45,-1.906218,1.906218
91.46,-1.906106,1.906106
91.47,-1.90592,1.90592
91.48,-1.905779,1.905779
91.49,-1.905565,1.905565
91.5,-1.905415,1.905415
91.51,-1.905313,1.905313
91.52,-1.905223,1.905223
91.53,-1.905104,1.905104
91.54,-1.904969,1.904969
91.55,-1.904677,1.904677
91.56,-1.904377,1.904377
91.57,-1.90408,1.90408
91.58,-1.903852,1.903852
91.59,-1.903665,1.903665
91.6,-1.903547,1.903547
91.61,-1.903229,1.903229
91.62,-1.902939,1.902939
91.63,-1.902634,1.902634
91.64,-1.902458,1.902458
91.65,-1.902309,1.902309
91.66,-1.902204,1.902204
91.67,-1.902098,1.902098
91.68,-1.902008,1.902008
91.69,-1.901918,1.901918
91.7,-1.901863,1.901863
91.71,-1.901876,1.901876
91.72,-1.90187,1.90187
91.73,-1.901837,1.901837
91.74,-1.901809,1.901809
91.75,-1.901704,1.901704
91.76,-1.901609,1.901609
91.77,-1.901518,1.901518
91.78,-1.901462,1.901462
91.79,-1.901291,1.901291
91.8,-1.901276,1.901276
91.81,-1.901177,1.901177
91.82,-1.901118,1.901118
91.83,-1.901009,1.901009
91.84,-1.900939,1.900939
91.85,-1.900797,1.900797
91.86,-1.900602,1.900602
91.87,-1.900349,1.900349
91.88,-1.900031,1.900031
91.89,-1.899762,1.899762
91.9,-1.899539,1.899539
91.91,-1.899267,1.899267
91.92,-1.898973,1.898973
91.93,-1.898592,1.898592
91.94,-1.898163,1.898163
91.95,-1.897736,1.897736
91.96,-1.897332,1.897332
91.97,-1.896935,1.896935
91.98,-1.896634,1.896634
91.99,-1.896236,1.896236
92.0,-1.89582,1.89582
92.01,-1.895406,1.895406
92.02,-1.895078,1.895078
92.03,-1.894771,1.894771
92.04,-1.894573,1.894573
92.05,-1.894377,1.894377
92.06,-1.894245,1.894245
92.07,-1.89402,1.89402
92.08,-1.893795,1.893795
92.09,-1.893488,1.893488
92.1,-1.893223,1.893223
92.11,-1.892926,1.892926
92.12,-1.892681,1.892681
92.13,-1.892454,1.892454
92.14,-1.892296,1.892296
92.15,-1.892256,1.892256
92.16,-1.892155,1.892155
92.17,-1.892004,1.892004
92.18,-1.891902,1.891902
92.19,-1.891775,1.891775
92.2,-1.891734,1.891734
92.21,-1.891709,1.891709
92.22,-1.891701,1.891701
92.23,-1.891632,1.891632
92.24,-1.891689,1.891689
92.25,-1.891969,1.891969
92.26,-1.892221,1.892221
92.27,-1.89239,1.89239
92.28,-1.892611,1.892611
92.29,-1.892938,1.892938
92.3,-1.893322,1.893322
92.31,-1.89362,1.89362
92.32,-1.894015,1.894015
92.33,-1.894304,1.894304
92.34,-1.894619,1.894619
92.35,-1.894926,1.894926
92.36,-1.895332,1.895332
92.37,-1.895677,1.895677
92.38,-1.896019,1.896019
92.39,-1.896336,1.896336
92.4,-1.896708,1.896708
92.41,-1.897075,1.897075
92.42,-1.897487,1.897487
92.43,-1.89785,1.89785
92.44,-1.898267,1.898267
92.45,-1.898609,1.898609
92.46,-1.898967,1.898967
92.47,-1.899242,1.899242
92.48,-1.899585,1.899585
92.49,-1.899873,1.899873
92.5,-1.900192,1.900192
92.51,-1.900441,1.900441
92.52,-1.900674,1.900674
92.53,-1.900982,1.900982
92.54,-1.901321,1.901321
92.55,-1.901559,1.901559
92.56,-1.901776,1.901776
92.57,-1.90192,1.90192
92.58,-1.902184,1.902184
92.59,-1.902415,1.902415
92.6,-1.902649,1.902649
92.61,-1.902729,1.902729
92.62,-1.902795,1.902795
92.63,-1.902866,1.902866
92.64,-1.903151,1.903151
92.65,-1.903488,1.903488
92.66,-1.903755,1.903755
92.67,-1.903979,1.903979
92.68,-1.904226,1.904226
92.69,-1.904502,1.904502
92.7,-1.904769,1.904769
92.71,-1.904827,1.904827
92.72,-1.90493,1.90493
92.73,-1.905046,1.905046
92.74,-1.905182,1.905182
92.75,-1.905285,1.905285
92.76,-1.905432,1.905432
92.77,-1.905655,1.905655
92.78,-1.906026,1.906026
92.79,-1.906396,1.906396
92.8,-1.906805,1.906805
92.81,-1.90713,1.90713
92.82,-1.907401,1.907401
92.83,-1.907641,1.907641
92.84,-1.907904,1.907904
92.85,-1.908036,1.908036
92.86,-1.908157,1.908157
92.87,-1.908288,1.908288
92.88,-1.908493,1.908493
92.89,-1.908575,1.908575
92.9,-1.908682,1.908682
92.91,-1.908731,1.908731
92.92,-1.908684,1.908684
92.93,-1.908508,1.908508
92.94,-1.908368,1.908368
92.95,-1.908126,1.908126
92.96,-1.907899,1.907899
92.97,-1.907663,1.907663
92.98,-1.90749,1.90749
92.99,-1.907273,1.907273
93.0,-1.907067,1.907067
93.01,-1.906883,1.906883
93.02,-1.906678,1.906678
93.03,-1.906378,1.906378
93.04,-1.906134,1.906134
93.05,-1.90588,1.90588
93.06,-1.905537,1.905537
93.07,-1.905171,1.905171
93.08,-1.904885,1.904885
93.09,-1.904596,1.904596
93.1,-1.904438,1.904438
93.11,-1.90433,1.90433
93.12,-1.904249,1.904249
93.13,-1.904018,1.904018
93.14,-1.903919,1.903919
93.15,-1.903861,1.903861
93.16,-1.903746,1.903746
93.17,-1.903598,1.903598
93.18,-1.903602,1.903602
93.19,-1.903628,1.903628
93.2,-1.903812,1.903812
93.21,-1.903954,1.903954
93.22,-1.904173,1.904173
93.23,-1.904442,1.904442
93.24,-1.904755,1.904755
93.25,-1.905015,1.905015
93.26,-1.905303,1.905303
93.27,-1.905631,1.905631
93.28,-1.906003,1.906003
93.29,-1.906469,1.906469
93.3,-1.90704,1.90704
93.31,-1.90748,1.90748
93.32,-1.907885,1.907885
93.33,-1.908305,1.908305
93.34,-1.908744,1.908744
93.35,-1.909155,1.909155
93.36,-1.909684,1.909684
93.37,-1.910153,1.910153
93.38,-1.91062,1.91062
93.39,-1.910963,1.910963
93.4,-1.911287,1.911287
93.41,-1.911592,1.911592
93.42,-1.912012,1.912012
93.43,-1.912364,1.912364
93.44,-1.912667,1.912667
93.45,-1.912922,1.912922
93.46,-1.913257,1.913257
93.47,-1.913492,1.913492
93.48,-1.913659,1.913659
93.49,-1.913739,1.913739
93.5,-1.913786,1.913786
93.51,-1.913783,1.913783
93.52,-1.913829,1.913829
93.53,-1.913771,1.913771
93.54,-1.913822,1.913822
93.55,-1.913818,1.913818
93.56,-1.913838,1.913838
93.57,-1.913849,1.913849
93.58,-1.913826,1.913826
93.59,-1.913786,1.913786
93.6,-1.913664,1.913664
93.61,-1.913583,1.913583
93.62,-1.913547,1.913547
93.63,-1.913585,1.913585
93.64,-1.913572,1.913572
93.65,-1.913511,1.913511
93.66,-1.913564,1.913564
93.67,-1.913524,1.913524
93.68,-1.91349,1.91349
93.69,-1.913471,1.913471
93.7,-1.913507,1.913507
93.71,-1.91347,1.91347
93.72,-1.913407,1.913407
93.73,-1.913367,1.913367
93.74,-1.913377,1.913377
93.75,-1.91339,1.91339
93.76,-1.913428,1.913428
93.77,-1.913492,1.913492
93.78,-1.913637,1.913637
93.79,-1.913701,1.913701
93.8,-1.913802,1.913802
93.81,-1.91382,1.91382
93.82,-1.913906,1.913906
93.83,-1.913885,1.913885
93.84,-1.91379,1.91379
93.85,-1.913765,1.913765
93.86,-1.913771,1.913771
93.87,-1.913619,1.913619
93.88,-1.913476,1.913476
93.89,-1.913303,1.913303
93.9,-1.913157,1.913157
93.91,-1.912953,1.912953
93.92,-1.91275,1.91275
93.93,-1.912495,1.912495
93.94,-1.912284,1.912284
93.95,-1.911854,1.911854
93.96,-1.9114,1.9114
93.97,-1.911004,1.911004
93.98,-1.910731,1.910731
93.99,-1.910451,1.910451
94.0,-1.910197,1.910197
94.01,-1.910006,1.910006
94.02,-1.909733,1.909733
94.03,-1.909292,1.909292
94.04,-1.908901,1.908901
94.05,-1.90855,1.90855
94.06,-1.908159,1.908159
94.07,-1.907788,1.907788
94.08,-1.907486,1.907486
94.09,-1.907185,1.907185
94.1,-1.906917,1.906917
94.11,-1.906671,1.906671
94.12,-1.906461,1.906461
94.13,-1.906276,1.906276
94.14,-1.906058,1.906058
94.15,-1.905819,1.905819
94.16,-1.905565,1.905565
94.17,-1.905413,1.905413
94.18,-1.905256,1.905256
94.19,-1.905061,1.905061
94.2,-1.904928,1.904928
94.21,-1.904817,1.904817
94.22,-1.904658,1.904658
94.23,-1.90455,1.90455
94.24,-1.904397,1.904397
94.25,-1.904336,1.904336
94.26,-1.904298,1.904298
94.27,-1.904241,1.904241
94.28,-1.904264,1.904264
94.29,-1.904259,1.904259
94.3,-1.904293,1.904293
94.31,-1.904414,1.904414
94.32,-1.904536,1.904536
94.33,-1.904674,1.904674
94.34,-1.904822,1.904822
94.35,-1.904993,1.904993
94.36,-1.905137,1.905137
94.37,-1.905346,1.905346
94.38,-1.905566,1.905566
94.39,-1.905846,1.905846
94.4,-1.90615,1.90615
94.41,-1.906358,1.906358
94.42,-1.906592,1.906592
94.43,-1.906815,1.906815
94.44,-1.907087,1.907087
94.45,-1.907374,1.907374
94.46,-1.907735,1.907735
94.47,-1.908113,1.908113
94.48,-1.908535,1.908535
94.49,-1.908968,1.908968
94.5,-1.909488,1.909488
94.51,-1.909995,1.909995
94.52,-1.910483,1.910483
94.53,-1.910888,1.910888
94.54,-1.911353,1.911353
94.55,-1.911808,1.911808
94.56,-1.912226,1.912226
94.57,-1.912603,1.912603
94.58,-1.912941,1.912941
94.59,-1.913294,1.913294
94.6,-1.913768,1.913768
94.61,-1.914362,1.914362
94.62,-1.915014,1.915014
94.63,-1.915515,1.915515
94.64,-1.915954,1.915954
94.65,-1.916414,1.916414
94.66,-1.916848,1.916848
94.67,-1.917189,1.917189
94.68,-1.917504,1.917504
94.69,-1.917764,1.917764
94.7,-1.918076,1.918076
94.71,-1.918363,1.918363
94.72,-1.918631,1.918631
94.73,-1.918817,1.918817
94.74,-1.918981,1.918981
94.75,-1.919018,1.919018
94.76,-1.919061,1.919061
94.77,-1.91903,1.91903
94.78,-1.918963,1.918963
94.79,-1.918836,1.918836
94.8,-1.918721,1.918721
94.81,-1.918496,1.918496
94.82,-1.918325,1.918325
94.83,-1.918041,1.918041
94.84,-1.917702,1.917702
94.85,-1.917298,1.917298
94.86,-1.916966,1.916966
94.87,-1.916626,1.916626
94.88,-1.916296,1.916296
94.89,-1.915948,1.915948
94.9,-1.9156,1.9156
94.91,-1.915201,1.915201
94.92,-1.914779,1.914779
94.93,-1.914339,1.914339
94.94,-1.913984,1.913984
94.95,-1.913757,1.913757
94.96,-1.913682,1.913682
94.97,-1.913607,1.913607
94.98,-1.913456,1.913456
94.99,-1.913268,1.913268
95.0,-1.913077,1.913077
95.01,-1.912865,1.912865
95.02,-1.912611,1.912611
95.03,-1.912389,1.912389
95.04,-1.912203,1.912203
95.05,-1.911969,1.911969
95.06,-1.911841,1.911841
95.07,-1.911829,1.911829
95.08,-1.911874,1.911874
95.09,-1.911884,1.911884
95.1,-1.911841,1.911841
95.11,-1.911884,1.911884
95.12,-1.911999,1.911999
95.13,-1.912007,1.912007
95.14,-1.912009,1.912009
95.15,-1.911938,1.911938
95.16,-1.911809,1.911809
95.17,-1.911686,1.911686
95.18,-1.911672,1.911672
95.19,-1.91161,1.91161
95.2,-1.911553,1.911553
95.21,-1.911384,1.911384
95.22,-1.911239,1.911239
95.23,-1.911208,1.911208
95.24,-1.911134,1.911134
95.25,-1.910975,1.910975
95.26,-1.910965,1.910965
95.27,-1.910934,1.910934
95.28,-1.910937,1.910937
95.29,-1.91098,1.91098
95.3,-1.911098,1.911098
95.31,-1.911201,1.911201
95.32,-1.911315,1.911315
95.33,-1.911419,1.911419
95.34,-1.911573,1.911573
95.35,-1.911692,1.911692
95.36,-1.911857,1.911857
95.37,-1.911991,1.911991
95.38,-1.912239,1.912239
95.39,-1.912517,1.912517
95.4,-1.912838,1.912838
95.41,-1.913143,1.913143
95.42,-1.913414,1.913414
95.43,-1.913594,1.913594
95.44,-1.913906,1.913906
95.45,-1.914223,1.914223
95.46,-1.914488,1.914488
95.47,-1.914576,1.914576
95.48,-1.914739,1.914739
95.49,-1.914989,1.914989
95.5,-1.915298,1.915298
95.51,-1.915491,1.915491
95.52,-1.915676,1.915676
95.53,-1.915865,1.915865
95.54,-1.916085,1.916085
95.55,-1.916194,1.916194
95.56,-1.916252,1.916252
95.57,-1.916273,1.916273
95.58,-1.916364,1.916364
95.59,-1.916394,1.916394
95.6,-1.916436,1.916436
95.61,-1.916399,1.916399
95.62,-1.916307,1.916307
95.63,-1.916304,1.916304
95.64,-1.916369,1.916369
95.65,-1.916393,1.916393
95.66,-1.916414,1.916414
95.67,-1.916359,1.916359
95.68,-1.916332,1.916332
95.69,-1.916265,1.916265
95.7,-1.916206,1.916206
95.71,-1.916188,1.916188
95.72,-1.91618,1.91618
95.73,-1.916131,1.916131
95.74,-1.916021,1.916021
95.75,-1.915937,1.915937
95.76,-1.915937,1.915937
95.77,-1.915919,1.915919
95.78,-1.915924,1.915924
95.79,-1.916033,1.916033
95.8,-1.916199,1.916199
95.81,-1.916306,1.916306
95.82,-1.916399,1.916399
95.83,-1.916451,1.916451
95.84,-1.916493,1.916493
95.85,-1.916455,1.916455
95.86,-1.916429,1.916429
95.87,-1.916564,1.916564
95.88,-1.916782,1.916782
95.89,-1.916924,1.916924
95.9,-1.917084,1.917084
95.91,-1.917278,1.917278
95.92,-1.917462,1.917462
95.93,-1.917545,1.917545
95.94,-1.917625,1.917625
95.95,-1.917693,1.917693
95.96,-1.917767,1.917767
95.97,-1.917839,1.917839
95.98,-1.917826,1.917826
95.99,-1.917779,1.917779
96.0,-1.917717,1.917717
96.01,-1.917625,1.917625
96.02,-1.917586,1.917586
96.03,-1.917559,1.917559
96.04,-1.917449,1.917449
96.05,-1.917321,1.917321
96.06,-1.917168,1.917168
96.07,-1.917041,1.917041
96.08,-1.916898,1.916898
96.09,-1.916689,1.916689
96.1,-1.916472,1.916472
96.11,-1.916207,1.916207
96.12,-1.916003,1.916003
96.13,-1.915761,1.915761
96.14,-1.915541,1.915541
96.15,-1.915248,1.915248
96.16,-1.91503,1.91503
96.17,-1.91483,1.91483
96.18,-1.914615,1.914615
96.19,-1.914394,1.914394
96.2,-1.914211,1.914211
96.21,-1.91388,1.91388
96.22,-1.913743,1.913743
96.23,-1.913581,1.913581
96.24,-1.913475,1.913475
96.25,-1.913423,1.913423
96.26,-1.913325,1.913325
96.27,-1.913156,1.913156
96.28,-1.912982,1.912982
96.29,-1.912925,1.912925
96.3,-1.912911,1.912911
96.31,-1.912914,1.912914
96.32,-1.912982,1.912982
96.33,-1.913108,1.913108
96.34,-1.913191,1.913191
96.35,-1.913188,1.913188
96.36,-1.913323,1.913323
96.37,-1.913423,1.913423
96.38,-1.913687,1.913687
96.39,-1.913875,1.913875
96.4,-1.914045,1.914045
96.41,-1.914302,1.914302
96.42,-1.914487,1.914487
96.43,-1.914585,1.914585
96.44,-1.914819,1.914819
96.45,-1.915112,1.915112
96.46,-1.915402,1.915402
96.47,-1.915649,1.915649
96.48,-1.915957,1.915957
96.49,-1.916267,1.916267
96.5,-1.916609,1.916609
96.51,-1.916998,1.916998
96.52,-1.917339,1.917339
96.53,-1.917608,1.917608
96.54,-1.91796,1.91796
96.55,-1.918281,1.918281
96.56,-1.9186,1.9186
96.57,-1.918901,1.918901
96.58,-1.919192,1.919192
96.59,-1.919328,1.919328
96.6,-1.919426,1.919426
96.61,-1.919542,1.919542
96.62,-1.919795,1.919795
96.63,-1.919993,1.919993
96.64,-1.920043,1.920043
96.65,-1.91995,1.91995
96.66,-1.920042,1.920042
96.67,-1.920065,1.920065
96.68,-1.920064,1.920064
96.69,-1.919954,1.919954
96.7,-1.919881,1.919881
96.71,-1.919798,1.919798
96.72,-1.919754,1.919754
96.73,-1.919771,1.919771
96.74,-1.919819,1.919819
96.75,-1.91984,1.91984
96.76,-1.919924,1.919924
96.77,-1.919987,1.919987
96.78,-1.920182,1.920182
96.79,-1.920325,1.920325
96.8,-1.920405,1.920405
96.81,-1.920379,1.920379
96.82,-1.920489,1.920489
96.83,-1.920534,1.920534
96.84,-1.920616,1.920616
96.85,-1.920595,1.920595
96.86,-1.920684,1.920684
96.87,-1.920693,1.920693
96.88,-1.920715,1.920715
96.89,-1.920732,1.920732
96.9,-1.920764,1.920764
96.91,-1.920744,1.920744
96.92,-1.920703,1.920703
96.93,-1.920539,1.920539
96.94,-1.920305,1.920305
96.95,-1.920086,1.920086
96.96,-1.919962,1.919962
96.97,-1.919851,1.919851
96.98,-1.919809,1.919809
96.99,-1.91962,1.91962
97.0,-1.919567,1.919567
97.01,-1.919473,1.919473
97.02,-1.919327,1.919327
97.03,-1.919118,1.919118
97.04,-1.91882,1.91882
97.05,-1.918487,1.918487
97.06,-1.918189,1.918189
97.07,-1.917902,1.917902
97.08,-1.917781,1.917781
97.09,-1.917651,1.917651
97.1,-1.917465,1.917465
97.11,-1.917326,1.917326
97.12,-1.917328,1.917328
97.13,-1.917262,1.917262
97.14,-1.917147,1.917147
97.15,-1.917048,1.917048
97.16,-1.916963,1.916963
97.17,-1.916912,1.916912
97.18,-1.917,1.917
97.19,-1.917104,1.917104
97.2,-1.917242,1.917242
97.21,-1.917354,1.917354
97.22,-1.917549,1.917549
97.23,-1.917689,1.917689
97.24,-1.91791,1.91791
97.25,-1.918146,1.918146
97.26,-1.918336,1.918336
97.27,-1.91846,1.91846
97.28,-1.918579,1.918579
97.29,-1.918731,1.918731
97.3,-1.918794,1.918794
97.31,-1.918911,1.918911
97.32,-1.919026,1.919026
97.33,-1.919142,1.919142
97.34,-1.91919,1.91919
97.35,-1.919312,1.919312
97.36,-1.919407,1.919407
97.37,-1.919517,1.919517
97.38,-1.919779,1.919779
97.39,-1.920053,1.920053
97.4,-1.920308,1.920308
97.41,-1.920541,1.920541
97.42,-1.920815,1.920815
97.43,-1.921053,1.921053
97.44,-1.921388,1.921388
97.45,-1.921728,1.921728
97.46,-1.922163,1.922163
97.47,-1.922656,1.922656
97.48,-1.923182,1.923182
97.49,-1.92355,1.92355
97.5,-1.923932,1.923932
97.51,-1.924374,1.924374
97.52,-1.924799,1.924799
97.53,-1.925201,1.925201
97.54,-1.925542,1.925542
97.55,-1.925771,1.925771
97.56,-1.926113,1.926113
97.57,-1.926521,1.926521
97.58,-1.926889,1.926889
97.59,-1.927128,1.927128
97.6,-1.927366,1.927366
97.61,-1.927525,1.927525
97.62,-1.927687,1.927687
97.63,-1.92787,1.92787
97.64,-1.928012,1.928012
97.65,-1.928107,1.928107
97.66,-1.928162,1.928162
97.67,-1.928201,1.928201
97.68,-1.928357,1.928357
97.69,-1.928531,1.928531
97.7,-1.928792,1.928792
97.71,-1.929038,1.929038
97.72,-1.929412,1.929412
97.73,-1.929672,1.929672
97.74,-1.929896,1.929896
97.75,-1.930148,1.930148
97.76,-1.930356,1.930356
97.77,-1.930523,1.930523
97.78,-1.930601,1.930601
97.79,-1.930704,1.930704
97.8,-1.930933,1.930933
97.81,-1.931182,1.931182
97.82,-1.931378,1.931378
97.83,-1.931535,1.931535
97.84,-1.931792,1.931792
97.85,-1.93199,1.93199
97.86,-1.932225,1.932225
97.87,-1.932357,1.932357
97.88,-1.932482,1.932482
97.89,-1.932649,1.932649
97.9,-1.932897,1.932897
97.91,-1.932996,1.932996
97.92,-1.932972,1.932972
97.93,-1.932927,1.932927
97.94,-1.932864,1.932864
97.95,-1.932865,1.932865
97.96,-1.932948,1.932948
97.97,-1.932977,1.932977
97.98,-1.932993,1.932993
97.99,-1.932921,1.932921
98.0,-1.932758,1.932758
98.01,-1.932491,1.932491
98.02,-1.932262,1.932262
98.03,-1.932064,1.932064
98.04,-1.931856,1.931856
98.05,-1.931701,1.931701
98.06,-1.931538,1.931538
98.07,-1.93134,1.93134
98.08,-1.93114,1.93114
98.09,-1.930814,1.930814
98.1,-1.930531,1.930531
98.11,-1.930313,1.930313
98.12,-1.930133,1.930133
98.13,-1.929925,1.929925
98.14,-1.929715,1.929715
98.15,-1.929545,1.929545
98.16,-1.929429,1.929429
98.17,-1.929243,1.929243
98.18,-1.929065,1.929065
98.19,-1.928895,1.928895
98.2,-1.928876,1.928876
98.21,-1.928797,1.928797
98.22,-1.928724,1.928724
98.23,-1.92858,1.92858
98.24,-1.928322,1.928322
98.25,-1.928029,1.928029
98.26,-1.927813,1.927813
98.27,-1.927551,1.927551
98.28,-1.92734,1.92734
98.29,-1.927055,1.927055
98.3,-1.926793,1.926793
98.31,-1.926615,1.926615
98.32,-1.926417,1.926417
98.33,-1.926117,1.926117
98.34,-1.925826,1.925826
98.35,-1.925587,1.925587
98.36,-1.925309,1.925309
98.37,-1.925148,1.925148
98.38,-1.925106,1.925106
98.39,-1.925034,1.925034
98.4,-1.924953,1.924953
98.41,-1.924916,1.924916
98.42,-1.924943,1.924943
98.43,-1.92491,1.92491
98.44,-1.924922,1.924922
98.45,-1.924914,1.924914
98.46,-1.925027,1.925027
98.47,-1.925147,1.925147
98.48,-1.925267,1.925267
98.49,-1.925354,1.925354
98.5,-1.925474,1.925474
98.51,-1.925598,1.925598
98.52,-1.925788,1.925788
98.53,-1.925964,1.925964
98.54,-1.926306,1.926306
98.55,-1.926615,1.926615
98.56,-1.926843,1.926843
98.57,-1.927079,1.927079
98.58,-1.927344,1.927344
98.59,-1.927599,1.927599
98.6,-1.927811,1.927811
98.61,-1.92797,1.92797
98.62,-1.928198,1.928198
98.63,-1.928405,1.928405
98.64,-1.928625,1.928625
98.65,-1.928878,1.928878
98.66,-1.929175,1.929175
98.67,-1.929471,1.929471
98.68,-1.92978,1.92978
98.69,-1.930047,1.930047
98.7,-1.930352,1.930352
98.71,-1.930515,1.930515
98.72,-1.930676,1.930676
98.73,-1.930833,1.930833
98.74,-1.931052,1.931052
98.75,-1.931329,1.931329
98.76,-1.931614,1.931614
98.77,-1.931872,1.931872
98.78,-1.932168,1.932168
98.79,-1.932492,1.932492
98.8,-1.932896,1.932896
98.81,-1.933188,1.933188
98.82,-1.933443,1.933443
98.83,-1.933602,1.933602
98.84,-1.93378,1.93378
98.85,-1.933876,1.933876
98.86,-1.933946,1.933946
98.87,-1.933949,1.933949
98.88,-1.934072,1.934072
98.89,-1.934202,1.934202
98.9,-1.934273,1.934273
98.91,-1.934364,1.934364
98.92,-1.934465,1.934465
98.93,-1.934476,1.934476
98.94,-1.934544,1.934544
98.95,-1.934496,1.934496
98.96,-1.934345,1.934345
98.97,-1.934109,1.934109
98.98,-1.933864,1.933864
98.99,-1.933571,1.933571
99.0,-1.933316,1.933316
99.01,-1.933026,1.933026
99.02,-1.93285,1.93285
99.03,-1.932609,1.932609
99.04,-1.932444,1.932444
99.05,-1.932202,1.932202
99.06,-1.93195,1.93195
99.07,-1.93158,1.93158
99.08,-1.931236,1.931236
99.09,-1.930849,1.930849
99.1,-1.930478,1.930478
99.11,-1.930034,1.930034
99.12,-1.92967,1.92967
99.13,-1.929327,1.929327
99.14,-1.92904,1.92904
99.15,-1.928772,1.928772
99.16,-1.928508,1.928508
99.17,-1.928267,1.928267
99.18,-1.927949,1.927949
99.19,-1.927547,1.927547
99.2,-1.927219,1.927219
99.21,-1.926878,1.926878
99.22,-1.926564,1.926564
99.23,-1.926259,1.926259
99.24,-1.926109,1.926109
99.25,-1.926048,1.926048
99.26,-1.926018,1.926018
99.27,-1.925901,1.925901
99.28,-1.925857,1.925857
99.29,-1.925734,1.925734
99.3,-1.925772,1.925772
99.31,-1.925758,1.925758
99.32,-1.925784,1.925784
99.33,-1.925782,1.925782
99.34,-1.925827,1.925827
99.35,-1.925879,1.925879
99.36,-1.926056,1.926056
99.37,-1.926244,1.926244
99.38,-1.926459,1.926459
99.39,-1.926739,1.926739
99.4,-1.927072,1.927072
99.41,-1.927251,1.927251
99.42,-1.927481,1.927481
99.43,-1.927573,1.927573
99.44,-1.927717,1.927717
99.45,-1.927927,1.927927
99.46,-1.928182,1.928182
99.47,-1.928383,1.928383
99.48,-1.928618,1.928618
99.49,-1.928799,1.928799
99.5,-1.928852,1.928852
99.51,-1.928834,1.928834
99.52,-1.928885,1.928885
99.53,-1.928975,1.928975
99.54,-1.929136,1.929136
99.55,-1.929306,1.929306
99.56,-1.929463,1.929463
99.57,-1.929601,1.929601
99.58,-1.92977,1.92977
99.59,-1.929922,1.929922
99.6,-1.930109,1.930109
99.61,-1.930261,1.930261
99.62,-1.930408,1.930408
99.63,-1.930649,1.930649
99.64,-1.930954,1.930954
99.65,-1.931169,1.931169
99.66,-1.931428,1.931428
99.67,-1.931671,1.931671
99.68,-1.931872,1.931872
99.69,-1.932095,1.932095
99.7,-1.932346,1.932346
99.71,-1.932547,1.932547
99.72,-1.932791,1.932791
99.73,-1.933016,1.933016
99.74,-1.933404,1.933404
99.75,-1.933748,1.933748
99.76,-1.934173,1.934173
99.77,-1.93449,1.93449
99.78,-1.934749,1.934749
99.79,-1.934986,1.934986
99.8,-1.935262,1.935262
99.81,-1.935451,1.935451
99.82,-1.93567,1.93567
99.83,-1.935791,1.935791
99.84,-1.935956,1.935956
99.85,-1.936157,1.936157
99.86,-1.93646,1.93646
99.87,-1.936579,1.936579
99.88,-1.936661,1.936661
99.89,-1.936742,1.936742
99.9,-1.936853,1.936853
99.91,-1.93694,1.93694
99.92,-1.936975,1.936975
99.93,-1.93688,1.93688
99.94,-1.936948,1.936948
99.95,-1.937133,1.937133
99.96,-1.937292,1.937292
99.97,-1.93733,1.93733
99.98,-1.937365,1.937365
99.99,-1.937417,1.937417
100.0,-1.937461,1.937461
100.01,-1.937469,1.937469
100.02,-1.937458,1.937458
100.03,-1.937335,1.937335
100.04,-1.937242,1.937242
100.05,-1.937119,1.937119
100.06,-1.937057,1.937057
100.07,-1.937079,1.937079
100.08,-1.937018,1.937018
100.09,-1.936828,1.936828
100.1,-1.936636,1.936636
100.11,-1.936468,1.936468
100.12,-1.936373,1.936373
100.13,-1.936264,1.936264
100.14,-1.936125,1.936125
100.15,-1.93593,1.93593
100.16,-1.935639,1.935639
100.17,-1.935315,1.935315
100.18,-1.935056,1.935056
100.19,-1.934882,1.934882
100.2,-1.934757,1.934757
100.21,-1.934533,1.934533
100.22,-1.934336,1.934336
100.23,-1.934129,1.934129
100.24,-1.933986,1.933986
100.25,-1.93382,1.93382
100.26,-1.933697,1.933697
100.27,-1.933528,1.933528
100.28,-1.93337,1.93337
100.29,-1.933271,1.933271
100.3,-1.933144,1.933144
100.31,-1.932947,1.932947
100.32,-1.932708,1.932708
100.33,-1.932577,1.932577
100.34,-1.932429,1.932429
100.35,-1.932208,1.932208
100.36,-1.932103,1.932103
100.37,-1.931978,1.931978
100.38,-1.931833,1.931833
100.39,-1.931651,1.931651
100.4,-1.931504,1.931504
100.41,-1.931273,1.931273
100.42,-1.931085,1.931085
100.43,-1.930913,1.930913
100.44,-1.930728,1.930728
100.45,-1.93053,1.93053
100.46,-1.930448,1.930448
100.47,-1.930404,1.930404
100.48,-1.930341,1.930341
100.49,-1.930238,1.930238
100.5,-1.930135,1.930135
100.51,-1.930009,1.930009
100.52,-1.929961,1.929961
100.53,-1.929946,1.929946
100.54,-1.929909,1.929909
100.55,-1.929854,1.929854
100.56,-1.929705,1.929705
100.57,-1.929586,1.929586
100.58,-1.929529,1.929529
100.59,-1.929555,1.929555
100.6,-1.929561,1.929561
100.61,-1.929586,1.929586
100.62,-1.929667,1.929667
100.63,-1.929803,1.929803
100.64,-1.929892,1.929892
100.65,-1.929954,1.929954
100.66,-1.930001,1.930001
100.67,-1.930082,1.930082
100.68,-1.930269,1.930269
100.69,-1.930529,1.930529
100.7,-1.930814,1.930814
100.71,-1.931118,1.931118
100.72,-1.93146,1.93146
100.73,-1.931866,1.931866
100.74,-1.932236,1.932236
100.75,-1.932612,1.932612
100.76,-1.932988,1.932988
100.77,-1.933273,1.933273
100.78,-1.933632,1.933632
100.79,-1.933964,1.933964
100.8,-1.934229,1.934229
100.81,-1.93452,1.93452
100.82,-1.934886,1.934886
100.83,-1.935123,1.935123
100.84,-1.935308,1.935308
100.85,-1.935501,1.935501
100.86,-1.935752,1.935752
100.87,-1.935939,1.935939
100.88,-1.936046,1.936046
100.89,-1.936105,1.936105
100.9,-1.93627,1.93627
100.91,-1.936466,1.936466
100.92,-1.936703,1.936703
100.93,-1.936827,1.936827
100.94,-1.936902,1.936902
100.95,-1.93699,1.93699
100.96,-1.937116,1.937116
100.97,-1.93722,1.93722
100.98,-1.937284,1.937284
100.99,-1.937284,1.937284
101.0,-1.937287,1.937287
101.01,-1.93718,1.93718
101.02,-1.937051,1.937051
101.03,-1.936946,1.936946
101.04,-1.936922,1.936922
101.05,-1.936826,1.936826
101.06,-1.936774,1.936774
101.07,-1.936733,1.936733
101.08,-1.93665,1.93665
101.09,-1.93655,1.93655
101.1,-1.936452,1.936452
101.11,-1.936324,1.936324
101.12,-1.936129,1.936129
101.13,-1.935854,1.935854
101.14,-1.93565,1.93565
101.15,-1.93544,1.93544
101.16,-1.935234,1.935234
101.17,-1.93496,1.93496
101.18,-1.934632,1.934632
101.19,-1.934329,1.934329
101.2,-1.934162,1.934162
101.21,-1.93398,1.93398
101.22,-1.933792,1.933792
101.23,-1.933538,1.933538
101.24,-1.933381,1.933381
101.25,-1.933198,1.933198
101.26,-1.933056,1.933056
101.27,-1.932861,1.932861
101.28,-1.932609,1.932609
101.29,-1.932325,1.932325
101.3,-1.932098,1.932098
101.31,-1.931873,1.931873
101.32,-1.931808,1.931808
101.33,-1.931675,1.931675
101.34,-1.931571,1.931571
101.35,-1.931398,1.931398
101.36,-1.931265,1.931265
101.37,-1.93101,1.93101
101.38,-1.930729,1.930729
101.39,-1.930461,1.930461
101.4,-1.930241,1.930241
101.41,-1.93,1.93
101.42,-1.929775,1.929775
101.43,-1.929541,1.929541
101.44,-1.929465,1.929465
101.45,-1.929379,1.929379
101.46,-1.929337,1.929337
101.47,-1.929289,1.929289
101.48,-1.929291,1.929291
101.49,-1.929263,1.929263
101.5,-1.929314,1.929314
101.51,-1.929334,1.929334
101.52,-1.92939,1.92939
101.53,-1.929306,1.929306
101.54,-1.929177,1.929177
101.55,-1.929149,1.929149
101.56,-1.929154,1.929154
101.57,-1.929059,1.929059
101.58,-1.929081,1.929081
101.59,-1.929213,1.929213
101.6,-1.929343,1.929343
101.61,-1.929484,1.929484
101.62,-1.929665,1.929665
101.63,-1.929705,1.929705
101.64,-1.929703,1.929703
101.65,-1.929661,1.929661
101.66,-1.92966,1.92966
101.67,-1.929484,1.929484
101.68,-1.929372,1.929372
101.69,-1.929318,1.929318
101.7,-1.929421,1.929421
101.71,-1.929483,1.929483
101.72,-1.929521,1.929521
101.73,-1.929578,1.929578
101.74,-1.929695,1.929695
101.75,-1.929876,1.929876
101.76,-1.929934,1.929934
101.77,-1.929918,1.929918
101.78,-1.929929,1.929929
101.79,-1.929974,1.929974
101.8,-1.930054,1.930054
101.81,-1.930128,1.930128
101.82,-1.930284,1.930284
101.83,-1.930493,1.930493
101.84,-1.930801,1.930801
101.85,-1.931002,1.931002
101.86,-1.931227,1.931227
101.87,-1.9314,1.9314
101.88,-1.931638,1.931638
101.89,-1.931805,1.931805
101.9,-1.93203,1.93203
101.91,-1.932215,1.932215
101.92,-1.93242,1.93242
101.93,-1.932591,1.932591
101.94,-1.932698,1.932698
101.95,-1.932825,1.932825
101.96,-1.932966,1.932966
101.97,-1.933044,1.933044
101.98,-1.933164,1.933164
101.99,-1.933244,1.933244
102.0,-1.933265,1.933265
102.01,-1.933218,1.933218
102.02,-1.933215,1.933215
102.03,-1.933187,1.933187
102.04,-1.933166,1.933166
102.05,-1.933069,1.933069
102.06,-1.933044,1.933044
102.07,-1.932969,1.932969
102.08,-1.932816,1.932816
102.09,-1.932627,1.932627
102.1,-1.932527,1.932527
102.11,-1.932311,1.932311
102.12,-1.932029,1.932029
102.13,-1.931741,1.931741
102.14,-1.931513,1.931513
102.15,-1.931376,1.931376
102.16,-1.931259,1.931259
102.17,-1.931072,1.931072
102.18,-1.931,1.931
102.19,-1.930836,1.930836
102.2,-1.930725,1.930725
102.21,-1.930615,1.930615
102.22,-1.930428,1.930428
102.23,-1.930181,1.930181
102.24,-1.929849,1.929849
102.25,-1.929603,1.929603
102.26,-1.929453,1.929453
102.27,-1.929307,1.929307
102.28,-1.929241,1.929241
102.29,-1.929102,1.929102
102.3,-1.929,1.929
102.31,-1.92891,1.92891
102.32,-1.928892,1.928892
102.33,-1.928956,1.928956
102.34,-1.929003,1.929003
102.35,-1.928866,1.928866
102.36,-1.928706,1.928706
102.37,-1.928546,1.928546
102.38,-1.928435,1.928435
102.39,-1.9283,1.9283
102.4,-1.928184,1.928184
102.41,-1.92805,1.92805
102.42,-1.927924,1.927924
102.43,-1.92776,1.92776
102.44,-1.927599,1.927599
102.45,-1.927502,1.927502
102.46,-1.927358,1.927358
102.47,-1.927042,1.927042
102.48,-1.926778,1.926778
102.49,-1.926537,1.926537
102.5,-1.926228,1.926228
102.51,-1.925843,1.925843
102.52,-1.925512,1.925512
102.53,-1.925222,1.925222
102.54,-1.924923,1.924923
102.55,-1.924668,1.924668
102.56,-1.924454,1.924454
102.57,-1.924248,1.924248
102.58,-1.924076,1.924076
102.59,-1.923866,1.923866
102.6,-1.923738,1.923738
102.61,-1.923531,1.923531
102.62,-1.923334,1.923334
102.63,-1.923134,1.923134
102.64,-1.923064,1.923064
102.65,-1.923064,1.923064
102.66,-1.923017,1.923017
102.67,-1.922905,1.922905
102.68,-1.922835,1.922835
102.69,-1.922653,1.922653
102.7,-1.922553,1.922553
102.71,-1.92248,1.92248
102.72,-1.922449,1.922449
102.73,-1.922407,1.922407
102.74,-1.922464,1.922464
102.75,-1.922663,1.922663
102.76,-1.922908,1.922908
102.77,-1.923003,1.923003
102.78,-1.923143,1.923143
102.79,-1.92327,1.92327
102.8,-1.923354,1.923354
102.81,-1.923428,1.923428
102.82,-1.923629,1.923629
102.83,-1.923755,1.923755
102.84,-1.923955,1.923955
102.85,-1.924269,1.924269
102.86,-1.924625,1.924625
102.87,-1.924876,1.924876
102.88,-1.925193,1.925193
102.89,-1.925471,1.925471
102.9,-1.925738,1.925738
102.91,-1.925991,1.925991
102.92,-1.926267,1.926267
102.93,-1.926386,1.926386
102.94,-1.926499,1.926499
102.95,-1.926575,1.926575
102.96,-1.926764,1.926764
102.97,-1.927009,1.927009
102.98,-1.927265,1.927265
102.99,-1.927469,1.927469
103.0,-1.927673,1.927673
103.01,-1.92778,1.92778
103.02,-1.92794,1.92794
103.03,-1.928123,1.928123
103.04,-1.928322,1.928322
103.05,-1.92845,1.92845
103.06,-1.928551,1.928551
103.07,-1.928649,1.928649
103.08,-1.928854,1.928854
103.09,-1.928956,1.928956
103.1,-1.929001,1.929001
103.11,-1.928971,1.928971
103.12,-1.928887,1.928887
103.13,-1.928736,1.928736
103.14,-1.928581,1.928581
103.15,-1.928396,1.928396
103.16,-1.928247,1.928247
103.17,-1.928052,1.928052
103.18,-1.927836,1.927836
103.19,-1.927657,1.927657
103.2,-1.927459,1.927459
103.21,-1.927193,1.927193
103.22,-1.926904,1.926904
103.23,-1.926588,1.926588
103.24,-1.926337,1.926337
103.25,-1.926127,1.926127
103.26,-1.925993,1.925993
103.27,-1.925842,1.925842
103.28,-1.925701,1.925701
103.29,-1.92547,1.92547
103.3,-1.92532,1.92532
103.31,-1.92517,1.92517
103.32,-1.925065,1.925065
103.33,-1.92482,1.92482
103.34,-1.924631,1.924631
103.35,-1.924484,1.924484
103.36,-1.924305,1.924305
103.37,-1.924102,1.924102
103.38,-1.923965,1.923965
103.39,-1.923804,1.923804
103.4,-1.92368,1.92368
103.41,-1.923459,1.923459
103.42,-1.923322,1.923322
103.43,-1.923186,1.923186
103.44,-1.923076,1.923076
103.45,-1.922997,1.922997
103.46,-1.922969,1.922969
103.47,-1.922891,1.922891
103.48,-1.922789,1.922789
103.49,-1.922593,1.922593
103.5,-1.922543,1.922543
103.51,-1.922421,1.922421
103.52,-1.922317,1.922317
103.53,-1.92224,1.92224
103.54,-1.922244,1.922244
103.55,-1.922214,1.922214
103.56,-1.922195,1.922195
103.57,-1.922114,1.922114
103.58,-1.922006,1.922006
103.59,-1.921825,1.921825
103.6,-1.92177,1.92177
103.61,-1.921836,1.921836
103.62,-1.922011,1.922011
103.63,-1.922208,1.922208
103.64,-1.922361,1.922361
103.65,-1.922445,1.922445
103.66,-1.922501,1.922501
103.67,-1.922579,1.922579
103.68,-1.922609,1.922609
103.69,-1.922617,1.922617
103.7,-1.922757,1.922757
103.71,-1.922906,1.922906
103.72,-1.923156,1.923156
103.73,-1.923499,1.923499
103.74,-1.92374,1.92374
103.75,-1.923969,1.923969
103.76,-1.924121,1.924121
103.77,-1.924213,1.924213
103.78,-1.924337,1.924337
103.79,-1.924499,1.924499
103.8,-1.924803,1.924803
103.81,-1.92508,1.92508
103.82,-1.925419,1.925419
103.83,-1.925757,1.925757
103.84,-1.926164,1.926164
103.85,-1.926528,1.926528
103.86,-1.926906,1.926906
103.87,-1.927249,1.927249
103.88,-1.927593,1.927593
103.89,-1.927952,1.927952
103.9,-1.928354,1.928354
103.91,-1.92872,1.92872
103.92,-1.929093,1.929093
103.93,-1.929446,1.929446
103.94,-1.929867,1.929867
103.95,-1.930261,1.930261
103.96,-1.930668,1.930668
103.97,-1.931028,1.931028
103.98,-1.931418,1.931418
103.99,-1.931809,1.931809
104.0,-1.932155,1.932155
104.01,-1.932464,1.932464
104.02,-1.932745,1.932745
104.03,-1.933028,1.933028
104.04,-1.933303,1.933303
104.05,-1.933596,1.933596
104.06,-1.933992,1.933992
104.07,-1.934351,1.934351
104.08,-1.934621,1.934621
104.09,-1.93489,1.93489
104.1,-1.935119,1.935119
104.11,-1.93522,1.93522
104.12,-1.935364,1.935364
104.13,-1.935449,1.935449
104.14,-1.93555,1.93555
104.15,-1.935634,1.935634
104.16,-1.935687,1.935687
104.17,-1.935714,1.935714
104.18,-1.935722,1.935722
104.19,-1.935687,1.935687
104.2,-1.935581,1.935581
104.21,-1.935516,1.935516
104.22,-1.935251,1.935251
104.23,-1.935022,1.935022
104.24,-1.934911,1.934911
104.25,-1.934757,1.934757
104.26,-1.93452,1.93452
104.27,-1.93417,1.93417
104.28,-1.933749,1.933749
104.29,-1.933612,1.933612
104.3,-1.933417,1.933417
104.31,-1.933078,1.933078
104.32,-1.932659,1.932659
104.33,-1.932385,1.932385
104.34,-1.932047,1.932047
104.35,-1.931701,1.931701
104.36,-1.931305,1.931305
104.37,-1.93099,1.93099
104.38,-1.930659,1.930659
104.39,-1.930397,1.930397
104.4,-1.930188,1.930188
104.41,-1.929995,1.929995
104.42,-1.929765,1.929765
104.43,-1.92952,1.92952
104.44,-1.929294,1.929294
104.45,-1.929095,1.929095
104.46,-1.928949,1.928949
104.47,-1.928816,1.928816
104.48,-1.928648,1.928648
104.49,-1.928418,1.928418
104.5,-1.928117,1.928117
104.51,-1.927941,1.927941
104.52,-1.927824,1.927824
104.53,-1.927687,1.927687
104.54,-1.927506,1.927506
104.55,-1.927331,1.927331
104.56,-1.92707,1.92707
104.57,-1.926859,1.926859
104.58,-1.926624,1.926624
104.59,-1.926339,1.926339
104.6,-1.925961,1.925961
104.61,-1.92568,1.92568
104.62,-1.925503,1.925503
104.63,-1.925321,1.925321
104.64,-1.925162,1.925162
104.65,-1.924996,1.924996
104.66,-1.924863,1.924863
104.67,-1.924749,1.924749
104.68,-1.924646,1.924646
104.69,-1.924557,1.924557
104.7,-1.924498,1.924498
104.71,-1.924459,1.924459
104.72,-1.924429,1.924429
104.73,-1.924488,1.924488
104.74,-1.924516,1.924516
104.75,-1.924544,1.924544
104.76,-1.924569,1.924569
104.77,-1.924557,1.924557
104.78,-1.924581,1.924581
104.79,-1.924591,1.924591
104.8,-1.924639,1.924639
104.81,-1.924733,1.924733
104.82,-1.92485,1.92485
104.83,-1.925054,1.925054
104.84,-1.925334,1.925334
104.85,-1.925675,1.925675
104.86,-1.926026,1.926026
104.87,-1.926351,1.926351
104.88,-1.926671,1.926671
104.89,-1.927042,1.927042
104.9,-1.927493,1.927493
104.91,-1.927961,1.927961
104.92,-1.928429,1.928429
104.93,-1.928824,1.928824
104.94,-1.929297,1.929297
104.95,-1.929793,1.929793
104.96,-1.930228,1.930228
104.97,-1.930711,1.930711
104.98,-1.931079,1.931079
104.99,-1.931539,1.931539
105.0,-1.932149,1.932149
105.01,-1.932712,1.932712
105.02,-1.933248,1.933248
105.03,-1.933753,1.933753
105.04,-1.934178,1.934178
105.05,-1.934458,1.934458
105.06,-1.934738,1.934738
105.07,-1.934966,1.934966
105.08,-1.935218,1.935218
105.09,-1.935504,1.935504
105.1,-1.935834,1.935834
105.11,-1.936206,1.936206
105.12,-1.936548,1.936548
105.13,-1.936835,1.936835
105.14,-1.93706,1.93706
105.15,-1.937203,1.937203
105.16,-1.937187,1.937187
105.17,-1.937131,1.937131
105.18,-1.937075,1.937075
105.19,-1.937036,1.937036
105.2,-1.93699,1.93699
105.21,-1.936919,1.936919
105.22,-1.936852,1.936852
105.23,-1.93674,1.93674
105.24,-1.936661,1.936661
105.25,-1.93659,1.93659
105.26,-1.936449,1.936449
105.27,-1.936249,1.936249
105.28,-1.936008,1.936008
105.29,-1.935703,1.935703
105.3,-1.935399,1.935399
105.31,-1.935029,1.935029
105.32,-1.934652,1.934652
105.33,-1.934353,1.934353
105.34,-1.934155,1.934155
105.35,-1.933916,1.933916
105.36,-1.933625,1.933625
105.37,-1.933257,1.933257
105.38,-1.93291,1.93291
105.39,-1.932514,1.932514
105.4,-1.931993,1.931993
105.41,-1.931464,1.931464
105.42,-1.930972,1.930972
105.43,-1.930459,1.930459
105.44,-1.929992,1.929992
105.45,-1.92949,1.92949
105.46,-1.929001,1.929001
105.47,-1.928504,1.928504
105.48,-1.927993,1.927993
105.49,-1.927427,1.927427
105.5,-1.926904,1.926904
105.51,-1.926386,1.926386
105.52,-1.925869,1.925869
105.53,-1.925411,1.925411
105.54,-1.92507,1.92507
105.55,-1.924687,1.924687
105.56,-1.924364,1.924364
105.57,-1.924059,1.924059
105.58,-1.923782,1.923782
105.59,-1.923529,1.923529
105.6,-1.923289,1.923289
105.61,-1.92303,1.92303
105.62,-1.92276,1.92276
105.63,-1.922505,1.922505
105.64,-1.922379,1.922379
105.65,-1.922367,1.922367
105.66,-1.922428,1.922428
105.67,-1.922446,1.922446
105.68,-1.922461,1.922461
105.69,-1.922454,1.922454
105.7,-1.922462,1.922462
105.71,-1.922582,1.922582
105.72,-1.922797,1.922797
105.73,-1.92303,1.92303
105.74,-1.923283,1.923283
105.75,-1.923529,1.923529
105.76,-1.923833,1.923833
105.77,-1.924276,1.924276
105.78,-1.924723,1.924723
105.79,-1.925052,1.925052
105.8,-1.925421,1.925421
105.81,-1.925732,1.925732
105.82,-1.926085,1.926085
105.83,-1.926467,1.926467
105.84,-1.926887,1.926887
105.85,-1.927221,1.927221
105.86,-1.927574,1.927574
105.87,-1.927918,1.927918
105.88,-1.92839,1.92839
105.89,-1.928946,1.928946
105.9,-1.92948,1.92948
105.91,-1.929971,1.929971
105.92,-1.930582,1.930582
105.93,-1.931185,1.931185
105.94,-1.931731,1.931731
105.95,-1.93229,1.93229
105.96,-1.932818,1.932818
105.97,-1.933262,1.933262
105.98,-1.933677,1.933677
105.99,-1.934227,1.934227
106.0,-1.934882,1.934882
106.01,-1.935593,1.935593
106.02,-1.936162,1.936162
106.03,-1.936645,1.936645
106.04,-1.937076,1.937076
106.05,-1.937579,1.937579
106.06,-1.938185,1.938185
106.07,-1.938592,1.938592
106.08,-1.93903,1.93903
106.09,-1.939469,1.939469
106.1,-1.939865,1.939865
106.11,-1.940221,1.940221
106.12,-1.940505,1.940505
106.13,-1.940786,1.940786
106.14,-1.941184,1.941184
106.15,-1.94155,1.94155
106.16,-1.941887,1.941887
106.17,-1.942197,1.942197
106.18,-1.942622,1.942622
106.19,-1.942978,1.942978
106.2,-1.943254,1.943254
106.21,-1.943339,1.943339
106.22,-1.943328,1.943328
106.23,-1.943246,1.943246
106.24,-1.943111,1.943111
106.25,-1.942923,1.942923
106.26,-1.94279,1.94279
106.27,-1.942598,1.942598
106.28,-1.942345,1.942345
106.29,-1.942092,1.942092
106.3,-1.941933,1.941933
106.31,-1.941708,1.941708
106.32,-1.941399,1.941399
106.33,-1.941078,1.941078
106.34,-1.940679,1.940679
106.35,-1.940133,1.940133
106.36,-1.939668,1.939668
106.37,-1.939284,1.939284
106.38,-1.938929,1.938929
106.39,-1.938451,1.938451
106.4,-1.937922,1.937922
106.41,-1.937346,1.937346
106.42,-1.936844,1.936844
106.43,-1.936258,1.936258
106.44,-1.935632,1.935632
106.45,-1.934996,1.934996
106.46,-1.934385,1.934385
106.47,-1.933735,1.933735
106.48,-1.933069,1.933069
106.49,-1.932359,1.932359
106.5,-1.931779,1.931779
106.51,-1.931121,1.931121
106.52,-1.930503,1.930503
106.53,-1.929887,1.929887
106.54,-1.929292,1.929292
106.55,-1.928671,1.928671
106.56,-1.928097,1.928097
106.57,-1.927557,1.927557
106.58,-1.927163,1.927163
106.59,-1.926721,1.926721
106.6,-1.926152,1.926152
106.61,-1.925582,1.925582
106.62,-1.925133,1.925133
106.63,-1.924624,1.924624
106.64,-1.924157,1.924157
106.65,-1.923696,1.923696
106.66,-1.923312,1.923312
106.67,-1.923055,1.923055
106.68,-1.922861,1.922861
106.69,-1.922682,1.922682
106.7,-1.922467,1.922467
106.71,-1.92233,1.92233
106.72,-1.922333,1.922333
106.73,-1.922284,1.922284
106.74,-1.922265,1.922265
106.75,-1.92218,1.92218
106.76,-1.922101,1.922101
106.77,-1.922029,1.922029
106.78,-1.922038,1.922038
106.79,-1.922175,1.922175
106.8,-1.92238,1.92238
106.81,-1.922585,1.922585
106.82,-1.922871,1.922871
106.83,-1.923168,1.923168
106.84,-1.923302,1.923302
106.85,-1.923396,1.923396
106.86,-1.923583,1.923583
106.87,-1.923691,1.923691
106.88,-1.923781,1.923781
106.89,-1.923837,1.923837
106.9,-1.92411,1.92411
106.91,-1.924476,1.924476
106.92,-1.924887,1.924887
106.93,-1.925359,1.925359
106.94,-1.925759,1.925759
106.95,-1.926084,1.926084
106.96,-1.926532,1.926532
106.97,-1.927015,1.927015
106.98,-1.927552,1.927552
106.99,-1.928093,1.928093
107.0,-1.928584,1.928584
107.01,-1.92905,1.92905
107.02,-1.929672,1.929672
107.03,-1.930354,1.930354
107.04,-1.931086,1.931086
107.05,-1.931755,1.931755
107.06,-1.932371,1.932371
107.07,-1.932957,1.932957
107.08,-1.933456,1.933456
107.09,-1.933961,1.933961
107.1,-1.934444,1.934444
107.11,-1.93485,1.93485
107.12,-1.935232,1.935232
107.13,-1.935651,1.935651
107.14,-1.93611,1.93611
107.15,-1.936572,1.936572
107.16,-1.937014,1.937014
107.17,-1.937384,1.937384
107.18,-1.937826,1.937826
107.19,-1.938196,1.938196
107.2,-1.938461,1.938461
107.21,-1.93862,1.93862
107.22,-1.938838,1.938838
107.23,-1.939034,1.939034
107.24,-1.939176,1.939176
107.25,-1.939224,1.939224
107.26,-1.939289,1.939289
107.27,-1.939317,1.939317
107.28,-1.939286,1.939286
107.29,-1.939237,1.939237
107.3,-1.939054,1.939054
107.31,-1.938852,1.938852
107.32,-1.938669,1.938669
107.33,-1.938477,1.938477
107.34,-1.938207,1.938207
107.35,-1.937813,1.937813
107.36,-1.937481,1.937481
107.37,-1.937123,1.937123
107.38,-1.93677,1.93677
107.39,-1.936519,1.936519
107.4,-1.936269,1.936269
107.41,-1.935877,1.935877
107.42,-1.935498,1.935498
107.43,-1.935021,1.935021
107.44,-1.934503,1.934503
107.45,-1.933895,1.933895
107.46,-1.933354,1.933354
107.47,-1.932849,1.932849
107.48,-1.932275,1.932275
107.49,-1.931735,1.931735
107.5,-1.931203,1.931203
107.51,-1.930593,1.930593
107.52,-1.930102,1.930102
107.53,-1.929593,1.929593
107.54,-1.929081,1.929081
107.55,-1.928494,1.928494
107.56,-1.927989,1.927989
107.57,-1.927385,1.927385
107.58,-1.926908,1.926908
107.59,-1.926363,1.926363
107.6,-1.925884,1.925884
107.61,-1.925367,1.925367
107.62,-1.924919,1.924919
107.63,-1.924538,1.924538
107.64,-1.924227,1.924227
107.65,-1.924003,1.924003
107.66,-1.923817,1.923817
107.67,-1.923531,1.923531
107.68,-1.923328,1.923328
107.69,-1.9232,1.9232
107.7,-1.923249,1.923249
107.71,-1.923284,1.923284
107.72,-1.923188,1.923188
107.73,-1.923041,1.923041
107.74,-1.922934,1.922934
107.75,-1.922892,1.922892
107.76,-1.923104,1.923104
107.77,-1.923375,1.923375
107.78,-1.923518,1.923518
107.79,-1.923596,1.923596
107.8,-1.923751,1.923751
107.81,-1.924001,1.924001
107.82,-1.924366,1.924366
107.83,-1.924731,1.924731
107.84,-1.925134,1.925134
107.85,-1.925471,1.925471
107.86,-1.925747,1.925747
107.87,-1.926084,1.926084
107.88,-1.926566,1.926566
107.89,-1.927149,1.927149
107.9,-1.927654,1.927654
107.91,-1.928035,1.928035
107.92,-1.928452,1.928452
107.93,-1.928923,1.928923
107.94,-1.929463,1.929463
107.95,-1.929977,1.929977
107.96,-1.930549,1.930549
107.97,-1.931045,1.931045
107.98,-1.931583,1.931583
107.99,-1.932068,1.932068
108.0,-1.932597,1.932597
108.01,-1.933161,1.933161
108.02,-1.933809,1.933809
108.03,-1.9344,1.9344
108.04,-1.934975,1.934975
108.05,-1.935571,1.935571
108.06,-1.936168,1.936168
108.07,-1.93685,1.93685
108.08,-1.937757,1.937757
108.09,-1.938685,1.938685
108.1,-1.939532,1.939532
108.11,-1.94033,1.94033
108.12,-1.941184,1.941184
108.13,-1.941971,1.941971
108.14,-1.942785,1.942785
108.15,-1.943648,1.943648
108.16,-1.944395,1.944395
108.17,-1.945081,1.945081
108.18,-1.945761,1.945761
108.19,-1.94632,1.94632
108.2,-1.946735,1.946735
108.21,-1.946928,1.946928
108.22,-1.947085,1.947085
108.23,-1.947192,1.947192
108.24,-1.947196,1.947196
108.25,-1.947148,1.947148
108.26,-1.947052,1.947052
108.27,-1.946985,1.946985
108.28,-1.946864,1.946864
108.29,-1.946682,1.946682
108.3,-1.946379,1.946379
108.31,-1.946001,1.946001
108.32,-1.945612,1.945612
108.33,-1.945284,1.945284
108.34,-1.944852,1.944852
108.35,-1.944337,1.944337
108.36,-1.943798,1.943798
108.37,-1.943221,1.943221
108.38,-1.942613,1.942613
108.39,-1.942184,1.942184
108.4,-1.941873,1.941873
108.41,-1.941594,1.941594
108.42,-1.941253,1.941253
108.43,-1.940879,1.940879
108.44,-1.940433,1.940433
108.45,-1.939912,1.939912
108.46,-1.939407,1.939407
108.47,-1.938779,1.938779
108.48,-1.938106,1.938106
108.49,-1.937398,1.937398
108.5,-1.936752,1.936752
108.51,-1.936211,1.936211
108.52,-1.935642,1.935642
108.53,-1.935092,1.935092
108.54,-1.934495,1.934495
108.55,-1.933861,1.933861
108.56,-1.933167,1.933167
108.57,-1.932417,1.932417
108.58,-1.931686,1.931686
108.59,-1.930999,1.930999
108.6,-1.930359,1.930359
108.61,-1.929763,1.929763
108.62,-1.929138,1.929138
108.63,-1.928461,1.928461
108.64,-1.927783,1.927783
108.65,-1.927104,1.927104
108.66,-1.926539,1.926539
108.67,-1.925934,1.925934
108.68,-1.92529,1.92529
108.69,-1.924573,1.924573
108.7,-1.923922,1.923922
108.71,-1.923354,1.923354
108.72,-1.922885,1.922885
108.73,-1.922422,1.922422
108.74,-1.922078,1.922078
108.75,-1.921818,1.921818
108.76,-1.921498,1.921498
108.77,-1.921227,1.921227
108.78,-1.921099,1.921099
108.79,-1.920966,1.920966
108.8,-1.920882,1.920882
108.81,-1.920902,1.920902
108.82,-1.920977,1.920977
108.83,-1.921011,1.921011
108.84,-1.921127,1.921127
108.85,-1.921247,1.921247
108.86,-1.921444,1.921444
108.87,-1.921775,1.921775
108.88,-1.922161,1.922161
108.89,-1.922469,1.922469
108.9,-1.922772,1.922772
108.91,-1.923111,1.923111
108.92,-1.923502,1.923502
108.93,-1.92386,1.92386
108.94,-1.924272,1.924272
108.95,-1.924737,1.924737
108.96,-1.925218,1.925218
108.97,-1.925627,1.925627
108.98,-1.926079,1.926079
108.99,-1.926469,1.926469
109.0,-1.926881,1.926881
109.01,-1.927387,1.927387
109.02,-1.92793,1.92793
109.03,-1.928461,1.928461
109.04,-1.928975,1.928975
109.05,-1.929561,1.929561
109.06,-1.930237,1.930237
109.07,-1.930815,1.930815
109.08,-1.931319,1.931319
109.09,-1.931836,1.931836
109.1,-1.932359,1.932359
109.11,-1.932846,1.932846
109.12,-1.933329,1.933329
109.13,-1.933873,1.933873
109.14,-1.934426,1.934426
109.15,-1.934903,1.934903
109.16,-1.935382,1.935382
109.17,-1.935892,1.935892
109.18,-1.936445,1.936445
109.19,-1.937068,1.937068
109.2,-1.937608,1.937608
109.21,-1.938022,1.938022
109.22,-1.938392,1.938392
109.23,-1.938736,1.938736
109.24,-1.939118,1.939118
109.25,-1.939423,1.939423
109.26,-1.939724,1.939724
109.27,-1.939986,1.939986
109.28,-1.940269,1.940269
109.29,-1.940499,1.940499
109.3,-1.940727,1.940727
109.31,-1.940944,1.940944
109.32,-1.941097,1.941097
109.33,-1.941192,1.941192
109.34,-1.941193,1.941193
109.35,-1.941166,1.941166
109.36,-1.941116,1.941116
109.37,-1.94117,1.94117
109.38,-1.941197,1.941197
109.39,-1.941187,1.941187
109.4,-1.941017,1.941017
109.41,-1.94072,1.94072
109.42,-1.940349,1.940349
109.43,-1.939985,1.939985
109.44,-1.939562,1.939562
109.45,-1.939046,1.939046
109.46,-1.938487,1.938487
109.47,-1.937856,1.937856
109.48,-1.937191,1.937191
109.49,-1.9365,1.9365
109.5,-1.93579,1.93579
109.51,-1.93515,1.93515
109.52,-1.934452,1.934452
109.53,-1.933645,1.933645
109.54,-1.932801,1.932801
109.55,-1.931938,1.931938
109.56,-1.93121,1.93121
109.57,-1.930469,1.930469
109.58,-1.929646,1.929646
109.59,-1.928825,1.928825
109.6,-1.928057,1.928057
109.61,-1.927289,1.927289
109.62,-1.926527,1.926527
109.63,-1.925828,1.925828
109.64,-1.925221,1.925221
109.65,-1.924615,1.924615
109.66,-1.924095,1.924095
109.67,-1.923566,1.923566
109.68,-1.923034,1.923034
109.69,-1.922489,1.922489
109.7,-1.921826,1.921826
109.71,-1.921295,1.921295
109.72,-1.920909,1.920909
109.73,-1.920644,1.920644
109.74,-1.92041,1.92041
109.75,-1.920274,1.920274
109.76,-1.920165,1.920165
109.77,-1.920018,1.920018
109.78,-1.919787,1.919787
109.79,-1.919614,1.919614
109.8,-1.919469,1.919469
109.81,-1.919351,1.919351
109.82,-1.919188,1.919188
109.83,-1.919038,1.919038
109.84,-1.918975,1.918975
109.85,-1.918994,1.918994
109.86,-1.91898,1.91898
109.87,-1.918962,1.918962
109.88,-1.919021,1.919021
109.89,-1.919149,1.919149
109.9,-1.91927,1.91927
109.91,-1.919543,1.919543
109.92,-1.919917,1.919917
109.93,-1.920248,1.920248
109.94,-1.92058,1.92058
109.95,-1.920947,1.920947
109.96,-1.92137,1.92137
109.97,-1.92181,1.92181
109.98,-1.922231,1.922231
109.99,-1.922678,1.922678
110.0,-1.923212,1.923212
110.01,-1.923784,1.923784
110.02,-1.924394,1.924394
110.03,-1.925035,1.925035
110.04,-1.925744,1.925744
110.05,-1.926532,1.926532
110.06,-1.927296,1.927296
110.07,-1.927985,1.927985
110.08,-1.928623,1.928623
110.09,-1.929313,1.929313
110.1,-1.930123,1.930123
110.11,-1.930996,1.930996
110.12,-1.931876,1.931876
110.13,-1.932753,1.932753
110.14,-1.933542,1.933542
110.15,-1.934303,1.934303
110.16,-1.935012,1.935012
110.17,-1.935653,1.935653
110.18,-1.936296,1.936296
110.19,-1.936982,1.936982
110.2,-1.937689,1.937689
110.21,-1.938398,1.938398
110.22,-1.939131,1.939131
110.23,-1.939795,1.939795
110.24,-1.940389,1.940389
110.25,-1.94086,1.94086
110.26,-1.941216,1.941216
110.27,-1.941627,1.941627
110.28,-1.941896,1.941896
110.29,-1.942171,1.942171
110.3,-1.942446,1.942446
110.31,-1.942661,1.942661
110.32,-1.942881,1.942881
110.33,-1.943039,1.943039
110.34,-1.943135,1.943135
110.35,-1.943194,1.943194
110.36,-1.943175,1.943175
110.37,-1.94307,1.94307
110.38,-1.943027,1.943027
110.39,-1.942991,1.942991
110.4,-1.942865,1.942865
110.41,-1.942607,1.942607
110.42,-1.942336,1.942336
110.43,-1.942107,1.942107
110.44,-1.941784,1.941784
110.45,-1.941371,1.941371
110.46,-1.940956,1.940956
110.47,-1.940526,1.940526
110.48,-1.940122,1.940122
110.49,-1.939542,1.939542
110.5,-1.938902,1.938902
110.51,-1.938234,1.938234
110.52,-1.937528,1.937528
110.53,-1.936835,1.936835
110.54,-1.936131,1.936131
110.55,-1.935449,1.935449
110.56,-1.9347,1.9347
110.57,-1.933953,1.933953
110.58,-1.933293,1.933293
110.59,-1.932561,1.932561
110.6,-1.931782,1.931782
110.61,-1.93105,1.93105
110.62,-1.930322,1.930322
110.63,-1.929559,1.929559
110.64,-1.928806,1.928806
110.65,-1.928057,1.928057
110.66,-1.927283,1.927283
110.67,-1.926653,1.926653
110.68,-1.925948,1.925948
110.69,-1.925389,1.925389
110.7,-1.924845,1.924845
110.71,-1.924246,1.924246
110.72,-1.923561,1.923561
110.73,-1.922867,1.922867
110.74,-1.92225,1.92225
110.75,-1.921702,1.921702
110.76,-1.921176,1.921176
110.77,-1.920795,1.920795
110.78,-1.9205,1.9205
110.79,-1.92021,1.92021
110.8,-1.919941,1.919941
110.81,-1.919742,1.919742
110.82,-1.919619,1.919619
110.83,-1.919649,1.919649
110.84,-1.919677,1.919677
110.85,-1.91969,1.91969
110.86,-1.919758,1.919758
110.87,-1.919949,1.919949
110.88,-1.920223,1.920223
110.89,-1.920468,1.920468
110.9,-1.920686,1.920686
110.91,-1.920994,1.920994
110.92,-1.921402,1.921402
110.93,-1.921802,1.921802
110.94,-1.922181,1.922181
110.95,-1.9225,1.9225
110.96,-1.922928,1.922928
110.97,-1.923411,1.923411
110.98,-1.923893,1.923893
110.99,-1.924345,1.924345
111.0,-1.924852,1.924852
111.01,-1.925344,1.925344
111.02,-1.925875,1.925875
111.03,-1.92633,1.92633
111.04,-1.926898,1.926898
111.05,-1.927505,1.927505
111.06,-1.928114,1.928114
111.07,-1.928697,1.928697
111.08,-1.92919,1.92919
111.09,-1.929712,1.929712
111.1,-1.930234,1.930234
111.11,-1.93077,1.93077
111.12,-1.931456,1.931456
111.13,-1.932132,1.932132
111.14,-1.932846,1.932846
111.15,-1.933558,1.933558
111.16,-1.934276,1.934276
111.17,-1.935033,1.935033
111.18,-1.935789,1.935789
111.19,-1.936417,1.936417
111.2,-1.937059,1.937059
111.21,-1.937701,1.937701
111.22,-1.938375,1.938375
111.23,-1.939059,1.939059
111.24,-1.939766,1.939766
111.25,-1.940409,1.940409
111.26,-1.941077,1.941077
111.27,-1.941684,1.941684
111.28,-1.942288,1.942288
111.29,-1.9428,1.9428
111.3,-1.9433,1.9433
111.31,-1.943684,1.943684
111.32,-1.944073,1.944073
111.33,-1.944492,1.944492
111.34,-1.944791,1.944791
111.35,-1.944954,1.944954
111.36,-1.945145,1.945145
111.37,-1.945337,1.945337
111.38,-1.945536,1.945536
111.39,-1.945706,1.945706
111.4,-1.945854,1.945854
111.41,-1.945922,1.945922
111.42,-1.945981,1.945981
111.43,-1.945897,1.945897
111.44,-1.945755,1.945755
111.45,-1.945614,1.945614
111.46,-1.945456,1.945456
111.47,-1.945382,1.945382
111.48,-1.945239,1.945239
111.49,-1.945058,1.945058
111.5,-1.94482,1.94482
111.51,-1.944541,1.944541
111.52,-1.944266,1.944266
111.53,-1.94399,1.94399
111.54,-1.94371,1.94371
111.55,-1.943407,1.943407
111.56,-1.943072,1.943072
111.57,-1.942586,1.942586
111.58,-1.94206,1.94206
111.59,-1.941612,1.941612
111.6,-1.941163,1.941163
111.61,-1.940696,1.940696
111.62,-1.940146,1.940146
111.63,-1.939569,1.939569
111.64,-1.939093,1.939093
111.65,-1.938583,1.938583
111.66,-1.937955,1.937955
111.67,-1.937376,1.937376
111.68,-1.93683,1.93683
111.69,-1.936177,1.936177
111.7,-1.935489,1.935489
111.71,-1.934893,1.934893
111.72,-1.934272,1.934272
111.73,-1.933712,1.933712
111.74,-1.93324,1.93324
111.75,-1.932834,1.932834
111.76,-1.932411,1.932411
111.77,-1.931814,1.931814
111.78,-1.931257,1.931257
111.79,-1.93072,1.93072
111.8,-1.930266,1.930266
111.81,-1.92991,1.92991
111.82,-1.92961,1.92961
111.83,-1.929258,1.929258
111.84,-1.92888,1.92888
111.85,-1.928563,1.928563
111.86,-1.928197,1.928197
111.87,-1.927837,1.927837
111.88,-1.92761,1.92761
111.89,-1.927398,1.927398
111.9,-1.927224,1.927224
111.91,-1.927137,1.927137
111.92,-1.927173,1.927173
111.93,-1.927141,1.927141
111.94,-1.927059,1.927059
111.95,-1.927042,1.927042
111.96,-1.927136,1.927136
111.97,-1.92731,1.92731
111.98,-1.927463,1.927463
111.99,-1.927676,1.927676
112.0,-1.927952,1.927952
112.01,-1.928448,1.928448
112.02,-1.928988,1.928988
112.03,-1.929546,1.929546
112.04,-1.930128,1.930128
112.05,-1.930685,1.930685
112.06,-1.9312,1.9312
112.07,-1.931703,1.931703
112.08,-1.932157,1.932157
112.09,-1.932632,1.932632
112.1,-1.933077,1.933077
112.11,-1.933656,1.933656
112.12,-1.934449,1.934449
112.13,-1.935172,1.935172
112.14,-1.93582,1.93582
112.15,-1.936497,1.936497
112.16,-1.937253,1.937253
112.17,-1.93792,1.93792
112.18,-1.938611,1.938611
112.19,-1.939327,1.939327
112.2,-1.940068,1.940068
112.21,-1.940837,1.940837
112.22,-1.94156,1.94156
112.23,-1.942365,1.942365
112.24,-1.943141,1.943141
112.25,-1.943986,1.943986
112.26,-1.944821,1.944821
112.27,-1.945556,1.945556
112.28,-1.9462,1.9462
112.29,-1.94682,1.94682
112.3,-1.947345,1.947345
112.31,-1.947849,1.947849
112.32,-1.948321,1.948321
112.33,-1.948771,1.948771
112.34,-1.949129,1.949129
112.35,-1.949615,1.949615
112.36,-1.950099,1.950099
112.37,-1.950519,1.950519
112.38,-1.950872,1.950872
112.39,-1.951263,1.951263
112.4,-1.951624,1.951624
112.41,-1.951803,1.951803
112.42,-1.951911,1.951911
112.43,-1.951988,1.951988
112.44,-1.952062,1.952062
112.45,-1.952164,1.952164
112.46,-1.952164,1.952164
112.47,-1.952111,1.952111
112.48,-1.952052,1.952052
112.49,-1.951826,1.951826
112.5,-1.951598,1.951598
112.51,-1.951334,1.951334
112.52,-1.951012,1.951012
112.53,-1.950641,1.950641
112.54,-1.950218,1.950218
112.55,-1.949768,1.949768
112.56,-1.949229,1.949229
112.57,-1.948727,1.948727
112.58,-1.948129,1.948129
112.59,-1.947401,1.947401
112.6,-1.946733,1.946733
112.61,-1.946105,1.946105
112.62,-1.945364,1.945364
112.63,-1.944617,1.944617
112.64,-1.943829,1.943829
112.65,-1.943077,1.943077
112.66,-1.942221,1.942221
112.67,-1.941348,1.941348
112.68,-1.940543,1.940543
112.69,-1.93973,1.93973
112.7,-1.9389,1.9389
112.71,-1.938107,1.938107
112.72,-1.937279,1.937279
112.73,-1.936417,1.936417
112.74,-1.935509,1.935509
112.75,-1.934617,1.934617
112.76,-1.933764,1.933764
112.77,-1.932983,1.932983
112.78,-1.93228,1.93228
112.79,-1.931612,1.931612
112.8,-1.930955,1.930955
112.81,-1.930296,1.930296
112.82,-1.929595,1.929595
112.83,-1.928888,1.928888
112.84,-1.928232,1.928232
112.85,-1.927683,1.927683
112.86,-1.927127,1.927127
112.87,-1.926581,1.926581
112.88,-1.926275,1.926275
112.89,-1.926041,1.926041
112.9,-1.925806,1.925806
112.91,-1.925611,1.925611
112.92,-1.925381,1.925381
112.93,-1.925129,1.925129
112.94,-1.924875,1.924875
112.95,-1.924659,1.924659
112.96,-1.924511,1.924511
112.97,-1.92456,1.92456
112.98,-1.924645,1.924645
112.99,-1.924784,1.924784
113.0,-1.925023,1.925023
113.01,-1.925248,1.925248
113.02,-1.925394,1.925394
113.03,-1.925592,1.925592
113.04,-1.92584,1.92584
113.05,-1.925998,1.925998
113.06,-1.926188,1.926188
113.07,-1.926494,1.926494
113.08,-1.926889,1.926889
113.09,-1.927345,1.927345
113.1,-1.927754,1.927754
113.11,-1.928123,1.928123
113.12,-1.928493,1.928493
113.13,-1.928907,1.928907
113.14,-1.92937,1.92937
113.15,-1.929797,1.929797
113.16,-1.930221,1.930221
113.17,-1.930729,1.930729
113.18,-1.93129,1.93129
113.19,-1.931889,1.931889
113.2,-1.932437,1.932437
113.21,-1.93296,1.93296
113.22,-1.93346,1.93346
113.23,-1.933954,1.933954
113.24,-1.9344,1.9344
113.25,-1.934937,1.934937
113.26,-1.935523,1.935523
113.27,-1.936214,1.936214
113.28,-1.936927,1.936927
113.29,-1.937651,1.937651
113.3,-1.938378,1.938378
113.31,-1.939072,1.939072
113.32,-1.939606,1.939606
113.33,-1.940061,1.940061
113.34,-1.940551,1.940551
113.35,-1.941029,1.941029
113.36,-1.941521,1.941521
113.37,-1.941938,1.941938
113.38,-1.942291,1.942291
113.39,-1.942759,1.942759
113.4,-1.943232,1.943232
113.41,-1.943549,1.943549
113.42,-1.943888,1.943888
113.43,-1.944205,1.944205
113.44,-1.944441,1.944441
113.45,-1.94471,1.94471
113.46,-1.94499,1.94499
113.47,-1.945168,1.945168
113.48,-1.945293,1.945293
113.49,-1.945392,1.945392
113.5,-1.945401,1.945401
113.51,-1.945407,1.945407
113.52,-1.945329,1.945329
113.53,-1.945276,1.945276
113.54,-1.945218,1.945218
113.55,-1.945165,1.945165
113.56,-1.945064,1.945064
113.57,-1.944855,1.944855
113.58,-1.944691,1.944691
113.59,-1.944577,1.944577
113.6,-1.944299,1.944299
113.61,-1.943959,1.943959
113.62,-1.9436,1.9436
113.63,-1.943218,1.943218
113.64,-1.942796,1.942796
113.65,-1.942356,1.942356
113.66,-1.941959,1.941959
113.67,-1.941494,1.941494
113.68,-1.94103,1.94103
113.69,-1.940557,1.940557
113.7,-1.940005,1.940005
113.71,-1.939583,1.939583
113.72,-1.939158,1.939158
113.73,-1.938758,1.938758
113.74,-1.93821,1.93821
113.75,-1.937729,1.937729
113.76,-1.937247,1.937247
113.77,-1.936889,1.936889
113.78,-1.936413,1.936413
113.79,-1.935911,1.935911
113.8,-1.93543,1.93543
113.81,-1.935002,1.935002
113.82,-1.934548,1.934548
113.83,-1.934171,1.934171
113.84,-1.933809,1.933809
113.85,-1.933364,1.933364
113.86,-1.932847,1.932847
113.87,-1.932371,1.932371
113.88,-1.93194,1.93194
113.89,-1.931535,1.931535
113.9,-1.931184,1.931184
113.91,-1.930888,1.930888
113.92,-1.930635,1.930635
113.93,-1.930401,1.930401
113.94,-1.930122,1.930122
113.95,-1.929856,1.929856
113.96,-1.929572,1.929572
113.97,-1.929404,1.929404
113.98,-1.929264,1.929264
113.99,-1.929117,1.929117
114.0,-1.928947,1.928947
114.01,-1.928925,1.928925
114.02,-1.928976,1.928976
114.03,-1.929095,1.929095
114.04,-1.929255,1.929255
114.05,-1.929467,1.929467
114.06,-1.929706,1.929706
114.07,-1.930095,1.930095
114.08,-1.930529,1.930529
114.09,-1.930966,1.930966
114.1,-1.931439,1.931439
114.11,-1.932018,1.932018
114.12,-1.932566,1.932566
114.13,-1.933129,1.933129
114.14,-1.933684,1.933684
114.15,-1.934091,1.934091
114.16,-1.934568,1.934568
114.17,-1.93516,1.93516
114.18,-1.935823,1.935823
114.19,-1.936545,1.936545
114.2,-1.937156,1.937156
114.21,-1.937726,1.937726
114.22,-1.938294,1.938294
114.23,-1.938818,1.938818
114.24,-1.939373,1.939373
114.25,-1.939978,1.939978
114.26,-1.940568,1.940568
114.27,-1.941185,1.941185
114.28,-1.941772,1.941772
114.29,-1.942389,1.942389
114.3,-1.94293,1.94293
114.31,-1.943441,1.943441
114.32,-1.943989,1.943989
114.33,-1.944493,1.944493
114.34,-1.944971,1.944971
114.35,-1.945525,1.945525
114.36,-1.945967,1.945967
114.37,-1.946386,1.946386
114.38,-1.946933,1.946933
114.39,-1.947331,1.947331
114.4,-1.947636,1.947636
114.41,-1.947987,1.947987
114.42,-1.948292,1.948292
114.43,-1.948642,1.948642
114.44,-1.948979,1.948979
114.45,-1.949271,1.949271
114.46,-1.949572,1.949572
114.47,-1.949872,1.949872
114.48,-1.950124,1.950124
114.49,-1.950283,1.950283
114.5,-1.950409,1.950409
114.51,-1.950503,1.950503
114.52,-1.950591,1.950591
114.53,-1.950707,1.950707
114.54,-1.950739,1.950739
114.55,-1.95076,1.95076
114.56,-1.950794,1.950794
114.57,-1.950786,1.950786
114.58,-1.95075,1.95075
114.59,-1.950586,1.950586
114.6,-1.950346,1.950346
114.61,-1.950042,1.950042
114.62,-1.949773,1.949773
114.63,-1.949498,1.949498
114.64,-1.949133,1.949133
114.65,-1.948779,1.948779
114.66,-1.948427,1.948427
114.67,-1.948103,1.948103
114.68,-1.947787,1.947787
114.69,-1.947365,1.947365
114.7,-1.946888,1.946888
114.71,-1.946175,1.946175
114.72,-1.945461,1.945461
114.73,-1.94492,1.94492
114.74,-1.944289,1.944289
114.75,-1.943543,1.943543
114.76,-1.942818,1.942818
114.77,-1.942125,1.942125
114.78,-1.941361,1.941361
114.79,-1.94069,1.94069
114.8,-1.939945,1.939945
114.81,-1.939286,1.939286
114.82,-1.938761,1.938761
114.83,-1.938124,1.938124
114.84,-1.937399,1.937399
114.85,-1.936745,1.936745
114.86,-1.936061,1.936061
114.87,-1.935439,1.935439
114.88,-1.934843,1.934843
114.89,-1.934257,1.934257
114.9,-1.933664,1.933664
114.91,-1.933106,1.933106
114.92,-1.932561,1.932561
114.93,-1.93209,1.93209
114.94,-1.931723,1.931723
114.95,-1.931353,1.931353
114.96,-1.930885,1.930885
114.97,-1.930559,1.930559
114.98,-1.930225,1.930225
114.99,-1.929873,1.929873
115.0,-1.929521,1.929521
115.01,-1.929223,1.929223
115.02,-1.929013,1.929013
115.03,-1.928785,1.928785
115.04,-1.928612,1.928612
115.05,-1.928486,1.928486
115.06,-1.928397,1.928397
115.07,-1.9284,1.9284
115.08,-1.928361,1.928361
115.09,-1.928317,1.928317
115.1,-1.928195,1.928195
115.11,-1.928131,1.928131
115.12,-1.928128,1.928128
115.13,-1.928149,1.928149
115.14,-1.928123,1.928123
115.15,-1.928281,1.928281
115.16,-1.928445,1.928445
115.17,-1.928603,1.928603
115.18,-1.928756,1.928756
115.19,-1.92884,1.92884
115.2,-1.929031,1.929031
115.21,-1.92932,1.92932
115.22,-1.929686,1.929686
115.23,-1.930075,1.930075
115.24,-1.930442,1.930442
115.25,-1.930922,1.930922
115.26,-1.931449,1.931449
115.27,-1.931897,1.931897
115.28,-1.932325,1.932325
115.29,-1.932837,1.932837
115.3,-1.933407,1.933407
115.31,-1.933966,1.933966
115.32,-1.934528,1.934528
115.33,-1.935052,1.935052
115.34,-1.935634,1.935634
115.35,-1.936228,1.936228
115.36,-1.936763,1.936763
115.37,-1.937275,1.937275
115.38,-1.937721,1.937721
115.39,-1.938045,1.938045
115.4,-1.938323,1.938323
115.41,-1.938691,1.938691
115.42,-1.939189,1.939189
115.43,-1.939677,1.939677
115.44,-1.939884,1.939884
115.45,-1.940016,1.940016
115.46,-1.940187,1.940187
115.47,-1.940379,1.940379
115.48,-1.94044,1.94044
115.49,-1.940516,1.940516
115.5,-1.940625,1.940625
115.51,-1.940712,1.940712
115.52,-1.940779,1.940779
115.53,-1.940827,1.940827
115.54,-1.940762,1.940762
115.55,-1.940628,1.940628
115.56,-1.940402,1.940402
115.57,-1.940185,1.940185
115.58,-1.939989,1.939989
115.59,-1.939821,1.939821
115.6,-1.939627,1.939627
115.61,-1.939346,1.939346
115.62,-1.939133,1.939133
115.63,-1.938927,1.938927
115.64,-1.938593,1.938593
115.65,-1.9382,1.9382
115.66,-1.937823,1.937823
115.67,-1.937486,1.937486
115.68,-1.93715,1.93715
115.69,-1.936739,1.936739
115.7,-1.93641,1.93641
115.71,-1.936119,1.936119
115.72,-1.935785,1.935785
115.73,-1.935416,1.935416
115.74,-1.935055,1.935055
115.75,-1.934689,1.934689
115.76,-1.934275,1.934275
115.77,-1.933852,1.933852
115.78,-1.933541,1.933541
115.79,-1.93317,1.93317
115.8,-1.932718,1.932718
115.81,-1.932355,1.932355
115.82,-1.932093,1.932093
115.83,-1.931829,1.931829
115.84,-1.931504,1.931504
115.85,-1.931285,1.931285
115.86,-1.930998,1.930998
115.87,-1.930751,1.930751
115.88,-1.930477,1.930477
115.89,-1.930124,1.930124
115.9,-1.929666,1.929666
115.91,-1.929187,1.929187
115.92,-1.928777,1.928777
115.93,-1.928486,1.928486
115.94,-1.928288,1.928288
115.95,-1.928044,1.928044
115.96,-1.927798,1.927798
115.97,-1.927541,1.927541
115.98,-1.927263,1.927263
115.99,-1.92687,1.92687
116.0,-1.926526,1.926526
116.01,-1.926269,1.926269
116.02,-1.926068,1.926068
116.03,-1.925848,1.925848
116.04,-1.925681,1.925681
116.05,-1.925595,1.925595
116.06,-1.92557,1.92557
116.07,-1.925554,1.925554
116.08,-1.925606,1.925606
116.09,-1.925574,1.925574
116.1,-1.925503,1.925503
116.11,-1.925487,1.925487
116.12,-1.925489,1.925489
116.13,-1.925627,1.925627
116.14,-1.925893,1.925893
116.15,-1.926213,1.926213
116.16,-1.926458,1.926458
116.17,-1.926702,1.926702
116.18,-1.927009,1.927009
116.19,-1.92743,1.92743
116.2,-1.927878,1.927878
116.21,-1.928202,1.928202
116.22,-1.928504,1.928504
116.23,-1.92885,1.92885
116.24,-1.929271,1.929271
116.25,-1.929665,1.929665
116.26,-1.930076,1.930076
116.27,-1.930502,1.930502
116.28,-1.931033,1.931033
116.29,-1.931424,1.931424
116.3,-1.931783,1.931783
116.31,-1.932208,1.932208
116.32,-1.932723,1.932723
116.33,-1.933199,1.933199
116.34,-1.933666,1.933666
116.35,-1.934169,1.934169
116.36,-1.934638,1.934638
116.37,-1.935145,1.935145
116.38,-1.935514,1.935514
116.39,-1.935951,1.935951
116.4,-1.936409,1.936409
116.41,-1.936887,1.936887
116.42,-1.937367,1.937367
116.43,-1.937786,1.937786
116.44,-1.938178,1.938178
116.45,-1.938656,1.938656
116.46,-1.939193,1.939193
116.47,-1.939662,1.939662
116.48,-1.939981,1.939981
116.49,-1.940203,1.940203
116.5,-1.940438,1.940438
116.51,-1.940642,1.940642
116.52,-1.940789,1.940789
116.53,-1.940988,1.940988
116.54,-1.941159,1.941159
116.55,-1.941222,1.941222
116.56,-1.941181,1.941181
116.57,-1.941141,1.941141
116.58,-1.941097,1.941097
116.59,-1.940935,1.940935
116.6,-1.940791,1.940791
116.61,-1.940503,1.940503
116.62,-1.94012,1.94012
116.63,-1.939727,1.939727
116.64,-1.939373,1.939373
116.65,-1.938955,1.938955
116.66,-1.938435,1.938435
116.67,-1.937856,1.937856
116.68,-1.937251,1.937251
116.69,-1.936661,1.936661
116.7,-1.936027,1.936027
116.71,-1.935447,1.935447
116.72,-1.934748,1.934748
116.73,-1.933974,1.933974
116.74,-1.93328,1.93328
116.75,-1.932646,1.932646
116.76,-1.932015,1.932015
116.77,-1.931419,1.931419
116.78,-1.930802,1.930802
116.79,-1.930198,1.930198
116.8,-1.929541,1.929541
116.81,-1.928913,1.928913
116.82,-1.928296,1.928296
116.83,-1.927791,1.927791
116.84,-1.927301,1.927301
116.85,-1.926721,1.926721
116.86,-1.926069,1.926069
116.87,-1.925561,1.925561
116.88,-1.925066,1.925066
116.89,-1.924607,1.924607
116.9,-1.924215,1.924215
116.91,-1.923815,1.923815
116.92,-1.923362,1.923362
116.93,-1.922857,1.922857
116.94,-1.922448,1.922448
116.95,-1.922188,1.922188
116.96,-1.921855,1.921855
116.97,-1.921531,1.921531
116.98,-1.921172,1.921172
116.99,-1.920945,1.920945
117.0,-1.920774,1.920774
117.01,-1.920627,1.920627
117.02,-1.920453,1.920453
117.03,-1.920267,1.920267
117.04,-1.9201,1.9201
117.05,-1.920059,1.920059
117.06,-1.919815,1.919815
117.07,-1.91961,1.91961
117.08,-1.919453,1.919453
117.09,-1.919297,1.919297
117.1,-1.919146,1.919146
117.11,-1.919078,1.919078
117.12,-1.919135,1.919135
117.13,-1.919203,1.919203
117.14,-1.919185,1.919185
117.15,-1.91926,1.91926
117.16,-1.919374,1.919374
117.17,-1.919521,1.919521
117.18,-1.91968,1.91968
117.19,-1.919869,1.919869
117.2,-1.920239,1.920239
117.21,-1.920746,1.920746
117.22,-1.921208,1.921208
117.23,-1.921794,1.921794
117.24,-1.92234,1.92234
117.25,-1.922866,1.922866
117.26,-1.923441,1.923441
117.27,-1.924028,1.924028
117.28,-1.924575,1.924575
117.29,-1.925113,1.925113
117.3,-1.925693,1.925693
117.31,-1.926443,1.926443
117.32,-1.927186,1.927186
117.33,-1.927845,1.927845
117.34,-1.928451,1.928451
117.35,-1.929109,1.929109
117.36,-1.92973,1.92973
117.37,-1.930308,1.930308
117.38,-1.930869,1.930869
117.39,-1.931459,1.931459
117.4,-1.932043,1.932043
117.41,-1.932626,1.932626
117.42,-1.933154,1.933154
117.43,-1.933657,1.933657
117.44,-1.934102,1.934102
117.45,-1.934528,1.934528
117.46,-1.934916,1.934916
117.47,-1.935364,1.935364
117.48,-1.935769,1.935769
117.49,-1.936116,1.936116
117.5,-1.936289,1.936289
117.51,-1.936492,1.936492
117.52,-1.936686,1.936686
117.53,-1.936898,1.936898
117.54,-1.937012,1.937012
117.55,-1.937192,1.937192
117.56,-1.937263,1.937263
117.57,-1.937216,1.937216
117.58,-1.937167,1.937167
117.59,-1.937089,1.937089
117.6,-1.937016,1.937016
117.61,-1.936931,1.936931
117.62,-1.936782,1.936782
117.63,-1.936659,1.936659
117.64,-1.936544,1.936544
117.65,-1.936397,1.936397
117.66,-1.936232,1.936232
117.67,-1.936177,1.936177
117.68,-1.936138,1.936138
117.69,-1.936009,1.936009
117.7,-1.935861,1.935861
117.71,-1.935739,1.935739
117.72,-1.935583,1.935583
117.73,-1.935434,1.935434
117.74,-1.935267,1.935267
117.75,-1.935063,1.935063
117.76,-1.934807,1.934807
117.77,-1.934654,1.934654
117.78,-1.934255,1.934255
117.79,-1.933855,1.933855
117.8,-1.933524,1.933524
117.81,-1.933268,1.933268
117.82,-1.932927,1.932927
117.83,-1.932495,1.932495
117.84,-1.932074,1.932074
117.85,-1.931753,1.931753
117.86,-1.93137,1.93137
117.87,-1.930993,1.930993
117.88,-1.930636,1.930636
117.89,-1.930357,1.930357
117.9,-1.930067,1.930067
117.91,-1.929786,1.929786
117.92,-1.929397,1.929397
117.93,-1.92904,1.92904
117.94,-1.928802,1.928802
117.95,-1.928604,1.928604
117.96,-1.928484,1.928484
117.97,-1.928487,1.928487
117.98,-1.928429,1.928429
117.99,-1.928305,1.928305
118.0,-1.92819,1.92819
118.01,-1.928114,1.928114
118.02,-1.927972,1.927972
118.03,-1.927889,1.927889
118.04,-1.927806,1.927806
118.05,-1.927675,1.927675
118.06,-1.92753,1.92753
118.07,-1.927419,1.927419
118.08,-1.927273,1.927273
118.09,-1.927104,1.927104
118.1,-1.92697,1.92697
118.11,-1.926844,1.926844
118.12,-1.92671,1.92671
118.13,-1.926688,1.926688
118.14,-1.92677,1.92677
118.15,-1.926874,1.926874
118.16,-1.926833,1.926833
118.17,-1.926819,1.926819
118.18,-1.926812,1.926812
118.19,-1.926849,1.926849
118.2,-1.926844,1.926844
118.21,-1.92683,1.92683
118.22,-1.926857,1.926857
118.23,-1.926933,1.926933
118.24,-1.927103,1.927103
118.25,-1.927431,1.927431
118.26,-1.927789,1.927789
118.27,-1.928202,1.928202
118.28,-1.928574,1.928574
118.29,-1.928912,1.928912
118.3,-1.929181,1.929181
118.31,-1.929319,1.929319
118.32,-1.929524,1.929524
118.33,-1.929822,1.929822
118.34,-1.930157,1.930157
118.35,-1.930524,1.930524
118.36,-1.930882,1.930882
118.37,-1.931252,1.931252
118.38,-1.931574,1.931574
118.39,-1.931972,1.931972
118.4,-1.932429,1.932429
118.41,-1.932843,1.932843
118.42,-1.933276,1.933276
118.43,-1.933673,1.933673
118.44,-1.934114,1.934114
118.45,-1.934587,1.934587
118.46,-1.935047,1.935047
118.47,-1.935492,1.935492
118.48,-1.935895,1.935895
118.49,-1.936335,1.936335
118.5,-1.936854,1.936854
118.51,-1.937317,1.937317
118.52,-1.93775,1.93775
118.53,-1.938168,1.938168
118.54,-1.938537,1.938537
118.55,-1.938937,1.938937
118.56,-1.939164,1.939164
118.57,-1.939409,1.939409
118.58,-1.939737,1.939737
118.59,-1.940051,1.940051
118.6,-1.940313,1.940313
118.61,-1.940502,1.940502
118.62,-1.940647,1.940647
118.63,-1.940742,1.940742
118.64,-1.940817,1.940817
118.65,-1.940788,1.940788
118.66,-1.940737,1.940737
118.67,-1.940852,1.940852
118.68,-1.940882,1.940882
118.69,-1.940799,1.940799
118.7,-1.940677,1.940677
118.71,-1.940603,1.940603
118.72,-1.94055,1.94055
118.73,-1.940548,1.940548
118.74,-1.940603,1.940603
118.75,-1.940623,1.940623
118.76,-1.940626,1.940626
118.77,-1.940643,1.940643
118.78,-1.940626,1.940626
118.79,-1.940585,1.940585
118.8,-1.94053,1.94053
118.81,-1.940456,1.940456
118.82,-1.940285,1.940285
118.83,-1.940106,1.940106
118.84,-1.939982,1.939982
118.85,-1.939811,1.939811
118.86,-1.9396,1.9396
118.87,-1.93939,1.93939
118.88,-1.939206,1.939206
118.89,-1.938993,1.938993
118.9,-1.938685,1.938685
118.91,-1.938382,1.938382
118.92,-1.938053,1.938053
118.93,-1.937724,1.937724
118.94,-1.937387,1.937387
118.95,-1.936995,1.936995
118.96,-1.936545,1.936545
118.97,-1.936152,1.936152
118.98,-1.93584,1.93584
118.99,-1.935488,1.935488
119.0,-1.935136,1.935136
119.01,-1.934831,1.934831
119.02,-1.9345,1.9345
119.03,-1.934225,1.934225
119.04,-1.933982,1.933982
119.05,-1.93376,1.93376
119.06,-1.933453,1.933453
119.07,-1.933159,1.933159
119.08,-1.932986,1.932986
119.09,-1.932736,1.932736
119.1,-1.932518,1.932518
119.11,-1.932289,1.932289
119.12,-1.932106,1.932106
119.13,-1.931902,1.931902
119.14,-1.931672,1.931672
119.15,-1.931435,1.931435
119.16,-1.931393,1.931393
119.17,-1.931451,1.931451
119.18,-1.931563,1.931563
119.19,-1.931594,1.931594
119.2,-1.931617,1.931617
119.21,-1.931691,1.931691
119.22,-1.931746,1.931746
119.23,-1.931798,1.931798
119.24,-1.931898,1.931898
119.25,-1.932094,1.932094
119.26,-1.932341,1.932341
119.27,-1.932516,1.932516
119.28,-1.932664,1.932664
119.29,-1.932859,1.932859
119.3,-1.933119,1.933119
119.31,-1.933266,1.933266
119.32,-1.933422,1.933422
119.33,-1.933561,1.933561
119.34,-1.933766,1.933766
119.35,-1.934059,1.934059
119.36,-1.934264,1.934264
119.37,-1.934375,1.934375
119.38,-1.934521,1.934521
119.39,-1.934793,1.934793
119.4,-1.935116,1.935116
119.41,-1.93545,1.93545
119.42,-1.935752,1.935752
119.43,-1.93607,1.93607
119.44,-1.936393,1.936393
119.45,-1.936673,1.936673
119.46,-1.936928,1.936928
119.47,-1.937103,1.937103
119.48,-1.937349,1.937349
119.49,-1.937598,1.937598
119.5,-1.937852,1.937852
119.51,-1.938188,1.938188
119.52,-1.938517,1.938517
119.53,-1.938743,1.938743
119.54,-1.938987,1.938987
119.55,-1.939134,1.939134
119.56,-1.939316,1.939316
119.57,-1.939574,1.939574
119.58,-1.939794,1.939794
119.59,-1.939874,1.939874
119.6,-1.940014,1.940014
119.61,-1.940121,1.940121
119.62,-1.94024,1.94024
119.63,-1.940292,1.940292
119.64,-1.940255,1.940255
119.65,-1.940223,1.940223
119.66,-1.940217,1.940217
119.67,-1.940143,1.940143
119.68,-1.940144,1.940144
119.69,-1.940092,1.940092
119.7,-1.940054,1.940054
119.71,-1.940046,1.940046
119.72,-1.940049,1.940049
119.73,-1.940071,1.940071
119.74,-1.94006,1.94006
119.75,-1.940003,1.940003
119.76,-1.939992,1.939992
119.77,-1.939923,1.939923
119.78,-1.939896,1.939896
119.79,-1.939897,1.939897
119.8,-1.939793,1.939793
119.81,-1.93963,1.93963
119.82,-1.939394,1.939394
119.83,-1.939221,1.939221
119.84,-1.939081,1.939081
119.85,-1.939003,1.939003
119.86,-1.938956,1.938956
119.87,-1.938885,1.938885
119.88,-1.938822,1.938822
119.89,-1.938727,1.938727
119.9,-1.938628,1.938628
119.91,-1.938542,1.938542
119.92,-1.938437,1.938437
119.93,-1.938205,1.938205
119.94,-1.937904,1.937904
119.95,-1.937722,1.937722
119.96,-1.937571,1.937571
119.97,-1.937351,1.937351
119.98,-1.937136,1.937136
119.99,-1.936871,1.936871
120.0,-1.936571,1.936571
120.01,-1.936293,1.936293
120.02,-1.936123,1.936123
120.03,-1.935852,1.935852
120.04,-1.935526,1.935526
120.05,-1.935199,1.935199
120.06,-1.934983,1.934983
120.07,-1.934822,1.934822
120.08,-1.934654,1.934654
120.09,-1.934544,1.934544
120.1,-1.934363,1.934363
120.11,-1.934092,1.934092
120.12,-1.933842,1.933842
120.13,-1.933554,1.933554
120.14,-1.933328,1.933328
120.15,-1.933167,1.933167
120.16,-1.932933,1.932933
120.17,-1.932744,1.932744
120.18,-1.932593,1.932593
120.19,-1.932384,1.932384
120.2,-1.932139,1.932139
120.21,-1.931963,1.931963
120.22,-1.9319,1.9319
120.23,-1.93183,1.93183
120.24,-1.931747,1.931747
120.25,-1.931739,1.931739
120.26,-1.931762,1.931762
120.27,-1.931782,1.931782
120.28,-1.931813,1.931813
120.29,-1.931714,1.931714
120.3,-1.931577,1.931577
120.31,-1.931488,1.931488
120.32,-1.931444,1.931444
120.33,-1.931455,1.931455
120.34,-1.931517,1.931517
120.35,-1.931677,1.931677
120.36,-1.931758,1.931758
120.37,-1.931765,1.931765
120.38,-1.931722,1.931722
120.39,-1.931656,1.931656
120.4,-1.931689,1.931689
120.41,-1.931852,1.931852
120.42,-1.931991,1.931991
120.43,-1.932128,1.932128
120.44,-1.932376,1.932376
120.45,-1.932627,1.932627
120.46,-1.932829,1.932829
120.47,-1.932936,1.932936
120.48,-1.933077,1.933077
120.49,-1.933153,1.933153
120.5,-1.933171,1.933171
120.51,-1.933176,1.933176
120.52,-1.933336,1.933336
120.53,-1.933459,1.933459
120.54,-1.933709,1.933709
120.55,-1.934074,1.934074
120.56,-1.934294,1.934294
120.57,-1.934463,1.934463
120.58,-1.93467,1.93467
120.59,-1.934957,1.934957
120.6,-1.935179,1.935179
120.61,-1.935336,1.935336
120.62,-1.935533,1.935533
120.63,-1.935796,1.935796
120.64,-1.936073,1.936073
120.65,-1.9363,1.9363
120.66,-1.936566,1.936566
120.67,-1.936933,1.936933
120.68,-1.937235,1.937235
120.69,-1.937478,1.937478
120.7,-1.93763,1.93763
120.71,-1.937716,1.937716
120.72,-1.937839,1.937839
120.73,-1.937868,1.937868
120.74,-1.937848,1.937848
120.75,-1.937754,1.937754
120.76,-1.937675,1.937675
120.77,-1.937698,1.937698
120.78,-1.93776,1.93776
120.79,-1.937883,1.937883
120.8,-1.93793,1.93793
120.81,-1.937921,1.937921
120.82,-1.937939,1.937939
120.83,-1.937891,1.937891
120.84,-1.937873,1.937873
120.85,-1.937785,1.937785
120.86,-1.937694,1.937694
120.87,-1.937689,1.937689
120.88,-1.937689,1.937689
120.89,-1.937636,1.937636
120.9,-1.937566,1.937566
120.91,-1.937475,1.937475
120.92,-1.93747,1.93747
120.93,-1.937426,1.937426
120.94,-1.937415,1.937415
120.95,-1.937374,1.937374
120.96,-1.937243,1.937243
120.97,-1.937086,1.937086
120.98,-1.936898,1.936898
120.99,-1.936725,1.936725
121.0,-1.936491,1.936491
121.01,-1.936304,1.936304
121.02,-1.936132,1.936132
121.03,-1.935941,1.935941
121.04,-1.935724,1.935724
121.05,-1.935463,1.935463
121.06,-1.93523,1.93523
121.07,-1.934961,1.934961
121.08,-1.93466,1.93466
121.09,-1.934326,1.934326
121.1,-1.933952,1.933952
121.11,-1.933607,1.933607
121.12,-1.933309,1.933309
121.13,-1.932984,1.932984
121.14,-1.932591,1.932591
121.15,-1.932202,1.932202
121.16,-1.931789,1.931789
121.17,-1.931448,1.931448
121.18,-1.931133,1.931133
121.19,-1.930929,1.930929
121.2,-1.930651,1.930651
121.21,-1.930244,1.930244
121.22,-1.929815,1.929815
121.23,-1.92949,1.92949
121.24,-1.929278,1.929278
121.25,-1.929087,1.929087
121.26,-1.928833,1.928833
121.27,-1.928587,1.928587
121.28,-1.928266,1.928266
121.29,-1.928084,1.928084
121.3,-1.927977,1.927977
121.31,-1.927896,1.927896
121.32,-1.927863,1.927863
121.33,-1.927801,1.927801
121.34,-1.927686,1.927686
121.35,-1.927628,1.927628
121.36,-1.927479,1.927479
121.37,-1.927235,1.927235
121.38,-1.927089,1.927089
121.39,-1.926991,1.926991
121.4,-1.926925,1.926925
121.41,-1.92673,1.92673
121.42,-1.926471,1.926471
121.43,-1.926188,1.926188
121.44,-1.925981,1.925981
121.45,-1.925761,1.925761
121.46,-1.925592,1.925592
121.47,-1.925397,1.925397
121.48,-1.925184,1.925184
121.49,-1.925095,1.925095
121.5,-1.925102,1.925102
121.51,-1.925122,1.925122
121.52,-1.925197,1.925197
121.53,-1.925175,1.925175
121.54,-1.925187,1.925187
121.55,-1.925293,1.925293
121.56,-1.925387,1.925387
121.57,-1.925489,1.925489
121.58,-1.925525,1.925525
121.59,-1.925552,1.925552
121.6,-1.925538,1.925538
121.61,-1.925532,1.925532
121.62,-1.925578,1.925578
121.63,-1.925616,1.925616
121.64,-1.925603,1.925603
121.65,-1.925572,1.925572
121.66,-1.925563,1.925563
121.67,-1.92562,1.92562
121.68,-1.925686,1.925686
121.69,-1.92578,1.92578
121.7,-1.925754,1.925754
121.71,-1.92567,1.92567
121.72,-1.925552,1.925552
121.73,-1.92545,1.92545
121.74,-1.925391,1.925391
121.75,-1.925251,1.925251
121.76,-1.925155,1.925155
121.77,-1.925119,1.925119
121.78,-1.925017,1.925017
121.79,-1.924955,1.924955
121.8,-1.924905,1.924905
121.81,-1.924767,1.924767
121.82,-1.924663,1.924663
121.83,-1.924598,1.924598
121.84,-1.924536,1.924536
121.85,-1.924339,1.924339
121.86,-1.924105,1.924105
121.87,-1.923916,1.923916
121.88,-1.923744,1.923744
121.89,-1.92359,1.92359
121.9,-1.923386,1.923386
121.91,-1.923113,1.923113
121.92,-1.92286,1.92286
121.93,-1.922589,1.922589
121.94,-1.922342,1.922342
121.95,-1.922134,1.922134
121.96,-1.921866,1.921866
121.97,-1.92167,1.92167
121.98,-1.921466,1.921466
121.99,-1.921152,1.921152
122.0,-1.920857,1.920857
122.01,-1.920603,1.920603
122.02,-1.920421,1.920421
122.03,-1.920167,1.920167
122.04,-1.919904,1.919904
122.05,-1.919628,1.919628
122.06,-1.919376,1.919376
122.07,-1.919125,1.919125
122.08,-1.919004,1.919004
122.09,-1.918868,1.918868
122.1,-1.918713,1.918713
122.11,-1.918463,1.918463
122.12,-1.918164,1.918164
122.13,-1.918031,1.918031
122.14,-1.917942,1.917942
122.15,-1.917963,1.917963
122.16,-1.917982,1.917982
122.17,-1.917905,1.917905
122.18,-1.917821,1.917821
122.19,-1.917856,1.917856
122.2,-1.917765,1.917765
122.21,-1.917632,1.917632
122.22,-1.917452,1.917452
122.23,-1.917275,1.917275
122.24,-1.917106,1.917106
122.25,-1.917027,1.917027
122.26,-1.916971,1.916971
122.27,-1.916992,1.916992
122.28,-1.916934,1.916934
122.29,-1.916788,1.916788
122.3,-1.916597,1.916597
122.31,-1.916382,1.916382
122.32,-1.916215,1.916215
122.33,-1.916083,1.916083
122.34,-1.915915,1.915915
122.35,-1.915724,1.915724
122.36,-1.91556,1.91556
122.37,-1.915459,1.915459
122.38,-1.915427,1.915427
122.39,-1.915412,1.915412
122.4,-1.915282,1.915282
122.41,-1.915168,1.915168
122.42,-1.915107,1.915107
122.43,-1.915015,1.915015
122.44,-1.914889,1.914889
122.45,-1.914652,1.914652
122.46,-1.914489,1.914489
122.47,-1.914451,1.914451
122.48,-1.914375,1.914375
122.49,-1.914323,1.914323
122.5,-1.91433,1.91433
122.51,-1.914297,1.914297
122.52,-1.914255,1.914255
122.53,-1.914204,1.914204
122.54,-1.914234,1.914234
122.55,-1.914251,1.914251
122.56,-1.914254,1.914254
122.57,-1.91424,1.91424
122.58,-1.914376,1.914376
122.59,-1.914497,1.914497
122.6,-1.914598,1.914598
122.61,-1.914644,1.914644
122.62,-1.914776,1.914776
122.63,-1.914989,1.914989
122.64,-1.915238,1.915238
122.65,-1.915465,1.915465
122.66,-1.915663,1.915663
122.67,-1.915927,1.915927
122.68,-1.916232,1.916232
122.69,-1.916483,1.916483
122.7,-1.916656,1.916656
122.71,-1.916861,1.916861
122.72,-1.917117,1.917117
122.73,-1.917349,1.917349
122.74,-1.917569,1.917569
122.75,-1.917786,1.917786
122.76,-1.917962,1.917962
122.77,-1.918248,1.918248
122.78,-1.91858,1.91858
122.79,-1.918802,1.918802
122.8,-1.91892,1.91892
122.81,-1.919127,1.919127
122.82,-1.919281,1.919281
122.83,-1.919381,1.919381
122.84,-1.919478,1.919478
122.85,-1.919578,1.919578
122.86,-1.919628,1.919628
122.87,-1.919634,1.919634
122.88,-1.919656,1.919656
122.89,-1.919722,1.919722
122.9,-1.919817,1.919817
122.91,-1.919893,1.919893
122.92,-1.919871,1.919871
122.93,-1.919829,1.919829
122.94,-1.919786,1.919786
122.95,-1.919749,1.919749
122.96,-1.919761,1.919761
122.97,-1.919726,1.919726
122.98,-1.91971,1.91971
122.99,-1.919571,1.919571
123.0,-1.919401,1.919401
123.01,-1.919192,1.919192
123.02,-1.918958,1.918958
123.03,-1.918776,1.918776
123.04,-1.918578,1.918578
123.05,-1.918437,1.918437
123.06,-1.918322,1.918322
123.07,-1.918147,1.918147
123.08,-1.91795,1.91795
123.09,-1.917715,1.917715
123.1,-1.917482,1.917482
123.11,-1.917099,1.917099
123.12,-1.916634,1.916634
123.13,-1.916295,1.916295
123.14,-1.916,1.916
123.15,-1.915701,1.915701
123.16,-1.915375,1.915375
123.17,-1.915054,1.915054
123.18,-1.914804,1.914804
123.19,-1.914565,1.914565
123.2,-1.914419,1.914419
123.21,-1.914232,1.914232
123.22,-1.913956,1.913956
123.23,-1.913682,1.913682
123.24,-1.913411,1.913411
123.25,-1.913202,1.913202
123.26,-1.912934,1.912934
123.27,-1.912643,1.912643
123.28,-1.912298,1.912298
123.29,-1.911982,1.911982
123.3,-1.911726,1.911726
123.31,-1.911486,1.911486
123.32,-1.911331,1.911331
123.33,-1.911148,1.911148
123.34,-1.910895,1.910895
123.35,-1.910646,1.910646
123.36,-1.910447,1.910447
123.37,-1.910251,1.910251
123.38,-1.910103,1.910103
123.39,-1.909925,1.909925
123.4,-1.909683,1.909683
123.41,-1.909379,1.909379
123.42,-1.909195,1.909195
123.43,-1.909106,1.909106
123.44,-1.909071,1.909071
123.45,-1.909098,1.909098
123.46,-1.908996,1.908996
123.47,-1.908816,1.908816
123.48,-1.908674,1.908674
123.49,-1.908536,1.908536
123.5,-1.908411,1.908411
123.51,-1.90826,1.90826
123.52,-1.908192,1.908192
123.53,-1.90829,1.90829
123.54,-1.908395,1.908395
123.55,-1.908505,1.908505
123.56,-1.908748,1.908748
123.57,-1.909003,1.909003
123.58,-1.909307,1.909307
123.59,-1.9096,1.9096
123.6,-1.909892,1.909892
123.61,-1.910082,1.910082
123.62,-1.910229,1.910229
123.63,-1.910298,1.910298
123.64,-1.910371,1.910371
123.65,-1.910558,1.910558
123.66,-1.910806,1.910806
123.67,-1.911044,1.911044
123.68,-1.911348,1.911348
123.69,-1.911594,1.911594
123.7,-1.911841,1.911841
123.71,-1.912024,1.912024
123.72,-1.912155,1.912155
123.73,-1.912236,1.912236
123.74,-1.912311,1.912311
123.75,-1.912303,1.912303
123.76,-1.912322,1.912322
123.77,-1.912283,1.912283
123.78,-1.912261,1.912261
123.79,-1.912278,1.912278
123.8,-1.912305,1.912305
123.81,-1.912194,1.912194
123.82,-1.912054,1.912054
123.83,-1.911918,1.911918
123.84,-1.911793,1.911793
123.85,-1.911672,1.911672
123.86,-1.911515,1.911515
123.87,-1.911376,1.911376
123.88,-1.911275,1.911275
123.89,-1.911093,1.911093
123.9,-1.910926,1.910926
123.91,-1.910799,1.910799
123.92,-1.910798,1.910798
123.93,-1.910781,1.910781
123.94,-1.910678,1.910678
123.95,-1.91053,1.91053
123.96,-1.910469,1.910469
123.97,-1.910423,1.910423
123.98,-1.910384,1.910384
123.99,-1.910315,1.910315
124.0,-1.910284,1.910284
124.01,-1.91032,1.91032
124.02,-1.910389,1.910389
124.03,-1.910411,1.910411
124.04,-1.910491,1.910491
124.05,-1.910471,1.910471
124.06,-1.910407,1.910407
124.07,-1.91035,1.91035
124.08,-1.910267,1.910267
124.09,-1.910346,1.910346
124.1,-1.910423,1.910423
124.11,-1.910467,1.910467
124.12,-1.910512,1.910512
124.13,-1.910609,1.910609
124.14,-1.910772,1.910772
124.15,-1.910798,1.910798
124.16,-1.910753,1.910753
124.17,-1.910745,1.910745
124.18,-1.910753,1.910753
124.19,-1.910789,1.910789
124.2,-1.910853,1.910853
124.21,-1.910882,1.910882
124.22,-1.910942,1.910942
124.23,-1.911151,1.911151
124.24,-1.911296,1.911296
124.25,-1.911329,1.911329
124.26,-1.911415,1.911415
124.27,-1.911533,1.911533
124.28,-1.911677,1.911677
124.29,-1.911738,1.911738
124.3,-1.91176,1.91176
124.31,-1.911835,1.911835
124.32,-1.911869,1.911869
124.33,-1.911929,1.911929
124.34,-1.911981,1.911981
124.35,-1.911962,1.911962
124.36,-1.912027,1.912027
124.37,-1.912062,1.912062
124.38,-1.911996,1.911996
124.39,-1.911926,1.911926
124.4,-1.911838,1.911838
124.41,-1.911774,1.911774
124.42,-1.911638,1.911638
124.43,-1.911466,1.911466
124.44,-1.911326,1.911326
124.45,-1.911084,1.911084
124.46,-1.910801,1.910801
124.47,-1.910526,1.910526
124.48,-1.910296,1.910296
124.49,-1.910021,1.910021
124.5,-1.909829,1.909829
124.51,-1.909649,1.909649
124.52,-1.90942,1.90942
124.53,-1.909164,1.909164
124.54,-1.908883,1.908883
124.55,-1.908604,1.908604
124.56,-1.908429,1.908429
124.57,-1.908291,1.908291
124.58,-1.908193,1.908193
124.59,-1.908109,1.908109
124.6,-1.908068,1.908068
124.61,-1.908117,1.908117
124.62,-1.908128,1.908128
124.63,-1.908147,1.908147
124.64,-1.908151,1.908151
124.65,-1.908229,1.908229
124.66,-1.908422,1.908422
124.67,-1.908599,1.908599
124.68,-1.908693,1.908693
124.69,-1.908842,1.908842
124.7,-1.909063,1.909063
124.71,-1.909277,1.909277
124.72,-1.909435,1.909435
124.73,-1.909617,1.909617
124.74,-1.909847,1.909847
124.75,-1.91008,1.91008
124.76,-1.910346,1.910346
124.77,-1.91066,1.91066
124.78,-1.910901,1.910901
124.79,-1.911122,1.911122
124.8,-1.911302,1.911302
124.81,-1.911527,1.911527
124.82,-1.911628,1.911628
124.83,-1.911807,1.911807
124.84,-1.912015,1.912015
124.85,-1.912189,1.912189
124.86,-1.912317,1.912317
124.87,-1.912461,1.912461
124.88,-1.912571,1.912571
124.89,-1.912655,1.912655
124.9,-1.912756,1.912756
124.91,-1.912879,1.912879
124.92,-1.912967,1.912967
124.93,-1.913071,1.913071
124.94,-1.913138,1.913138
124.95,-1.913094,1.913094
124.96,-1.913004,1.913004
124.97,-1.913008,1.913008
124.98,-1.913067,1.913067
124.99,-1.913079,1.913079
125.0,-1.91307,1.91307
125.01,-1.913088,1.913088
125.02,-1.913088,1.913088
125.03,-1.912989,1.912989
125.04,-1.912993,1.912993
125.05,-1.913146,1.913146
125.06,-1.913337,1.913337
125.07,-1.913501,1.913501
125.08,-1.91364,1.91364
125.09,-1.913781,1.913781
125.1,-1.914027,1.914027
125.11,-1.914341,1.914341
125.12,-1.914566,1.914566
125.13,-1.91476,1.91476
125.14,-1.914931,1.914931
125.15,-1.915085,1.915085
125.16,-1.915317,1.915317
125.17,-1.91564,1.91564
125.18,-1.916011,1.916011
125.19,-1.916353,1.916353
125.2,-1.916685,1.916685
125.21,-1.916892,1.916892
125.22,-1.916969,1.916969
125.23,-1.917081,1.917081
125.24,-1.917232,1.917232
125.25,-1.917371,1.917371
125.26,-1.91741,1.91741
125.27,-1.917392,1.917392
125.28,-1.917282,1.917282
125.29,-1.917276,1.917276
125.3,-1.917306,1.917306
125.31,-1.917318,1.917318
125.32,-1.917207,1.917207
125.33,-1.917084,1.917084
125.34,-1.916939,1.916939
125.35,-1.916876,1.916876
125.36,-1.916821,1.916821
125.37,-1.916633,1.916633
125.38,-1.916366,1.916366
125.39,-1.916093,1.916093
125.4,-1.915812,1.915812
125.41,-1.915533,1.915533
125.42,-1.915304,1.915304
125.43,-1.91514,1.91514
125.44,-1.914838,1.914838
125.45,-1.914524,1.914524
125.46,-1.914275,1.914275
125.47,-1.914029,1.914029
125.48,-1.913706,1.913706
125.49,-1.913403,1.913403
125.5,-1.91314,1.91314
125.51,-1.912897,1.912897
125.52,-1.912714,1.912714
125.53,-1.912573,1.912573
125.54,-1.912446,1.912446
125.55,-1.912241,1.912241
125.56,-1.912133,1.912133
125.57,-1.912053,1.912053
125.58,-1.911948,1.911948
125.59,-1.911776,1.911776
125.6,-1.91154,1.91154
125.61,-1.91134,1.91134
125.62,-1.911231,1.911231
125.63,-1.911159,1.911159
125.64,-1.911155,1.911155
125.65,-1.911279,1.911279
125.66,-1.911306,1.911306
125.67,-1.911378,1.911378
125.68,-1.911423,1.911423
125.69,-1.911431,1.911431
125.7,-1.911319,1.911319
125.71,-1.911299,1.911299
125.72,-1.911228,1.911228
125.73,-1.911159,1.911159
125.74,-1.911069,1.911069
125.75,-1.911033,1.911033
125.76,-1.910991,1.910991
125.77,-1.910865,1.910865
125.78,-1.910742,1.910742
125.79,-1.910619,1.910619
125.8,-1.910422,1.910422
125.81,-1.910138,1.910138
125.82,-1.909891,1.909891
125.83,-1.909698,1.909698
125.84,-1.909518,1.909518
125.85,-1.90942,1.90942
125.86,-1.909317,1.909317
125.87,-1.909268,1.909268
125.88,-1.909265,1.909265
125.89,-1.909276,1.909276
125.9,-1.909395,1.909395
125.91,-1.909527,1.909527
125.92,-1.90968,1.90968
125.93,-1.909855,1.909855
125.94,-1.909937,1.909937
125.95,-1.910031,1.910031
125.96,-1.910212,1.910212
125.97,-1.910434,1.910434
125.98,-1.910589,1.910589
125.99,-1.910803,1.910803
126.0,-1.911047,1.911047
126.01,-1.9113,1.9113
126.02,-1.911628,1.911628
126.03,-1.911901,1.911901
126.04,-1.912214,1.912214
126.05,-1.91251,1.91251
126.06,-1.912872,1.912872
126.07,-1.913185,1.913185
126.08,-1.91345,1.91345
126.09,-1.913823,1.913823
126.1,-1.914222,1.914222
126.11,-1.914629,1.914629
126.12,-1.915078,1.915078
126.13,-1.915411,1.915411
126.14,-1.915721,1.915721
126.15,-1.916027,1.916027
126.16,-1.916266,1.916266
126.17,-1.91653,1.91653
126.18,-1.916699,1.916699
126.19,-1.916865,1.916865
126.2,-1.917074,1.917074
126.21,-1.917327,1.917327
126.22,-1.91762,1.91762
126.23,-1.917843,1.917843
126.24,-1.918022,1.918022
126.25,-1.918138,1.918138
126.26,-1.91824,1.91824
126.27,-1.918302,1.918302
126.28,-1.918365,1.918365
126.29,-1.918582,1.918582
126.3,-1.91887,1.91887
126.31,-1.919155,1.919155
126.32,-1.919335,1.919335
126.33,-1.919429,1.919429
126.34,-1.919521,1.919521
126.35,-1.919539,1.919539
126.36,-1.91954,1.91954
126.37,-1.919498,1.919498
126.38,-1.919456,1.919456
126.39,-1.919396,1.919396
126.4,-1.919438,1.919438
126.41,-1.919471,1.919471
126.42,-1.919287,1.919287
126.43,-1.919121,1.919121
126.44,-1.918979,1.918979
126.45,-1.918801,1.918801
126.46,-1.918576,1.918576
126.47,-1.918298,1.918298
126.48,-1.918083,1.918083
126.49,-1.917949,1.917949
126.5,-1.917814,1.917814
126.51,-1.917629,1.917629
126.52,-1.91741,1.91741
126.53,-1.917208,1.917208
126.54,-1.916999,1.916999
126.55,-1.916685,1.916685
126.56,-1.916428,1.916428
126.57,-1.916099,1.916099
126.58,-1.915653,1.915653
126.59,-1.915344,1.915344
126.6,-1.915114,1.915114
126.61,-1.914845,1.914845
126.62,-1.914536,1.914536
126.63,-1.914237,1.914237
126.64,-1.91391,1.91391
126.65,-1.913585,1.913585
126.66,-1.913273,1.913273
126.67,-1.913096,1.913096
126.68,-1.912838,1.912838
126.69,-1.912642,1.912642
126.7,-1.912495,1.912495
126.71,-1.912325,1.912325
126.72,-1.912051,1.912051
126.73,-1.911777,1.911777
126.74,-1.911405,1.911405
126.75,-1.911059,1.911059
126.76,-1.910809,1.910809
126.77,-1.910588,1.910588
126.78,-1.910359,1.910359
126.79,-1.910141,1.910141
126.8,-1.909793,1.909793
126.81,-1.9095,1.9095
126.82,-1.909273,1.909273
126.83,-1.909039,1.909039
126.84,-1.908814,1.908814
126.85,-1.90861,1.90861
126.86,-1.908426,1.908426
126.87,-1.908282,1.908282
126.88,-1.908095,1.908095
126.89,-1.907861,1.907861
126.9,-1.907644,1.907644
126.91,-1.907462,1.907462
126.92,-1.907379,1.907379
126.93,-1.907344,1.907344
126.94,-1.907251,1.907251
126.95,-1.907347,1.907347
126.96,-1.90737,1.90737
126.97,-1.907371,1.907371
126.98,-1.907332,1.907332
126.99,-1.90741,1.90741
127.0,-1.907462,1.907462
127.01,-1.907571,1.907571
127.02,-1.907665,1.907665
127.03,-1.907796,1.907796
127.04,-1.907909,1.907909
127.05,-1.908147,1.908147
127.06,-1.908291,1.908291
127.07,-1.908558,1.908558
127.08,-1.908872,1.908872
127.09,-1.909205,1.909205
127.1,-1.909529,1.909529
127.11,-1.909788,1.909788
127.12,-1.909949,1.909949
127.13,-1.910243,1.910243
127.14,-1.910598,1.910598
127.15,-1.910961,1.910961
127.16,-1.911162,1.911162
127.17,-1.911476,1.911476
127.18,-1.911683,1.911683
127.19,-1.911875,1.911875
127.2,-1.912181,1.912181
127.21,-1.912538,1.912538
127.22,-1.912864,1.912864
127.23,-1.913186,1.913186
127.24,-1.913493,1.913493
127.25,-1.913769,1.913769
127.26,-1.914018,1.914018
127.27,-1.914255,1.914255
127.28,-1.914408,1.914408
127.29,-1.9145,1.9145
127.3,-1.914567,1.914567
127.31,-1.914547,1.914547
127.32,-1.914536,1.914536
127.33,-1.914641,1.914641
127.34,-1.914674,1.914674
127.35,-1.91473,1.91473
127.36,-1.914701,1.914701
127.37,-1.91468,1.91468
127.38,-1.914625,1.914625
127.39,-1.914584,1.914584
127.4,-1.914492,1.914492
127.41,-1.914446,1.914446
127.42,-1.914414,1.914414
127.43,-1.914376,1.914376
127.44,-1.91434,1.91434
127.45,-1.91437,1.91437
127.46,-1.91444,1.91444
127.47,-1.91453,1.91453
127.48,-1.914496,1.914496
127.49,-1.914445,1.914445
127.5,-1.914464,1.914464
127.51,-1.914547,1.914547
127.52,-1.914594,1.914594
127.53,-1.914639,1.914639
127.54,-1.914625,1.914625
127.55,-1.914612,1.914612
127.56,-1.914498,1.914498
127.57,-1.914356,1.914356
127.58,-1.914319,1.914319
127.59,-1.914393,1.914393
127.6,-1.914444,1.914444
127.61,-1.914496,1.914496
127.62,-1.914566,1.914566
127.63,-1.914596,1.914596
127.64,-1.914582,1.914582
127.65,-1.914578,1.914578
127.66,-1.91456,1.91456
127.67,-1.914527,1.914527
127.68,-1.914424,1.914424
127.69,-1.914258,1.914258
127.7,-1.914025,1.914025
127.71,-1.913718,1.913718
127.72,-1.913402,1.913402
127.73,-1.913086,1.913086
127.74,-1.912795,1.912795
127.75,-1.912573,1.912573
127.76,-1.912405,1.912405
127.77,-1.912232,1.912232
127.78,-1.911998,1.911998
127.79,-1.911745,1.911745
127.8,-1.911378,1.911378
127.81,-1.910893,1.910893
127.82,-1.910433,1.910433
127.83,-1.909982,1.909982
127.84,-1.909458,1.909458
127.85,-1.908926,1.908926
127.86,-1.90852,1.90852
127.87,-1.908148,1.908148
127.88,-1.907716,1.907716
127.89,-1.907347,1.907347
127.9,-1.906972,1.906972
127.91,-1.906698,1.906698
127.92,-1.906402,1.906402
127.93,-1.906109,1.906109
127.94,-1.905788,1.905788
127.95,-1.905451,1.905451
127.96,-1.905179,1.905179
127.97,-1.905061,1.905061
127.98,-1.904945,1.904945
127.99,-1.904854,1.904854
128.0,-1.904782,1.904782
128.01,-1.90467,1.90467
128.02,-1.90461,1.90461
128.03,-1.90461,1.90461
128.04,-1.904682,1.904682
128.05,-1.904795,1.904795
128.06,-1.904926,1.904926
128.07,-1.905059,1.905059
128.08,-1.905069,1.905069
128.09,-1.905106,1.905106
128.1,-1.905232,1.905232
128.11,-1.905435,1.905435
128.12,-1.905567,1.905567
128.13,-1.905686,1.905686
128.14,-1.90587,1.90587
128.15,-1.906182,1.906182
128.16,-1.906415,1.906415
128.17,-1.906744,1.906744
128.18,-1.90707,1.90707
128.19,-1.907416,1.907416
128.2,-1.90769,1.90769
128.21,-1.907956,1.907956
128.22,-1.908241,1.908241
128.23,-1.908531,1.908531
128.24,-1.908779,1.908779
128.25,-1.909061,1.909061
128.26,-1.909236,1.909236
128.27,-1.909425,1.909425
128.28,-1.909672,1.909672
128.29,-1.909979,1.909979
128.3,-1.910231,1.910231
128.31,-1.910552,1.910552
128.32,-1.910916,1.910916
128.33,-1.911229,1.911229
128.34,-1.911433,1.911433
128.35,-1.911697,1.911697
128.36,-1.911957,1.911957
128.37,-1.912154,1.912154
128.38,-1.912342,1.912342
128.39,-1.912587,1.912587
128.4,-1.912745,1.912745
128.41,-1.912862,1.912862
128.42,-1.912916,1.912916
128.43,-1.913004,1.913004
128.44,-1.913154,1.913154
128.45,-1.913312,1.913312
128.46,-1.913368,1.913368
128.47,-1.913473,1.913473
128.48,-1.913453,1.913453
128.49,-1.913368,1.913368
128.5,-1.913319,1.913319
128.51,-1.913246,1.913246
128.52,-1.913047,1.913047
128.53,-1.91273,1.91273
128.54,-1.912441,1.912441
128.55,-1.912168,1.912168
128.56,-1.911929,1.911929
128.57,-1.911674,1.911674
128.58,-1.911368,1.911368
128.59,-1.911057,1.911057
128.6,-1.910747,1.910747
128.61,-1.910439,1.910439
128.62,-1.910159,1.910159
128.63,-1.909809,1.909809
128.64,-1.90946,1.90946
128.65,-1.909119,1.909119
128.66,-1.908785,1.908785
128.67,-1.908533,1.908533
128.68,-1.90819,1.90819
128.69,-1.907918,1.907918
128.7,-1.907611,1.907611
128.71,-1.907341,1.907341
128.72,-1.906983,1.906983
128.73,-1.906697,1.906697
128.74,-1.906417,1.906417
128.75,-1.906148,1.906148
128.76,-1.905862,1.905862
128.77,-1.905545,1.905545
128.78,-1.905248,1.905248
128.79,-1.90503,1.90503
128.8,-1.904702,1.904702
128.81,-1.904349,1.904349
128.82,-1.903951,1.903951
128.83,-1.903587,1.903587
128.84,-1.903155,1.903155
128.85,-1.902718,1.902718
128.86,-1.902248,1.902248
128.87,-1.901843,1.901843
128.88,-1.901532,1.901532
128.89,-1.901203,1.901203
128.9,-1.900768,1.900768
128.91,-1.900333,1.900333
128.92,-1.899984,1.899984
128.93,-1.899675,1.899675
128.94,-1.899316,1.899316
128.95,-1.898978,1.898978
128.96,-1.89858,1.89858
128.97,-1.898237,1.898237
128.98,-1.897954,1.897954
128.99,-1.897739,1.897739
129.0,-1.89749,1.89749
129.01,-1.897228,1.897228
129.02,-1.896963,1.896963
129.03,-1.896792,1.896792
129.04,-1.896639,1.896639
129.05,-1.896507,1.896507
129.06,-1.896352,1.896352
129.07,-1.896304,1.896304
129.08,-1.89622,1.89622
129.09,-1.896125,1.896125
129.1,-1.896045,1.896045
129.11,-1.895975,1.895975
129.12,-1.895893,1.895893
129.13,-1.895768,1.895768
129.14,-1.895598,1.895598
129.15,-1.895546,1.895546
129.16,-1.895598,1.895598
129.17,-1.895613,1.895613
129.18,-1.895659,1.895659
129.19,-1.895753,1.895753
129.2,-1.895902,1.895902
129.21,-1.896115,1.896115
129.22,-1.896314,1.896314
129.23,-1.896488,1.896488
129.24,-1.89669,1.89669
129.25,-1.89694,1.89694
129.26,-1.897218,1.897218
129.27,-1.897472,1.897472
129.28,-1.897748,1.897748
129.29,-1.898049,1.898049
129.3,-1.898356,1.898356
129.31,-1.898654,1.898654
129.32,-1.898889,1.898889
129.33,-1.899086,1.899086
129.34,-1.899293,1.899293
129.35,-1.899496,1.899496
129.36,-1.899696,1.899696
129.37,-1.899882,1.899882
129.38,-1.90004,1.90004
129.39,-1.900199,1.900199
129.4,-1.900359,1.900359
129.41,-1.900416,1.900416
129.42,-1.900452,1.900452
129.43,-1.900512,1.900512
129.44,-1.900583,1.900583
129.45,-1.900681,1.900681
129.46,-1.90082,1.90082
129.47,-1.900911,1.900911
129.48,-1.90101,1.90101
129.49,-1.901073,1.901073
129.5,-1.901029,1.901029
129.51,-1.900983,1.900983
129.52,-1.901096,1.901096
129.53,-1.901257,1.901257
129.54,-1.901448,1.901448
129.55,-1.901639,1.901639
129.56,-1.901754,1.901754
129.57,-1.901746,1.901746
129.58,-1.901812,1.901812
129.59,-1.901879,1.901879
129.6,-1.902011,1.902011
129.61,-1.902106,1.902106
129.62,-1.902241,1.902241
129.63,-1.902312,1.902312
129.64,-1.902407,1.902407
129.65,-1.902488,1.902488
129.66,-1.902516,1.902516
129.67,-1.902472,1.902472
129.68,-1.902512,1.902512
129.69,-1.902508,1.902508
129.7,-1.902638,1.902638
129.71,-1.902656,1.902656
129.72,-1.902648,1.902648
129.73,-1.902618,1.902618
129.74,-1.902524,1.902524
129.75,-1.902377,1.902377
129.76,-1.902284,1.902284
129.77,-1.90214,1.90214
129.78,-1.902023,1.902023
129.79,-1.901854,1.901854
129.8,-1.901675,1.901675
129.81,-1.901361,1.901361
129.82,-1.901132,1.901132
129.83,-1.900899,1.900899
129.84,-1.900635,1.900635
129.85,-1.900303,1.900303
129.86,-1.89993,1.89993
129.87,-1.899546,1.899546
129.88,-1.899247,1.899247
129.89,-1.899004,1.899004
129.9,-1.898731,1.898731
129.91,-1.898386,1.898386
129.92,-1.898183,1.898183
129.93,-1.897924,1.897924
129.94,-1.897609,1.897609
129.95,-1.897287,1.897287
129.96,-1.897025,1.897025
129.97,-1.896781,1.896781
129.98,-1.896576,1.896576
129.99,-1.896342,1.896342
130.0,-1.896183,1.896183
